eft_id,transaction_date,amount,explanation,sender_account_id,receiver_account_id,batch_id,source_system
1000555,2026-04-04,435723.09,Tesla Motorsiklet Servisi bakım ücreti,GB326245750810,GB149853786850,B20260404-169,SWIFT_GATEWAY
1000256,2025-06-07,498371.77,Bnf:GOOG LLC|OrdCust:S797091037477|Msg:346084,TR292031976327,TR557302214909,B20250607-019,CORE_BANKING
1000575,2025-05-22,107138.81,GGL yapı market sipariş ödemesi; ref 147876,US307282505580,TR927274819250,B20250522-173,MOBILE_BANKING
1000456,2025-02-10,266383.80,MICRO SOFT tekstil ürünleri toptan alımı,DE783519017647,IN419044760674,B20250210-482,INTERNET_BANKING
1000308,2025-05-02,937935.53,"Kurumsal tedarikçi ödemesi Amazon Tech Inc, açıklama kodu 167578 masraf dahil",TR206709708841,US494572971379,B20250502-011,SWIFT_GATEWAY
1000182,2025-11-08,96809.04,Invoice payment to Aple Incorporatd; ref:713589 kur farkı ve vergi dahil,GB922135497763,IE605053477779,B20251108-105,INTERNET_BANKING
1000077,2025-03-20,624511.84,Subscription renewal for Finspıre Solutıons Private Limited; account AC557514285299,TR678595479561,US287564114617,B20250320-790,INTERNET_BANKING
1000046,2026-04-05,247465.94,Invoice payment to Finspire Solns P. Ltd.; ref:547378,DE635139502212,IE669638779990,B20260405-837,BRANCH
1000138,2025-11-12,658077.98,Bnf:M.S. Corporation|OrdCust:S496624517111|Msg:665365 kur farkı ve vergi dahil,DE280403315301,TR732318236543,B20251112-398,SWIFT_GATEWAY
1000135,2025-07-16,697252.84,Mal ve hizmet alımı - MEPL - EFT referansı 662728 / açıklama otomatik oluşturuldu,GB104226404298,IN236469154021,B20250716-570,MOBILE_BANKING
1000413,2025-07-17,614862.19,Oracle-Corporation adına hizmet bedeli / sözleşme no 603693,TR212603555646,IE101209246773,B20250717-772,CORE_BANKING
1000167,2025-10-03,423991.50,"Kurumsal tedarikçi ödemesi M.S. Corporation, açıklama kodu 221142 beneficiary bank verified",TR590547761762,IE211691447322,B20251003-777,SWIFT_GATEWAY
1000140,2025-07-08,845086.51,Mal ve hizmet alımı - Microsft Corporatoin - EFT referansı 265087 kur farkı ve vergi dahil,DE138623527052,IN842803729779,B20250708-337,BRANCH
1000365,2025-10-16,295405.63,Müşteri açıklaması: lBM Corporation faturası ödendi. REF 565741,DE558058196421,US533245983496,B20251016-799,BRANCH
1000539,2025-09-13,246382.83,Tesla Motorsiklet Servisi bakım ücreti,DE479783078362,GB303704639494,B20250913-424,BRANCH
1000001,2026-03-19,812956.43,Müşteri açıklaması: India-Forensic Services (P) Ltd. faturası ödendi. REF 289962,DE126228477008,IE850145635107,B20260319-333,INTERNET_BANKING
1000461,2025-12-16,293397.95,Elma Incir Gıda Ltd ürün faturası,DE354668284060,TR548256405279,B20251216-483,SWIFT_GATEWAY
1000243,2025-08-10,870648.86,Subscription renewal for GGL L.L.C.; account AC557180226647,GB193039676476,IN406238730039,B20250810-963,CORE_BANKING
1000018,2025-03-14,205875.97,Subscription renewal for indiaforensicservicespvtltd; account AC914039243933 kur farkı ve vergi dahil,US387245099824,IN602086076535,B20250314-136,CORE_BANKING
1000198,2025-06-30,658676.17,PAYMENT//Inc Apple//INV-558964//URGENT ödeme tipi: ticari,IN365268465201,GB841277410210,B20250630-229,MOBILE_BANKING
1000103,2025-11-16,53482.94,SWIFT transfer beneficiary=Mehar Entertainmnt Private Lmtd payment details 927294,IN970922972726,GB281335773307,B20251116-776,BRANCH
1000264,2025-04-19,735469.59,Invoice payment to Google LLC; ref:238183,IN926513671162,IN423497711635,B20250419-771,BRANCH
1000085,2025-07-27,576378.23,Ödeme alıcısı Finspire Solutions Pvt Ltd; gönderici notu: işlem tamamlandı,IN584754111596,IN769111926631,B20250727-944,CORE_BANKING
1000568,2025-10-27,380130.99,IBM uyumlu klavye satın alımı,TR808609409629,TR262998916225,B20251027-963,MOBILE_BANKING
1000363,2026-05-10,907470.72,Subscription renewal for IBN Corporaton; account AC108892015534,US806929538537,TR996334977014,B20260510-429,BRANCH
1000473,2025-11-06,341406.16,"Oracle veritabanı kurs ücreti, alıcı Eğitim Akademisi",GB705351118079,IN858274256188,B20251106-390,BRANCH
1000596,2025-09-14,267384.85,Tesla Motorsiklet Servisi bakım ücreti; ref 632379,GB417335369603,GB535033461883,B20250914-379,INTERNET_BANKING
1000102,2025-04-11,826132.17,Mal ve hizmet alımı - Méhar Entertainment Private Limited - EFT referansı 734524,US698484678691,US556497298708,B20250411-455,INTERNET_BANKING
1000311,2025-06-11,518104.54,Amazon Tech Inc adına hizmet bedeli / sözleşme no 603427,IN871277279666,IE376785147282,B20250611-962,BRANCH
1000569,2025-04-01,282229.65,GGL yapı market sipariş ödemesi; ref 816926,IN468596030429,IE591951391520,B20250401-080,INTERNET_BANKING
1000237,2025-07-04,277862.60,Yazılım lisans ödemesi: G**gle LLC - dönem 12/2026,US649062212679,US198456044225,B20250704-613,BRANCH
1000381,2026-02-13,119601.46,"Kurumsal tedarikçi ödemesi ibmcorporation, açıklama kodu 425091 NOT: şirket adı kısaltılmış olabilir",TR693838891987,IE110408194248,B20260213-599,INTERNET_BANKING
1000507,2025-10-16,404283.37,Microsoft Office eğitimi katılım ücreti,IN864390744524,TR550681874283,B20251016-749,INTERNET_BANKING
1000517,2026-04-29,351371.94,"Oracle veritabanı kurs ücreti, alıcı Eğitim Akademisi; ref 352071",GB850983301316,GB421050095159,B20260429-587,BRANCH
1000099,2025-02-17,636836.46,Ödeme alıcısı Mehar Ent. P Ltd; gönderici notu: işlem tamamlandı masraf dahil,TR376515575720,IN253357604159,B20250217-043,SWIFT_GATEWAY
1000548,2025-07-26,212841.11,Tesla Motorsiklet Servisi bakım ücreti; ref 165375,TR481014314918,US594233227506,B20250726-452,INTERNET_BANKING
1000172,2025-10-07,101087.65,Mıcrosоft Corporation adına hizmet bedeli / sözleşme no 990508 / açıklama otomatik oluşturuldu,GB998959525059,GB922330929306,B20251007-509,MOBILE_BANKING
1000361,2026-02-24,909922.94,Bnf:IBM Corporation|OrdCust:S368014470229|Msg:192628,TR742043683577,GB573433649972,B20260224-054,CORE_BANKING
1000031,2025-02-28,869960.36,Yazılım lisans ödemesi: Indiaforensic Servces Pvt Lmt - dönem 05/2026 NOT: şirket adı kısaltılmış olabilir,GB372786466233,GB841807124186,B20250228-150,CORE_BANKING
1000232,2025-06-19,749731.58,"Bnf:Google, L.L.C.|OrdCust:S808869349527|Msg:202532",GB424554564392,IN624826144628,B20250619-494,BRANCH
1000228,2026-02-21,880559.83,PAYMENT//Googlé LLC//INV-203687//URGENT,DE617625054283,GB314316950504,B20260221-913,MOBILE_BANKING
1000594,2025-03-31,19874.94,APL lojistik taşıma bedeli,GB653138179463,IN859016084866,B20250331-643,MOBILE_BANKING
1000467,2025-01-31,27136.67,Microsoft Office eğitimi katılım ücreti; ref 102064,DE673055606654,GB408650274567,B20250131-697,MOBILE_BANKING
1000195,2026-02-18,55227.39,Invoice payment to APP LE INC; ref:176973,GB418051308091,IN579860458569,B20260218-729,BRANCH
1000359,2026-05-28,824662.55,Tesla Motors Limited adına hizmet bedeli / sözleşme no 204446 masraf dahil,TR973979068922,GB545947431742,B20260528-983,CORE_BANKING
1000468,2025-02-15,301302.05,Mehar düğün eğlence organizasyonu kapora; ref 649115,GB949754252068,IN269383340289,B20250215-197,INTERNET_BANKING
1000175,2025-12-29,713212.52,Microsoft Corp. adına hizmet bedeli / sözleşme no 712856,GB650111537799,TR413836123850,B20251229-514,MOBILE_BANKING
1000477,2025-06-23,180424.55,Oracle Cafe yemek organizasyonu avansı; ref 701704,IN298855713541,IN701984167151,B20250623-059,INTERNET_BANKING
1000262,2025-06-10,185363.24,"Google, L.L.C. adına hizmet bedeli / sözleşme no 144397 müşteri tarafından serbest metin girildi",TR984220255875,IN661010110050,B20250610-850,SWIFT_GATEWAY
1000444,2025-02-04,677892.41,Müşteri açıklaması: Corporation Oracle faturası ödendi. REF 832796,GB592494563344,GB275440858563,B20250204-013,BRANCH
1000591,2025-06-03,448654.18,M.S. Corporation ifadesi yalnızca dahili proje kodudur,US974774266420,US995080993145,B20250603-961,INTERNET_BANKING
1000070,2025-06-08,333200.82,"Kurumsal tedarikçi ödemesi Finspire-Solutions (Pvt.) Ltd., açıklama kodu 675476",TR340756404508,TR494426916769,B20250608-544,CORE_BANKING
1000180,2025-06-12,125772.46,Yazılım lisans ödemesi: Corporation Microsoft - dönem 02/2024 beneficiary bank verified,DE205789926615,US510961004195,B20250612-748,INTERNET_BANKING
1000214,2026-01-27,603378.68,Invoice payment to Apple Inc; ref:547109,TR836862700373,US886073803697,B20260127-813,INTERNET_BANKING
1000225,2026-04-11,744942.41,"Kurumsal tedarikçi ödemesi AAPL Inc., açıklama kodu 381829 müşteri tarafından serbest metin girildi",GB614704315733,IN587378714676,B20260411-974,CORE_BANKING
1000269,2026-06-30,95048.69,"Settlement related to GGL L.L.C., contract #693869",US113134272971,IN108903751276,B20260630-480,MOBILE_BANKING
1000282,2025-09-29,760951.00,Amazоn Technologıes Inc adına hizmet bedeli / sözleşme no 389099,DE558761619969,IE416439368461,B20250929-834,SWIFT_GATEWAY
1000515,2025-06-04,265734.86,Finansal ilham çözümleri danışmanlık ödemesi; ref 110879,GB702994223568,IN465549066252,B20250604-750,BRANCH
1000007,2025-10-30,596927.13,Bnf:İndiaforensic Servicés Pvt Ltd|OrdCust:S196277029221|Msg:887375 ödeme tipi: ticari,US504881676939,IN338200943242,B20251030-788,CORE_BANKING
1000115,2025-09-18,839729.01,Müşteri açıklaması: meharentertainmentprivatelimited faturası ödendi. REF 439957 beneficiary bank verified,GB757224792380,GB656286023244,B20250918-569,INTERNET_BANKING
1000415,2026-03-21,810952.06,Müşteri açıklaması: oraclecorporation faturası ödendi. REF 428065 ödeme tipi: ticari,IN995050059703,US658374243209,B20260321-111,BRANCH
1000562,2025-06-30,237456.69,Apple ve armut meyve siparişi ödemesi; ref 562091,GB142601503339,IE278965310804,B20250630-810,SWIFT_GATEWAY
1000597,2026-04-10,90924.60,APL lojistik taşıma bedeli; ref 556633,IN645931610701,TR740316528563,B20260410-823,SWIFT_GATEWAY
1000177,2025-06-09,376114.47,"Kurumsal tedarikçi ödemesi Microsft Corporatoin, açıklama kodu 235670",IN914786153329,TR654109973221,B20250609-147,BRANCH
1000428,2026-06-22,27309.91,Mal ve hizmet alımı - Oracle-Corporation - EFT referansı 581263 NOT: şirket adı kısaltılmış olabilir,GB443071768516,IN447644325142,B20260622-427,BRANCH
1000540,2025-03-16,196507.74,GGL yapı market sipariş ödemesi,US515120973451,US359111670115,B20250316-417,MOBILE_BANKING
1000582,2026-06-24,62123.18,Elma Incir Gıda Ltd ürün faturası,GB134712103932,US644662090310,B20260624-290,CORE_BANKING
1000030,2025-01-04,52424.09,PAYMENT//INDIA FORENSIC SERVICES PVT LTD//INV-559734//URGENT,DE364385107988,TR764509783516,B20250104-353,CORE_BANKING
1000226,2026-06-23,395088.21,googlellc adına hizmet bedeli / sözleşme no 745726,IN210583772750,TR789513845710,B20260623-682,SWIFT_GATEWAY
1000300,2025-10-10,620181.83,Subscription renewal for ATI Inc.; account AC100630228454 beneficiary bank verified,DE180575320079,IN809669991013,B20251010-533,MOBILE_BANKING
1000080,2026-07-04,845442.09,"Kurumsal tedarikçi ödemesi Finspire Solutons Pvt Lmtd, açıklama kodu 533317",US441899294236,US140441818016,B20260704-652,SWIFT_GATEWAY
1000146,2025-01-31,671622.25,Invoice payment to Microsft Corporatoin; ref:560342,TR564487879465,TR529588716732,B20250131-268,SWIFT_GATEWAY
1000055,2025-04-07,528528.76,SWIFT transfer beneficiary=Solutions Finspire Private Limited payment details 769642,IN561614944841,GB924669772904,B20250407-377,BRANCH
1000478,2025-07-02,143592.86,Amazon ormanları yardım kampanyası bağışı; ref 544387,IN304333454935,IN303863541781,B20250702-399,MOBILE_BANKING
1000370,2026-05-05,202149.32,Yazılım lisans ödemesi: IBM Corp. - dönem 01/2024,TR735110173994,IE396874587952,B20260505-683,SWIFT_GATEWAY
1000514,2026-02-26,115441.23,MICRO SOFT tekstil ürünleri toptan alımı; ref 755292,TR550646573168,TR929673280604,B20260226-593,MOBILE_BANKING
1000553,2025-09-25,290608.36,Oracle Cafe yemek organizasyonu avansı; ref 709526,US142075050751,US676349659438,B20250925-601,MOBILE_BANKING
1000521,2026-04-17,29655.50,M.S. Corporation ifadesi yalnızca dahili proje kodudur,GB697674148819,IE285030266308,B20260417-397,BRANCH
1000498,2026-02-23,401642.04,Go Ogle Optik mağazası ürün ödemesi,TR640228270088,US658131138280,B20260223-167,CORE_BANKING
1000578,2025-05-18,320013.58,"Oracle veritabanı kurs ücreti, alıcı Eğitim Akademisi; ref 218846",TR852259902178,US524575543820,B20250518-275,CORE_BANKING
1000112,2026-05-16,519630.12,PAYMENT//Mehar-Entertainment (Private) Ltd.//INV-709547//URGENT NOT: şirket adı kısaltılmış olabilir,GB154293533344,US690927327830,B20260516-186,SWIFT_GATEWAY
1000144,2025-12-12,175395.91,Ödeme alıcısı Corporation Microsoft; gönderici notu: işlem tamamlandı,IN300177775406,GB942422650851,B20251212-201,CORE_BANKING
1000447,2026-05-24,87692.48,Mal ve hizmet alımı - oraclecorporation - EFT referansı 920181,DE622269284223,US657106601988,B20260524-571,BRANCH
1000490,2025-03-24,367855.39,India forensic analysis konferans kayıt ücreti,TR856572459778,GB423599742359,B20250324-406,SWIFT_GATEWAY
1000116,2025-02-03,727834.65,Mal ve hizmet alımı - Méhar Entertainment Private Limited - EFT referansı 769593,TR319574589292,IN804021091823,B20250203-342,MOBILE_BANKING
1000251,2025-05-19,405881.69,SWIFT transfer beneficiary=GOOG LLC payment details 790202,DE645271070231,TR966944225483,B20250519-463,INTERNET_BANKING
1000377,2025-07-06,839978.81,Ödeme alıcısı I B M CORPORATION; gönderici notu: işlem tamamlandı,GB419120123941,IE492554761854,B20250706-154,SWIFT_GATEWAY
1000409,2025-09-07,11076.36,Оracle Corporation adına hizmet bedeli / sözleşme no 814758 ödeme tipi: ticari,TR437682956451,TR883126853192,B20250907-766,SWIFT_GATEWAY
1000354,2025-10-13,399845.44,"Kurumsal tedarikçi ödemesi Tesla Motors Limited, açıklama kodu 716971 / açıklama otomatik oluşturuldu",IN424846199245,IE392397041795,B20251013-114,MOBILE_BANKING
1000350,2025-09-18,73024.34,"Settlement related to Tesla Motors Ltd, contract #618799",US177894543603,IE953121655310,B20250918-654,MOBILE_BANKING
1000241,2025-10-29,415511.79,Yazılım lisans ödemesi: GOO GLE LLC - dönem 03/2024,TR363543140755,US693744100441,B20251029-789,SWIFT_GATEWAY
1000586,2025-01-08,38740.48,Elma Incir Gıda Ltd ürün faturası,US965169120392,TR733589426156,B20250108-493,CORE_BANKING
1000564,2026-07-11,62663.46,Finansal ilham çözümleri danışmanlık ödemesi; ref 721840,GB737658086510,IE449592290026,B20260711-891,BRANCH
1000288,2026-06-08,526438.49,Subscription renewal for Amazon Technologies Incorporated; account AC383788016723,GB272558685204,IE133948679922,B20260608-212,SWIFT_GATEWAY
1000271,2025-06-02,835982.46,Subscription renewal for Amazon Tech Inc; account AC780618491077 beneficiary bank verified,US274306461021,GB211221441185,B20250602-216,CORE_BANKING
1000362,2026-05-08,560831.56,Müşteri açıklaması: Corporation IBM faturası ödendi. REF 310094 / açıklama otomatik oluşturuldu,GB758850404838,GB650311990012,B20260508-310,BRANCH
1000106,2026-03-16,643957.43,Invoice payment to Mehar Entertainment Pvt Ltd; ref:732138 ödeme tipi: ticari,DE789633218843,GB847855319273,B20260316-631,INTERNET_BANKING
1000395,2025-08-11,831018.49,PAYMENT//IBN Corporaton//INV-220954//URGENT,US248967805081,IN727041566297,B20250811-378,INTERNET_BANKING
1000036,2025-04-21,844704.84,Indiaforensic Svcs P Ltd adına hizmet bedeli / sözleşme no 778771,US391261013207,IE777186897264,B20250421-129,BRANCH
1000024,2025-11-08,564090.66,"Kurumsal tedarikçi ödemesi IFS Pvt. Ltd., açıklama kodu 384617 / açıklama otomatik oluşturuldu",IN572227136048,TR446091204285,B20251108-550,INTERNET_BANKING
1000400,2025-07-25,941845.04,PAYMENT//IBM-Corporation//INV-500495//URGENT / açıklama otomatik oluşturuldu,TR736673928046,TR609813254892,B20250725-511,INTERNET_BANKING
1000356,2025-10-29,761498.34,Yazılım lisans ödemesi: TesIa Motors Ltd - dönem 03/2026,TR721955974853,TR895242849198,B20251029-535,BRANCH
1000494,2025-06-29,469387.56,Oracle Cafe yemek organizasyonu avansı; ref 908248,IN240235834350,US635677858740,B20250629-535,CORE_BANKING
1000040,2025-11-14,715489.58,"Settlement related to Indiaforensic Svcs P Ltd, contract #334364",TR891887019374,IE341318437662,B20251114-327,MOBILE_BANKING
1000343,2025-11-24,179320.86,Ödeme alıcısı teslamotorslimited; gönderici notu: işlem tamamlandı kur farkı ve vergi dahil,US713721615598,GB180006627457,B20251124-420,INTERNET_BANKING
1000117,2025-03-17,879983.44,PAYMENT//Mehar-Entertainment (Private) Ltd.//INV-404042//URGENT,TR404460475646,IN540015520974,B20250317-031,INTERNET_BANKING
1000481,2026-03-19,286480.04,Go Ogle Optik mağazası ürün ödemesi; ref 169000,US356082973154,US931607925148,B20260319-437,BRANCH
1000215,2025-11-26,566272.73,"Settlement related to Applé Inc, contract #639579",US120506673802,IE653368849681,B20251126-099,BRANCH
1000078,2026-04-29,727805.23,Finspire Solutons Pvt Lmtd adına hizmet bedeli / sözleşme no 363152,GB960928562221,IE824731720772,B20260429-202,MOBILE_BANKING
1000290,2026-03-21,43392.11,Yazılım lisans ödemesi: amazontechnologiesinc - dönem 11/2026,US509741087518,US781026326665,B20260321-642,CORE_BANKING
1000411,2025-04-08,777081.09,Invoice payment to Oracle Corp.; ref:639785,DE899357994941,TR125551793838,B20250408-634,INTERNET_BANKING
1000003,2025-07-10,473248.30,PAYMENT//Indiaforensıc Servıces Pvt Ltd//INV-457840//URGENT,US581007586058,TR869491421330,B20250710-005,SWIFT_GATEWAY
1000552,2026-06-18,54066.30,Oracle Cafe yemek organizasyonu avansı,US512693477899,GB704918213153,B20260618-074,MOBILE_BANKING
1000460,2025-06-26,406236.44,IBM uyumlu klavye satın alımı; ref 292105,GB360234067306,GB402332217667,B20250626-048,CORE_BANKING
1000410,2026-05-22,624000.58,Müşteri açıklaması: Oraclé Corporation faturası ödendi. REF 586148 ödeme tipi: ticari,DE805607877771,US539425121002,B20260522-136,SWIFT_GATEWAY
1000459,2026-06-20,316255.87,International Business Machines kitabı sipariş bedeli,GB379495665201,GB773030635467,B20260620-604,SWIFT_GATEWAY
1000291,2025-03-12,839762.09,"Settlement related to Amazon Technologiés Inc, contract #869651",TR989656116631,TR379466628499,B20250312-932,INTERNET_BANKING
1000348,2025-12-04,188654.11,Ödeme alıcısı teslamotorslimited; gönderici notu: işlem tamamlandı,TR709698270922,IE278004414763,B20251204-843,MOBILE_BANKING
1000375,2025-04-22,423801.10,Subscription renewal for International Business Machines Corp; account AC238729173896 beneficiary bank verified,IN551746762960,TR856210974561,B20250422-678,SWIFT_GATEWAY
1000217,2025-02-17,875178.65,Mal ve hizmet alımı - Aple Incorporatd - EFT referansı 935384,DE468118923050,GB352589063489,B20250217-712,MOBILE_BANKING
1000433,2026-03-06,31137.86,Bnf:ORC Corporation|OrdCust:S933834347396|Msg:114557,US753864404098,GB283715414384,B20260306-247,INTERNET_BANKING
1000245,2026-06-26,675558.17,Yazılım lisans ödemesi: G**gle LLC - dönem 01/2025 ödeme tipi: ticari,TR735366632958,US483376989172,B20260626-036,MOBILE_BANKING
1000015,2026-02-09,187691.78,Yazılım lisans ödemesi: Indiaforensic Svcs P Ltd - dönem 09/2024,TR212854213420,IN790626622150,B20260209-960,CORE_BANKING
1000039,2026-07-04,174138.59,Müşteri açıklaması: Indiaforensıc Servıces Pvt Ltd faturası ödendi. REF 989863,TR765358411416,TR123612154139,B20260704-275,INTERNET_BANKING
1000006,2025-04-27,686288.33,Mal ve hizmet alımı - Services Indiaforensic Pvt Ltd - EFT referansı 795877,DE757145137787,GB122434510797,B20250427-418,SWIFT_GATEWAY
1000147,2025-07-26,543667.63,"Kurumsal tedarikçi ödemesi Microsoft Corp., açıklama kodu 325197 / açıklama otomatik oluşturuldu",US121571195526,IN379786691146,B20250726-467,SWIFT_GATEWAY
1000255,2026-01-25,609514.98,Bnf:GOOG LLC|OrdCust:S825544527122|Msg:312561,TR543170394073,US327659714553,B20260125-579,CORE_BANKING
1000231,2025-02-06,57269.29,SWIFT transfer beneficiary=Googlé LLC payment details 464675 masraf dahil,DE797862835822,IN215017899465,B20250206-313,INTERNET_BANKING
1000156,2026-05-10,697248.16,"Kurumsal tedarikçi ödemesi Microsoft Corporation, açıklama kodu 173256 müşteri tarafından serbest metin girildi",IN609174547690,IN904401088106,B20260510-844,MOBILE_BANKING
1000550,2026-03-06,119753.23,Oracle Cafe yemek organizasyonu avansı,TR395969851787,IE500503676777,B20260306-733,SWIFT_GATEWAY
1000265,2025-02-18,41256.68,"Kurumsal tedarikçi ödemesi Google, L.L.C., açıklama kodu 271445",US210414948685,IE460619600615,B20250218-874,CORE_BANKING
1000424,2026-06-19,623517.79,Subscription renewal for Oraclé Corporation; account AC361438562727 / açıklama otomatik oluşturuldu,GB973440846033,GB187752115685,B20260619-534,MOBILE_BANKING
1000505,2026-07-12,195391.02,India forensic analysis konferans kayıt ücreti,DE931531082288,US355563239871,B20260712-852,BRANCH
1000442,2025-08-22,279059.51,SWIFT transfer beneficiary=O**cle Corp. payment details 702246 kur farkı ve vergi dahil,IN289129050797,GB549346220339,B20250822-511,MOBILE_BANKING
1000158,2025-08-22,284662.82,"Kurumsal tedarikçi ödemesi Microsft Corporatoin, açıklama kodu 203285",IN925684274438,US533749988392,B20250822-482,INTERNET_BANKING
1000033,2025-04-16,719966.61,Bnf:INDIA FORENSIC SERVICES PVT LTD|OrdCust:S675982415182|Msg:469977,US355564926086,IN883004254970,B20250416-602,CORE_BANKING
1000588,2025-10-23,53137.76,Mehar düğün eğlence organizasyonu kapora,DE485510118610,IN456474485784,B20251023-914,SWIFT_GATEWAY
1000545,2026-05-27,184713.03,Tesla Motorsiklet Servisi bakım ücreti,DE501284968839,US832014193273,B20260527-240,INTERNET_BANKING
1000016,2025-02-12,503596.71,SWIFT transfer beneficiary=indiaforensicservicespvtltd payment details 236464 müşteri tarafından serbest metin girildi,DE169145039283,IE657214609852,B20250212-016,MOBILE_BANKING
1000470,2026-05-04,320245.61,International Business Machines kitabı sipariş bedeli,DE189127044842,IN377926128003,B20260504-175,INTERNET_BANKING
1000506,2026-06-24,70238.15,IBM uyumlu klavye satın alımı; ref 683521,IN655709654580,IN183779424494,B20260624-482,MOBILE_BANKING
1000124,2025-01-21,253523.38,PAYMENT//ME HAR ENTERTAINMENT PVT LTD//INV-602893//URGENT,DE167266025239,IE443884320876,B20250121-483,BRANCH
1000278,2025-08-14,5417.27,"Kurumsal tedarikçi ödemesi Amzon Technolgies Inc, açıklama kodu 181062",IN362807307135,IN691052340392,B20250814-043,SWIFT_GATEWAY
1000332,2026-02-16,851563.79,"Müşteri açıklaması: Tesla-Motors, Ltd. faturası ödendi. REF 361285",GB986219519396,TR192426214529,B20260216-915,SWIFT_GATEWAY
1000119,2025-05-11,905502.05,Yazılım lisans ödemesi: MHR Entertainment P Ltd - dönem 10/2024,GB869511084686,IE945575313297,B20250511-961,INTERNET_BANKING
1000230,2025-04-23,524508.83,Yazılım lisans ödemesi: Googel LCC - dönem 09/2024,DE314769929985,TR954252484971,B20250423-058,BRANCH
1000034,2025-10-15,212094.72,Invoice payment to Indiaforensic Servces Pvt Lmt; ref:239659,GB472835063583,IE537651868262,B20251015-565,SWIFT_GATEWAY
1000110,2025-09-14,480191.20,"Settlement related to Mehar Entertaınment Pvt Ltd, contract #192576 ödeme tipi: ticari",IN988431684548,IN479220214354,B20250914-217,CORE_BANKING
1000152,2025-05-22,706611.32,Invoice payment to Microsoft Corporation; ref:864977,GB468283320604,GB446321883253,B20250522-725,BRANCH
1000483,2025-10-28,290285.41,International Business Machines kitabı sipariş bedeli,US603687847707,IE922736741980,B20251028-996,SWIFT_GATEWAY
1000174,2025-05-11,276124.14,Invoice payment to Microsoft Corporation; ref:622455,GB514442072867,TR692457795071,B20250511-709,CORE_BANKING
1000296,2025-02-27,408197.25,Bnf:Amazon Technologies Incorporated|OrdCust:S761017118747|Msg:893181,GB804438886862,US916378982727,B20250227-316,CORE_BANKING
1000210,2026-04-04,418801.80,Aple Incorporatd adına hizmet bedeli / sözleşme no 852695,US715468684086,IE843279801052,B20260404-737,CORE_BANKING
1000329,2025-05-28,512662.81,SWIFT transfer beneficiary=Motors Tesla Limited payment details 172362,TR875189434258,IE759966231084,B20250528-688,BRANCH
1000148,2026-01-17,875331.49,Yazılım lisans ödemesi: M.S. Corporation - dönem 02/2025,GB631107302488,TR704774086096,B20260117-418,INTERNET_BANKING
1000491,2025-09-15,218658.85,"Oracle veritabanı kurs ücreti, alıcı Eğitim Akademisi",GB645042084243,GB996509559725,B20250915-268,SWIFT_GATEWAY
1000292,2025-03-02,921075.18,Amazon Technologiés Inc adına hizmet bedeli / sözleşme no 629774,DE521347286199,TR506373026101,B20250302-385,INTERNET_BANKING
1000592,2025-08-03,175294.43,India forensic analysis konferans kayıt ücreti,US619721443010,GB606710451621,B20250803-398,MOBILE_BANKING
1000266,2026-03-09,837271.52,Invoice payment to GOO GLE LLC; ref:679611,GB864575601561,TR399069684841,B20260309-482,INTERNET_BANKING
1000184,2026-06-25,405490.56,"Kurumsal tedarikçi ödemesi Apple Incorporated, açıklama kodu 228717",TR701392164259,GB885999439736,B20260625-801,MOBILE_BANKING
1000297,2025-03-23,690500.61,Invoice payment to Amazon Technologiés Inc; ref:624560 müşteri tarafından serbest metin girildi,DE913684776158,TR117745101712,B20250323-779,CORE_BANKING
1000417,2026-05-05,350295.37,Invoice payment to Oracle Corp.; ref:125640 ödeme tipi: ticari,IN907832289512,US138769700298,B20260505-027,MOBILE_BANKING
1000418,2025-10-19,70137.34,Ödeme alıcısı Oracle Corp.; gönderici notu: işlem tamamlandı,DE837691219920,US613762860766,B20251019-248,SWIFT_GATEWAY
1000038,2025-10-11,639744.00,PAYMENT//INDIA FORENSIC SERVICES PVT LTD//INV-377793//URGENT müşteri tarafından serbest metin girildi,DE339764477713,IN378856937993,B20251011-305,INTERNET_BANKING
1000249,2025-01-21,192684.16,Mal ve hizmet alımı - GOOG LLC - EFT referansı 259523 / açıklama otomatik oluşturuldu,DE536999443454,GB298691989162,B20250121-269,MOBILE_BANKING
1000105,2026-01-29,872623.90,Yazılım lisans ödemesi: meharentertainmentprivatelimited - dönem 07/2024 müşteri tarafından serbest metin girildi,US751313684967,IE118587275451,B20260129-969,MOBILE_BANKING
1000408,2025-05-04,140291.90,"Kurumsal tedarikçi ödemesi Oracle-Corporation, açıklama kodu 342430",TR474720416931,IN215345763152,B20250504-764,BRANCH
1000422,2025-11-29,334289.46,PAYMENT//Оracle Corporation//INV-185199//URGENT / açıklama otomatik oluşturuldu,IN199992348154,GB699708178829,B20251129-525,SWIFT_GATEWAY
1000247,2025-08-22,695235.53,"Müşteri açıklaması: Google, L.L.C. faturası ödendi. REF 604468 masraf dahil",TR837991386230,IN337051656114,B20250822-751,INTERNET_BANKING
1000342,2025-09-21,941474.22,"Settlement related to TSLA Motors Ltd., contract #730983 beneficiary bank verified",IN724749587670,TR473968921425,B20250921-007,CORE_BANKING
1000104,2025-04-21,18248.14,SWIFT transfer beneficiary=Mehar Entertainment Private Limited payment details 840708,GB909681945952,IE562665319611,B20250421-128,BRANCH
1000383,2025-09-25,183764.55,Bnf:IBM Corp.|OrdCust:S404202216493|Msg:977638,TR369683055604,IN410170475931,B20250925-997,CORE_BANKING
1000561,2025-09-08,53434.94,Google Ads danışmanlık bedeli - alıcı Dijital Medya AŞ,TR953768066507,TR619955004173,B20250908-667,CORE_BANKING
1000306,2025-04-17,560611.29,"Settlement related to AMA ZON TECHNOLOGIES INC, contract #970123 kur farkı ve vergi dahil",IN647732405002,IE846367383661,B20250417-945,MOBILE_BANKING
1000391,2025-04-05,557602.15,Yazılım lisans ödemesi: I B M CORPORATION - dönem 03/2024,GB883282406558,IN276948468645,B20250405-168,INTERNET_BANKING
1000190,2026-02-10,177441.05,Invoice payment to Inc Apple; ref:282802,DE698736614802,GB882859511825,B20260210-409,BRANCH
1000168,2026-07-15,430481.61,Mal ve hizmet alımı - microsoftcorporation - EFT referansı 733139 masraf dahil,GB539246473848,US484073376877,B20260715-417,INTERNET_BANKING
1000153,2025-09-27,717113.74,PAYMENT//M*crosoft Corp//INV-679141//URGENT beneficiary bank verified,DE412722298388,IN304518702334,B20250927-971,SWIFT_GATEWAY
1000595,2026-03-15,88873.92,MICRO SOFT tekstil ürünleri toptan alımı,DE277428100522,US884111183453,B20260315-313,BRANCH
1000109,2026-01-06,414936.95,PAYMENT//Mehar Ent. P Ltd//INV-987387//URGENT müşteri tarafından serbest metin girildi,TR744958371548,IN112262383440,B20260106-808,INTERNET_BANKING
1000489,2026-05-08,378371.33,Tesla bobini laboratuvar malzemesi alımı,IN608539215326,IE506238835924,B20260508-672,SWIFT_GATEWAY
1000280,2026-05-08,225364.77,"Kurumsal tedarikçi ödemesi AMZN Technologies Inc, açıklama kodu 378770",IN989116196376,GB985898206613,B20260508-060,BRANCH
1000094,2025-09-06,488585.37,SWIFT transfer beneficiary=MEPL payment details 940248,GB275069540927,GB178789495836,B20250906-305,BRANCH
1000392,2025-01-26,497971.54,"Settlement related to lBM Corporation, contract #646739",US661854538758,US893134191195,B20250126-319,CORE_BANKING
1000378,2025-04-11,398743.62,Müşteri açıklaması: International Business Machines Corp faturası ödendi. REF 120674,TR752111132685,IN153527598374,B20250411-320,CORE_BANKING
1000598,2025-12-29,128624.46,Mehar düğün eğlence organizasyonu kapora,TR752323541253,US312344727812,B20251229-632,SWIFT_GATEWAY
1000443,2026-05-24,535283.93,Mal ve hizmet alımı - ORCL Corp - EFT referansı 524832,IN616136197471,TR650366313187,B20260524-669,SWIFT_GATEWAY
1000274,2026-01-08,831258.58,"Settlement related to amazontechnologiesinc, contract #462486",IN346386817555,IE698081206562,B20260108-177,BRANCH
1000487,2025-05-11,349472.78,APL lojistik taşıma bedeli,GB661163419379,IN901882308915,B20250511-448,MOBILE_BANKING
1000450,2026-02-08,221631.02,"Kurumsal tedarikçi ödemesi ORC Corporation, açıklama kodu 828448",TR471082473715,TR826431888152,B20260208-895,BRANCH
1000453,2026-07-13,299580.60,Oracle Cafe yemek organizasyonu avansı,DE804543121230,GB275257480077,B20260713-537,BRANCH
1000133,2025-01-31,629465.60,Mal ve hizmet alımı - Mehar Ent. P Ltd - EFT referansı 639604,IN229646329266,TR584982467802,B20250131-358,BRANCH
1000197,2026-06-13,17843.96,Subscription renewal for APP LE INC; account AC486540045673 masraf dahil,TR522942695976,TR156805066190,B20260613-794,SWIFT_GATEWAY
1000234,2026-02-16,903141.92,Bnf:Google LLC|OrdCust:S267413597823|Msg:855989 kur farkı ve vergi dahil,TR525214500475,IN175794328010,B20260216-591,INTERNET_BANKING
1000407,2026-05-19,201803.25,Invoice payment to oraclecorporation; ref:595522,TR103342710767,IN371976802539,B20260519-882,BRANCH
1000281,2025-08-25,455679.22,ATI Inc. adına hizmet bedeli / sözleşme no 757224,US488118564980,IN150368780244,B20250825-261,MOBILE_BANKING
1000100,2025-09-17,411929.24,Ödeme alıcısı Mehar Ent. P Ltd; gönderici notu: işlem tamamlandı,TR109226136324,TR600842869730,B20250917-502,INTERNET_BANKING
1000533,2025-10-17,185010.45,Oracle Cafe yemek organizasyonu avansı; ref 578966,GB708998679402,TR342469928897,B20251017-224,MOBILE_BANKING
1000530,2025-10-28,436939.61,Tesla bobini laboratuvar malzemesi alımı,US734211817982,US947278148379,B20251028-033,INTERNET_BANKING
1000551,2025-01-19,408523.24,"Oracle veritabanı kurs ücreti, alıcı Eğitim Akademisi; ref 218276",US385283728327,IE737331806021,B20250119-827,BRANCH
1000286,2026-07-03,949843.49,"PAYMENT//Amazon-Technologies, Inc.//INV-665956//URGENT",US307598031681,IE481063616626,B20260703-425,SWIFT_GATEWAY
1000472,2025-06-29,14008.89,Tesla bobini laboratuvar malzemesi alımı,US636913608573,GB843653910685,B20250629-720,SWIFT_GATEWAY
1000142,2025-11-21,240677.49,"Settlement related to Mıcrosоft Corporation, contract #136094",GB743767604321,TR799623624404,B20251121-905,CORE_BANKING
1000023,2025-10-24,593669.85,Ödeme alıcısı indiaforensicservicespvtltd; gönderici notu: işlem tamamlandı,US818980390114,TR997407991573,B20251024-940,CORE_BANKING
1000165,2026-01-29,180766.91,Müşteri açıklaması: Mıcrosоft Corporation faturası ödendi. REF 234418 NOT: şirket adı kısaltılmış olabilir,IN645561834449,IE467601654948,B20260129-006,INTERNET_BANKING
1000528,2026-04-29,167280.90,Elma Incir Gıda Ltd ürün faturası,US156167368960,IN120962128876,B20260429-677,INTERNET_BANKING
1000529,2026-02-02,99159.17,India forensic analysis konferans kayıt ücreti,IN421404442508,IE665158605774,B20260202-578,BRANCH
1000216,2025-03-30,808938.09,Ödeme alıcısı Inc Apple; gönderici notu: işlem tamamlandı,DE557659184062,IN265743601634,B20250330-656,CORE_BANKING
1000097,2026-06-17,145411.17,Müşteri açıklaması: Entertainment Mehar Pvt Limited faturası ödendi. REF 134952 ödeme tipi: ticari,IN972994254556,US210268221012,B20260617-046,MOBILE_BANKING
1000436,2025-05-14,667774.32,Müşteri açıklaması: ORA CLE CORPORATION faturası ödendi. REF 360525 / açıklama otomatik oluşturuldu,GB985447026995,IE840067576393,B20250514-691,CORE_BANKING
1000589,2026-04-05,70823.63,International Business Machines kitabı sipariş bedeli,IN656442642610,IN704478520631,B20260405-562,SWIFT_GATEWAY
1000560,2025-05-01,185638.78,Tesla bobini laboratuvar malzemesi alımı,GB120782077661,IE484755161381,B20250501-301,SWIFT_GATEWAY
1000130,2025-11-15,385841.03,"Kurumsal tedarikçi ödemesi Mehar Entertainment Private Limited, açıklama kodu 887283",TR788467116520,IE544592565732,B20251115-866,CORE_BANKING
1000537,2026-06-04,271887.80,Microsoft Office eğitimi katılım ücreti; ref 441353,TR948211104630,IE612590468661,B20260604-785,CORE_BANKING
1000223,2025-02-24,388239.03,SWIFT transfer beneficiary=APL Incorporated payment details 784556 NOT: şirket adı kısaltılmış olabilir,TR111883413043,IE871724192363,B20250224-384,MOBILE_BANKING
1000178,2026-03-07,936183.94,Mal ve hizmet alımı - Micro-Soft Corp. - EFT referansı 569474 masraf dahil,DE903830000945,US493261154863,B20260307-942,CORE_BANKING
1000480,2026-02-05,256671.39,Google Ads danışmanlık bedeli - alıcı Dijital Medya AŞ,DE114040297917,IE849281928246,B20260205-566,CORE_BANKING
1000351,2026-06-24,299837.56,Yazılım lisans ödemesi: Tésla Motors Ltd - dönem 07/2025,TR404464520796,IE592875280964,B20260624-602,MOBILE_BANKING
1000484,2026-01-25,155164.49,India forensic analysis konferans kayıt ücreti,IN100389339156,GB622470570299,B20260125-571,MOBILE_BANKING
1000052,2025-07-25,218149.80,SWIFT transfer beneficiary=Finspire Solutions Pvt Ltd payment details 290850 / açıklama otomatik oluşturuldu,US274660188560,TR315216363246,B20250725-458,BRANCH
1000188,2025-06-01,902128.27,"Settlement related to Apple Inc, contract #850468",GB818110461438,US100960791421,B20250601-727,BRANCH
1000536,2025-05-29,807.55,Google Ads danışmanlık bedeli - alıcı Dijital Medya AŞ; ref 734902,DE691479411691,GB622737756283,B20250529-213,SWIFT_GATEWAY
1000252,2026-04-30,51175.26,Müşteri açıklaması: Google LLC faturası ödendi. REF 152736,US807327621696,TR783673832412,B20260430-534,SWIFT_GATEWAY
1000224,2025-02-23,662052.23,Ödeme alıcısı Αpple Inc; gönderici notu: işlem tamamlandı,IN169958094894,IN779112314468,B20250223-116,MOBILE_BANKING
1000236,2025-10-20,724984.44,SWIFT transfer beneficiary=Googel LCC payment details 170218,US721122478617,GB280413923371,B20251020-502,MOBILE_BANKING
1000179,2026-04-17,273543.84,Microsft Corporatoin adına hizmet bedeli / sözleşme no 304503 kur farkı ve vergi dahil,TR631741800422,GB557245232277,B20260417-353,INTERNET_BANKING
1000098,2025-01-20,89091.02,Bnf:ME HAR ENTERTAINMENT PVT LTD|OrdCust:S373280885326|Msg:829608,US735976773244,IE328391294265,B20250120-357,MOBILE_BANKING
1000065,2025-04-29,137223.33,Subscription renewal for Finspire-Solutions (Pvt.) Ltd.; account AC433117356654,GB436725635007,US725602698426,B20250429-193,SWIFT_GATEWAY
1000316,2025-10-05,478815.07,SWIFT transfer beneficiary=Telsa Motros Limited payment details 134496,DE295575477250,IN338141352905,B20251005-314,MOBILE_BANKING
1000049,2025-12-05,435026.67,"Settlement related to finspiresolutionsprivatelimited, contract #604387",GB771430655902,GB157067097320,B20251205-569,MOBILE_BANKING
1000162,2025-10-15,688994.39,Corporation Microsoft adına hizmet bedeli / sözleşme no 460058,IN913157355870,TR196798024603,B20251015-287,CORE_BANKING
1000028,2025-03-02,838948.08,PAYMENT//Services Indiaforensic Pvt Ltd//INV-316433//URGENT,DE712785146690,US636594027281,B20250302-100,MOBILE_BANKING
1000501,2025-12-23,228173.36,Microsoft Office eğitimi katılım ücreti,DE792126232993,GB820904600958,B20251223-376,BRANCH
1000021,2025-10-22,922861.86,Ödeme alıcısı indiaforensicservicespvtltd; gönderici notu: işlem tamamlandı,DE457083335488,US721381316247,B20251022-568,SWIFT_GATEWAY
1000455,2026-01-29,36169.64,Mehar düğün eğlence organizasyonu kapora; ref 721529,DE464472045505,IN746454942202,B20260129-388,BRANCH
1000372,2026-06-01,707415.81,"Settlement related to İBM Corporatión, contract #643394",GB464171445586,TR774686947056,B20260601-558,MOBILE_BANKING
1000072,2026-04-09,25462.85,SWIFT transfer beneficiary=Finspire Solutions Pvt Ltd payment details 975435 NOT: şirket adı kısaltılmış olabilir,IN467640421921,IE687624022088,B20260409-654,BRANCH
1000464,2026-05-21,175173.33,IBM uyumlu klavye satın alımı,IN693185878241,IN862903884891,B20260521-282,MOBILE_BANKING
1000201,2025-09-15,234473.63,Müşteri açıklaması: appleincorporated faturası ödendi. REF 583073 masraf dahil,US444854523415,IE495189212834,B20250915-647,BRANCH
1000302,2025-12-08,682321.91,"Settlement related to Amazon Technologies Incorporated, contract #528878",TR495301555894,IN894969686474,B20251208-860,BRANCH
1000570,2026-03-23,144149.77,Oracle Cafe yemek organizasyonu avansı,GB549106807905,IN287204182587,B20260323-170,SWIFT_GATEWAY
1000009,2025-06-13,777243.12,Yazılım lisans ödemesi: İndiaforensic Servicés Pvt Ltd - dönem 04/2025,IN998034190265,IE563435811602,B20250613-059,SWIFT_GATEWAY
1000013,2025-04-05,291466.62,Mal ve hizmet alımı - I***aForensic Services Pvt. Ltd. - EFT referansı 871580,DE178143598366,IN480871142547,B20250405-469,MOBILE_BANKING
1000295,2026-06-02,480081.10,"SWIFT transfer beneficiary=Amazon-Technologies, Inc. payment details 606761",US443798206643,GB397988004258,B20260602-216,MOBILE_BANKING
1000385,2025-04-21,456055.01,Müşteri açıklaması: ibmcorporation faturası ödendi. REF 403731 ödeme tipi: ticari,DE802564986747,IN756888249024,B20250421-784,INTERNET_BANKING
1000303,2025-11-29,523996.47,Müşteri açıklaması: ATI Inc. faturası ödendi. REF 101844,DE323680709683,IN301135089158,B20251129-083,INTERNET_BANKING
1000107,2025-09-27,513357.95,PAYMENT//Mehar Entertaınment Pvt Ltd//INV-824309//URGENT kur farkı ve vergi dahil,TR269836190207,US148115102380,B20250927-875,BRANCH
1000254,2026-03-15,752219.77,Bnf:googlellc|OrdCust:S198230579241|Msg:240061,TR920112579653,GB663216921422,B20260315-220,INTERNET_BANKING
1000238,2025-05-21,537168.78,Ödeme alıcısı Gооgle LLC; gönderici notu: işlem tamamlandı,US992018992056,IE847890822234,B20250521-505,MOBILE_BANKING
1000186,2025-10-27,725843.29,Müşteri açıklaması: A**le Inc. faturası ödendi. REF 373778,DE889095570159,GB958668668572,B20251027-417,BRANCH
1000386,2025-03-05,88625.59,Bnf:IBN Corporaton|OrdCust:S463569427026|Msg:160272,TR857739378044,IN295857248004,B20250305-833,MOBILE_BANKING
1000532,2025-04-24,285988.30,International Business Machines kitabı sipariş bedeli; ref 982998,GB248908271831,US255279810493,B20250424-123,BRANCH
1000075,2025-09-10,504890.37,SWIFT transfer beneficiary=Finspire Solns P. Ltd. payment details 992675,TR792731048391,GB120218823683,B20250910-180,BRANCH
1000445,2025-07-10,600574.45,Mal ve hizmet alımı - Oracle Corporation - EFT referansı 729382 NOT: şirket adı kısaltılmış olabilir,DE410151469845,IN781581062262,B20250710-625,INTERNET_BANKING
1000220,2025-01-23,69871.20,Subscription renewal for Apple Incorporated; account AC444597609261 beneficiary bank verified,TR404295387078,IE190209168956,B20250123-979,CORE_BANKING
1000504,2025-07-21,42350.53,Go Ogle Optik mağazası ürün ödemesi,TR242116595809,IN947799918178,B20250721-860,SWIFT_GATEWAY
1000242,2025-06-28,628998.51,Mal ve hizmet alımı - GOOG LLC - EFT referansı 376216 NOT: şirket adı kısaltılmış olabilir,GB879507452371,IE437024384535,B20250628-156,BRANCH
1000273,2026-07-08,191955.71,"Subscription renewal for Amazon-Technologies, Inc.; account AC617181139068",TR548529046402,IE129704696677,B20260708-311,MOBILE_BANKING
1000293,2026-07-06,259529.78,Ödeme alıcısı ATI Inc.; gönderici notu: işlem tamamlandı beneficiary bank verified,US857432391184,IE665700322445,B20260706-436,INTERNET_BANKING
1000337,2025-02-17,339454.80,Ödeme alıcısı T*SLA Motors Ltd; gönderici notu: işlem tamamlandı,IN115603920734,GB591775901698,B20250217-478,SWIFT_GATEWAY
1000486,2026-04-24,343777.94,GGL yapı market sipariş ödemesi,TR653575188323,IE593754747992,B20260424-417,MOBILE_BANKING
1000430,2025-01-31,131824.12,Bnf:ORA CLE CORPORATION|OrdCust:S379303576583|Msg:778756,DE851836871126,TR763297204421,B20250131-615,BRANCH
1000041,2026-03-03,713665.74,SWIFT transfer beneficiary=Indiaforensic Services Private Limited payment details 436723,IN402379373530,TR972174114017,B20260303-214,CORE_BANKING
1000398,2025-06-03,37147.53,PAYMENT//IBN Corporaton//INV-677863//URGENT,US275361976174,TR896873370883,B20250603-438,CORE_BANKING
1000076,2026-05-17,700887.72,Finspire Solutons Pvt Lmtd adına hizmet bedeli / sözleşme no 517604,DE810009029917,TR871503987920,B20260517-691,INTERNET_BANKING
1000355,2025-10-10,255673.59,Telsa Motros Limited adına hizmet bedeli / sözleşme no 296100,TR311337513204,IE747341156304,B20251010-016,SWIFT_GATEWAY
1000150,2025-02-23,43853.32,SWIFT transfer beneficiary=MSFT Corp payment details 354680,TR848628244487,US703864401371,B20250223-916,MOBILE_BANKING
1000019,2025-12-10,897427.16,SWIFT transfer beneficiary=İndiaforensic Servicés Pvt Ltd payment details 290508,DE130425390189,GB915884752432,B20251210-476,BRANCH
1000543,2025-02-27,26971.24,MICRO SOFT tekstil ürünleri toptan alımı; ref 357352,US633420260226,GB315613312026,B20250227-229,CORE_BANKING
1000449,2026-05-25,363969.77,Müşteri açıklaması: oraclecorporation faturası ödendi. REF 121202,DE636260373874,IE891013500605,B20260525-810,MOBILE_BANKING
1000088,2025-02-03,590588.93,"Settlement related to Finspire Solutions Pvt Ltd, contract #841727",DE374111557375,TR755451736689,B20250203-203,CORE_BANKING
1000012,2025-01-13,24666.93,Bnf:İndiaforensic Servicés Pvt Ltd|OrdCust:S132206277598|Msg:657280 kur farkı ve vergi dahil,GB859122479065,GB551134792231,B20250113-243,CORE_BANKING
1000510,2025-10-09,179772.44,Apple ve armut meyve siparişi ödemesi; ref 133186,DE127714899792,GB752760900534,B20251009-727,INTERNET_BANKING
1000419,2025-07-09,383457.43,Invoice payment to Oracle Corporation; ref:127636 beneficiary bank verified,GB812841208804,IE498448724144,B20250709-656,INTERNET_BANKING
1000384,2025-03-13,535931.23,Mal ve hizmet alımı - International Business Machines Corp - EFT referansı 143371 müşteri tarafından serbest metin girildi,TR908549925107,TR885246781113,B20250313-492,INTERNET_BANKING
1000089,2025-07-19,917358.26,Yazılım lisans ödemesi: finspiresolutionsprivatelimited - dönem 01/2024,US721980441286,IN384782695674,B20250719-620,BRANCH
1000397,2026-02-08,414891.79,"Kurumsal tedarikçi ödemesi IBM Corp., açıklama kodu 486438",TR138714571855,TR593988076699,B20260208-584,BRANCH
1000204,2026-03-25,819398.55,Ödeme alıcısı Inc Apple; gönderici notu: işlem tamamlandı,DE486885794628,IN567774807237,B20260325-447,MOBILE_BANKING
1000170,2026-06-22,719060.41,Mal ve hizmet alımı - Microsoft Corporatión - EFT referansı 205771,DE410777521239,IN657027925035,B20260622-331,CORE_BANKING
1000084,2025-10-14,293105.36,SWIFT transfer beneficiary=FIN SPIRE SOLUTIONS PRIVATE LIMITED payment details 692637,IN838903920660,GB703500441370,B20251014-546,INTERNET_BANKING
1000405,2026-01-26,592484.81,Invoice payment to IBM Corporation; ref:791266,US551175277813,IE380488137999,B20260126-084,INTERNET_BANKING
1000187,2025-03-23,237506.56,"Settlement related to Aple Incorporatd, contract #345871 kur farkı ve vergi dahil",US996502964243,TR113983950310,B20250323-446,SWIFT_GATEWAY
1000246,2025-08-04,213887.97,"Kurumsal tedarikçi ödemesi Googlé LLC, açıklama kodu 314447 kur farkı ve vergi dahil",TR360698715814,IE687384919186,B20250804-061,INTERNET_BANKING
1000465,2026-05-16,130030.19,GGL yapı market sipariş ödemesi; ref 569256,GB382021078653,GB384027606425,B20260516-271,MOBILE_BANKING
1000059,2025-05-10,603029.90,Yazılım lisans ödemesi: Finspıre Solutıons Private Limited - dönem 08/2026 masraf dahil,DE975868810595,IN455898521756,B20250510-196,CORE_BANKING
1000538,2025-03-26,260883.30,MICRO SOFT tekstil ürünleri toptan alımı,GB857455040774,IE518855858598,B20250326-471,INTERNET_BANKING
1000206,2026-03-26,467799.34,"Müşteri açıklaması: Apple, Inc. faturası ödendi. REF 526058 masraf dahil",DE439138061719,GB422926531177,B20260326-176,INTERNET_BANKING
1000287,2025-12-21,72854.75,"Müşteri açıklaması: Amazon-Technologies, Inc. faturası ödendi. REF 821981 beneficiary bank verified",US138624736611,TR763803823960,B20251221-672,SWIFT_GATEWAY
1000048,2026-03-01,853777.09,Finspiré Solutions Private Limited adına hizmet bedeli / sözleşme no 504976,IN427873714139,US879577671068,B20260301-276,SWIFT_GATEWAY
1000441,2025-01-18,302541.76,Mal ve hizmet alımı - Оracle Corporation - EFT referansı 531811,DE231529461917,TR400214868832,B20250118-515,SWIFT_GATEWAY
1000122,2025-08-16,814265.64,"Kurumsal tedarikçi ödemesi Mehar-Entertainment (Private) Ltd., açıklama kodu 203628",IN712018009495,GB174867653747,B20250816-518,CORE_BANKING
1000108,2026-03-27,146687.35,Müşteri açıklaması: Mehar Entertaınment Pvt Ltd faturası ödendi. REF 711152,US355918950550,US441970234044,B20260327-725,INTERNET_BANKING
1000559,2025-09-26,6460.31,M.S. Corporation ifadesi yalnızca dahili proje kodudur,GB514999174280,IE368276547751,B20250926-397,MOBILE_BANKING
1000511,2026-02-08,96704.40,Tesla bobini laboratuvar malzemesi alımı,TR285833021531,US825048732496,B20260208-351,CORE_BANKING
1000276,2025-09-03,874692.37,Ödeme alıcısı amazontechnologiesinc; gönderici notu: işlem tamamlandı,TR241686548312,TR268014810671,B20250903-279,CORE_BANKING
1000126,2025-07-06,468599.79,Subscription renewal for Entertainment Mehar Pvt Limited; account AC743473318199,GB868304999200,IE311861278975,B20250706-906,INTERNET_BANKING
1000315,2025-09-16,676596.57,Ödeme alıcısı ATI Inc.; gönderici notu: işlem tamamlandı beneficiary bank verified,US651756038031,IE117634452740,B20250916-139,MOBILE_BANKING
1000416,2025-05-18,458664.64,"Settlement related to Oraclé Corporation, contract #442533 ödeme tipi: ticari",US117852187118,TR615024141215,B20250518-715,BRANCH
1000063,2025-02-05,453265.44,Müşteri açıklaması: Finspıre Solutıons Private Limited faturası ödendi. REF 816624 kur farkı ve vergi dahil,DE703088249157,US158446980413,B20250205-591,MOBILE_BANKING
1000029,2025-02-01,946502.02,Müşteri açıklaması: India-Forensic Services (P) Ltd. faturası ödendi. REF 719758 kur farkı ve vergi dahil,US159649076139,TR310016550942,B20250201-443,BRANCH
1000285,2026-01-27,658078.39,"Settlement related to AMA ZON TECHNOLOGIES INC, contract #187838",TR937359467453,IN846902017429,B20260127-701,BRANCH
1000250,2025-09-07,737871.75,GOOG LLC adına hizmet bedeli / sözleşme no 705036,TR808594304773,GB478028537883,B20250907-037,MOBILE_BANKING
1000485,2026-02-14,71844.61,Elma Incir Gıda Ltd ürün faturası; ref 319566,US266605993031,TR413054209227,B20260214-515,BRANCH
1000160,2025-07-30,890530.50,PAYMENT//MSFT Corp//INV-869605//URGENT,US772553889543,US863388377336,B20250730-588,INTERNET_BANKING
1000181,2025-03-20,713942.74,Müşteri açıklaması: A**le Inc. faturası ödendi. REF 914924 masraf dahil,DE898934054619,TR336919225768,B20250320-513,INTERNET_BANKING
1000205,2025-02-03,784342.27,PAYMENT//Apple Inc//INV-979620//URGENT,GB923576235441,US980974588629,B20250203-291,CORE_BANKING
1000406,2026-05-07,354601.37,PAYMENT//ORCL Corp//INV-358336//URGENT kur farkı ve vergi dahil,DE439517103405,TR254711715814,B20260507-050,CORE_BANKING
1000212,2025-02-25,501949.63,SWIFT transfer beneficiary=Applé Inc payment details 840422,IN984551589423,IN889999764335,B20250225-756,BRANCH
1000502,2025-05-23,386560.43,Tesla bobini laboratuvar malzemesi alımı,IN823694519662,IE701287904046,B20250523-145,CORE_BANKING
1000508,2025-05-23,407971.06,Tesla Motorsiklet Servisi bakım ücreti; ref 808300,TR201004507981,US715244645148,B20250523-859,MOBILE_BANKING
1000448,2025-06-25,531439.22,PAYMENT//Oracle-Corporation//INV-967407//URGENT / açıklama otomatik oluşturuldu,GB161716692464,US702601606575,B20250625-981,SWIFT_GATEWAY
1000173,2025-10-03,820377.04,PAYMENT//Corporation Microsoft//INV-808436//URGENT,US527898633967,IN621097155964,B20251003-236,CORE_BANKING
1000139,2025-12-21,313485.75,SWIFT transfer beneficiary=microsoftcorporation payment details 914213,GB638289316305,US699006494092,B20251221-938,INTERNET_BANKING
1000183,2025-08-25,186949.72,Bnf:Applé Inc|OrdCust:S926871148143|Msg:417227,IN236158226004,IE222513871766,B20250825-697,BRANCH
1000412,2025-05-26,541005.92,"Settlement related to Oraclé Corporation, contract #235051",US897258865093,GB766168321431,B20250526-314,MOBILE_BANKING
1000317,2025-06-06,837971.82,Tésla Motors Ltd adına hizmet bedeli / sözleşme no 197904,IN353251140202,IE277075176047,B20250606-892,INTERNET_BANKING
1000051,2026-03-26,854330.34,Invoice payment to FNSPR Solutions Pvt Ltd; ref:999412 NOT: şirket adı kısaltılmış olabilir,GB980556062741,IN343940435803,B20260326-066,MOBILE_BANKING
1000020,2026-01-06,929413.05,"Settlement related to INDIA FORENSIC SERVICES PVT LTD, contract #996152",US621069044399,GB870277070890,B20260106-115,MOBILE_BANKING
1000053,2026-04-09,941278.17,Invoice payment to Finspiré Solutions Private Limited; ref:156149 / açıklama otomatik oluşturuldu,DE646977158219,GB459094253505,B20260409-819,CORE_BANKING
1000360,2026-02-03,462690.21,Bnf:Tesla Motors Ltd|OrdCust:S610262685539|Msg:345358,DE313996252351,GB821352983270,B20260203-892,INTERNET_BANKING
1000312,2026-03-23,892682.16,Bnf:Amazon Technologies Incorporated|OrdCust:S852217058807|Msg:108117 / açıklama otomatik oluşturuldu,US621895385011,GB568230635119,B20260323-722,MOBILE_BANKING
1000208,2026-02-05,256292.33,Ödeme alıcısı APP LE INC; gönderici notu: işlem tamamlandı,GB536967077097,US191728980019,B20260205-513,CORE_BANKING
1000493,2025-04-06,357790.28,M.S. Corporation ifadesi yalnızca dahili proje kodudur; ref 331641,DE746647759230,GB273584461683,B20250406-225,SWIFT_GATEWAY
1000523,2025-12-14,51766.70,IBM uyumlu klavye satın alımı; ref 776201,TR541336509020,GB606044980784,B20251214-301,BRANCH
1000322,2025-06-04,755084.36,Tésla Motors Ltd adına hizmet bedeli / sözleşme no 311183,IN811198717592,IN984388285162,B20250604-617,SWIFT_GATEWAY
1000427,2026-07-12,592142.05,PAYMENT//ORC Corporation//INV-267647//URGENT,IN244213395473,IE508301451335,B20260712-890,MOBILE_BANKING
1000457,2025-02-18,414963.91,Elma Incir Gıda Ltd ürün faturası; ref 216135,IN118923897745,TR728104916565,B20250218-491,SWIFT_GATEWAY
1000275,2025-11-19,75230.10,Amazon Technologiés Inc adına hizmet bedeli / sözleşme no 156729,IN106711730698,IE723535153818,B20251119-296,CORE_BANKING
1000056,2025-05-30,362150.87,PAYMENT//Finspire-Solutions (Pvt.) Ltd.//INV-290005//URGENT ödeme tipi: ticari,DE213831105836,GB729935002077,B20250530-061,SWIFT_GATEWAY
1000429,2026-02-15,126166.67,"Settlement related to ORC Corporation, contract #685121",GB881919323314,IN565031659693,B20260215-467,MOBILE_BANKING
1000349,2025-02-01,267229.04,SWIFT transfer beneficiary=TML payment details 272223 ödeme tipi: ticari,IN161052316448,IN716461459529,B20250201-305,MOBILE_BANKING
1000027,2026-06-14,95841.83,Müşteri açıklaması: Indiaforensic Svcs P Ltd faturası ödendi. REF 432744,DE731628578487,TR637161372552,B20260614-752,SWIFT_GATEWAY
1000525,2025-02-22,20482.18,IBM uyumlu klavye satın alımı; ref 598321,US750353263516,TR460556312585,B20250222-715,SWIFT_GATEWAY
1000057,2026-02-22,918360.52,Invoice payment to Finspire Solns P. Ltd.; ref:517652 müşteri tarafından serbest metin girildi,IN906052890677,TR608854983921,B20260222-044,CORE_BANKING
1000014,2025-07-06,228911.15,Services Indiaforensic Pvt Ltd adına hizmet bedeli / sözleşme no 894105,DE903327541745,IN633154853120,B20250706-047,INTERNET_BANKING
1000227,2025-11-27,116884.71,Invoice payment to Googel LCC; ref:193063,TR190050756705,TR950933875170,B20251127-205,INTERNET_BANKING
1000579,2026-02-19,191468.35,Google Ads danışmanlık bedeli - alıcı Dijital Medya AŞ,DE476059683915,US416431422593,B20260219-868,MOBILE_BANKING
1000073,2025-09-02,245451.17,Yazılım lisans ödemesi: Finspiré Solutions Private Limited - dönem 10/2025,GB740357187434,TR235391974584,B20250902-024,INTERNET_BANKING
1000330,2025-05-10,443765.11,Invoice payment to teslamotorslimited; ref:727828,TR846334875733,TR356914872964,B20250510-466,INTERNET_BANKING
1000081,2026-04-14,688087.93,"Kurumsal tedarikçi ödemesi Finspire Solutions Private Limited, açıklama kodu 681927 müşteri tarafından serbest metin girildi",TR247923976657,GB267578534149,B20260414-617,MOBILE_BANKING
1000268,2026-06-06,966.35,Subscription renewal for Google Limited Liability Company; account AC390348263794 kur farkı ve vergi dahil,IN657891944171,TR234094083246,B20260606-754,SWIFT_GATEWAY
1000451,2026-04-25,147932.45,International Business Machines kitabı sipariş bedeli; ref 586004,GB624822715023,TR752790546445,B20260425-593,INTERNET_BANKING
1000420,2026-06-16,289500.23,SWIFT transfer beneficiary=ORA CLE CORPORATION payment details 599993 müşteri tarafından serbest metin girildi,IN128297520399,US217852857819,B20260616-447,BRANCH
1000257,2025-11-22,471119.52,Invoice payment to GGL L.L.C.; ref:344774 kur farkı ve vergi dahil,GB943321781950,IE398023597101,B20251122-011,SWIFT_GATEWAY
1000374,2025-04-25,13369.87,SWIFT transfer beneficiary=IBM Corporation payment details 603940,GB353100092252,TR942380539647,B20250425-837,MOBILE_BANKING
1000549,2026-07-15,288469.10,MICRO SOFT tekstil ürünleri toptan alımı; ref 805579,TR438931746697,US521900217066,B20260715-862,SWIFT_GATEWAY
1000581,2026-05-07,419117.22,Amazon Teknoloji isimli şahıs işletmesine kira ödemesi; ref 552767,TR525926784837,IN875879740016,B20260507-645,SWIFT_GATEWAY
1000310,2025-04-12,128067.78,Subscription renewal for Amzon Technolgies Inc; account AC836220809863,US846105832274,TR353530489657,B20250412-230,INTERNET_BANKING
1000211,2025-11-03,242157.37,Inc Apple adına hizmet bedeli / sözleşme no 258665 masraf dahil,DE709411037726,IE607544740012,B20251103-735,CORE_BANKING
1000462,2026-04-25,421539.08,India forensic analysis konferans kayıt ücreti,DE982137436248,IE801872871107,B20260425-791,BRANCH
1000289,2026-05-01,922911.45,Invoice payment to amazontechnologiesinc; ref:477542,DE444921617404,US844339155346,B20260501-357,SWIFT_GATEWAY
1000320,2026-04-06,305758.89,"PAYMENT//Tesla-Motors, Ltd.//INV-523027//URGENT masraf dahil",GB660812793291,US841794868666,B20260406-056,MOBILE_BANKING
1000025,2025-06-03,90736.57,Invoice payment to INDIA FORENSIC SERVICES PVT LTD; ref:546079 ödeme tipi: ticari,TR528162696965,IE642128176967,B20250603-814,BRANCH
1000438,2026-05-25,235725.84,Invoice payment to ORCL Corp; ref:298200,DE716657339089,IE913647355641,B20260525-470,CORE_BANKING
1000344,2025-01-14,98360.04,Yazılım lisans ödemesi: TML - dönem 09/2025 kur farkı ve vergi dahil,TR724581193094,IN368507334606,B20250114-074,BRANCH
1000022,2026-02-07,412996.11,Yazılım lisans ödemesi: Services Indiaforensic Pvt Ltd - dönem 02/2025,GB993039945789,TR555925722322,B20260207-527,CORE_BANKING
1000026,2026-01-31,843214.86,Yazılım lisans ödemesi: Indiaforensic Services Private Limited - dönem 11/2026,US845115449964,US813097439076,B20260131-162,SWIFT_GATEWAY
1000373,2025-03-07,510936.17,Mal ve hizmet alımı - International Business Machines Corp - EFT referansı 628161 beneficiary bank verified,US805059078059,GB333905222217,B20250307-319,CORE_BANKING
1000544,2025-11-10,118025.45,MICRO SOFT tekstil ürünleri toptan alımı,IN306859650709,IE207665056387,B20251110-751,INTERNET_BANKING
1000101,2025-04-12,542142.28,Müşteri açıklaması: Mehar-Entertainment (Private) Ltd. faturası ödendi. REF 115641 ödeme tipi: ticari,GB654562008527,TR297186803970,B20250412-989,MOBILE_BANKING
1000431,2025-12-30,421681.17,Müşteri açıklaması: Oracle Corp. faturası ödendi. REF 681388 masraf dahil,US950072490320,GB238133193616,B20251230-289,SWIFT_GATEWAY
1000154,2025-02-25,687168.72,Bnf:Microsoft Corporation|OrdCust:S711051135872|Msg:983200 ödeme tipi: ticari,IN448127134544,US195770947965,B20250225-895,CORE_BANKING
1000554,2026-07-13,163338.17,Go Ogle Optik mağazası ürün ödemesi,US214595092843,TR973812536383,B20260713-812,BRANCH
1000531,2026-02-27,386925.26,Microsoft Office eğitimi katılım ücreti; ref 197591,IN758487531118,IE675963919322,B20260227-528,INTERNET_BANKING
1000583,2025-05-21,433223.59,International Business Machines kitabı sipariş bedeli; ref 114215,DE607112321459,US428132420357,B20250521-452,INTERNET_BANKING
1000520,2026-04-26,463129.43,Google Ads danışmanlık bedeli - alıcı Dijital Medya AŞ,IN458154276665,IN158988601363,B20260426-234,SWIFT_GATEWAY
1000512,2025-09-23,172702.67,International Business Machines kitabı sipariş bedeli,US375583553765,GB482787301403,B20250923-230,SWIFT_GATEWAY
1000313,2025-03-12,678222.23,PAYMENT//Amazon Technologies Inc//INV-872104//URGENT beneficiary bank verified,DE909336007706,GB856583643948,B20250312-251,MOBILE_BANKING
1000136,2025-04-04,76568.88,Invoice payment to Corporation Microsoft; ref:804531 kur farkı ve vergi dahil,IN275937713785,IN496759612666,B20250404-396,INTERNET_BANKING
1000263,2026-01-31,242015.23,Yazılım lisans ödemesi: Google LLC - dönem 07/2024,GB399564465833,IE932796514180,B20260131-343,CORE_BANKING
1000382,2026-04-14,625840.12,PAYMENT//IBM-Corporation//INV-197235//URGENT,TR612732392270,GB440261237521,B20260414-336,MOBILE_BANKING
1000035,2026-02-13,908657.17,Ödeme alıcısı Services Indiaforensic Pvt Ltd; gönderici notu: işlem tamamlandı,US854026893450,US109023613846,B20260213-184,SWIFT_GATEWAY
1000402,2025-11-05,549554.36,Bnf:ibmcorporation|OrdCust:S472651589588|Msg:576205,US622960874076,GB259642573914,B20251105-420,INTERNET_BANKING
1000093,2025-06-03,632582.28,Subscription renewal for Mehar Entertaınment Pvt Ltd; account AC462369281600,GB261189573438,TR875643537663,B20250603-071,BRANCH
1000192,2026-01-06,734348.59,"Settlement related to Apple, Inc., contract #685817 NOT: şirket adı kısaltılmış olabilir",TR594364995915,TR536536366215,B20260106-128,SWIFT_GATEWAY
1000368,2026-07-06,48919.29,PAYMENT//I*M Corp.//INV-380812//URGENT,TR302764450409,US168667443149,B20260706-738,CORE_BANKING
1000325,2026-05-28,441153.57,TesIa Motors Ltd adına hizmet bedeli / sözleşme no 738995,IN593263168369,US152640243284,B20260528-542,CORE_BANKING
1000050,2026-05-04,884127.91,Ödeme alıcısı Finspiré Solutions Private Limited; gönderici notu: işlem tamamlandı,US624854777728,TR964736942715,B20260504-744,SWIFT_GATEWAY
1000149,2026-05-02,203127.47,Mal ve hizmet alımı - Micro-Soft Corp. - EFT referansı 960621,TR966468620128,TR136387739212,B20260502-826,BRANCH
1000283,2025-11-06,655630.32,"Kurumsal tedarikçi ödemesi AMA ZON TECHNOLOGIES INC, açıklama kodu 589961",GB860453281007,GB615130367369,B20251106-990,MOBILE_BANKING
1000010,2025-01-18,430122.82,Invoice payment to INDIA FORENSIC SERVICES PVT LTD; ref:370230,GB274525249662,US533364268274,B20250118-843,INTERNET_BANKING
1000008,2026-05-14,102605.55,Invoice payment to IFS Pvt. Ltd.; ref:789547 NOT: şirket adı kısaltılmış olabilir,DE317796497858,GB107966298551,B20260514-069,CORE_BANKING
1000270,2025-11-21,369120.21,Googlé LLC adına hizmet bedeli / sözleşme no 873891 NOT: şirket adı kısaltılmış olabilir,TR566545851801,IN970503256702,B20251121-025,INTERNET_BANKING
1000340,2026-06-20,813279.97,"Settlement related to Tésla Motors Ltd, contract #956346",DE250491157703,IE961845833046,B20260620-770,CORE_BANKING
1000047,2026-05-09,592096.65,"Settlement related to Solutions Finspire Private Limited, contract #838455",IN285841355779,US260587296068,B20260509-990,SWIFT_GATEWAY
1000299,2026-07-03,290345.16,Yazılım lisans ödemesi: amazontechnologiesinc - dönem 04/2024,US500767579992,GB890121753875,B20260703-373,INTERNET_BANKING
1000253,2026-06-12,273473.25,Subscription renewal for G**gle LLC; account AC568116251737,DE546356016304,TR949270654719,B20260612-439,INTERNET_BANKING
1000301,2025-04-06,20420.85,"Kurumsal tedarikçi ödemesi Amazon Technologiés Inc, açıklama kodu 141807",GB642086271455,IE978780417368,B20250406-164,INTERNET_BANKING
1000011,2025-04-28,349866.79,Subscription renewal for Indiaforensic Servces Pvt Lmt; account AC644418483915,US897714387597,IN711311501976,B20250428-397,SWIFT_GATEWAY
1000566,2025-02-08,352565.03,GGL yapı market sipariş ödemesi; ref 925733,GB495792488748,TR962227941303,B20250208-551,CORE_BANKING
1000219,2025-11-20,327411.23,Subscription renewal for Applé Inc; account AC187271926599 beneficiary bank verified,US142165266099,TR219787140287,B20251120-086,CORE_BANKING
1000574,2026-06-15,102865.57,India forensic analysis konferans kayıt ücreti,IN254574844823,US999130623850,B20260615-748,CORE_BANKING
1000087,2025-03-26,913330.97,Ödeme alıcısı Finspire-Solutions (Pvt.) Ltd.; gönderici notu: işlem tamamlandı / açıklama otomatik oluşturuldu,GB359642093081,IE995958018605,B20250326-699,SWIFT_GATEWAY
1000079,2025-05-20,339709.79,Bnf:Finspire Solutions Private Limited|OrdCust:S312445108396|Msg:445897,IN129367728280,IE250224154906,B20250520-295,BRANCH
1000284,2026-04-24,574605.87,ATI Inc. adına hizmet bedeli / sözleşme no 155031 ödeme tipi: ticari,DE111352895762,GB255527330293,B20260424-917,SWIFT_GATEWAY
1000404,2026-04-02,186128.71,"Settlement related to Corporation IBM, contract #376458 beneficiary bank verified",US989290289731,GB355042807929,B20260402-184,CORE_BANKING
1000479,2025-11-29,347457.22,Go Ogle Optik mağazası ürün ödemesi,IN504614706953,IE757008262553,B20251129-120,INTERNET_BANKING
1000576,2025-05-29,147980.03,M.S. Corporation ifadesi yalnızca dahili proje kodudur,GB162823897719,TR176654660491,B20250529-171,SWIFT_GATEWAY
1000096,2025-08-05,764100.75,Mal ve hizmet alımı - Mehar-Entertainment (Private) Ltd. - EFT referansı 109142,DE297239797747,US867242409012,B20250805-980,MOBILE_BANKING
1000339,2026-01-02,945000.17,"Settlement related to TSLA Motors Ltd., contract #876223",DE405444927893,GB465602031153,B20260102-346,MOBILE_BANKING
1000463,2026-01-25,258858.04,Elma Incir Gıda Ltd ürün faturası,GB185149332195,US826104028942,B20260125-565,BRANCH
1000482,2026-06-27,69850.43,Tesla bobini laboratuvar malzemesi alımı; ref 546858,TR231119909993,IN210769302043,B20260627-713,BRANCH
1000495,2025-11-04,48349.42,GGL yapı market sipariş ödemesi,TR786356978763,TR382620281197,B20251104-514,SWIFT_GATEWAY
1000196,2025-06-06,182622.32,Yazılım lisans ödemesi: Aple Incorporatd - dönem 10/2025,IN554635873151,US258843102085,B20250606-640,INTERNET_BANKING
1000556,2025-02-11,79155.65,MICRO SOFT tekstil ürünleri toptan alımı,IN790091699002,IE121232707871,B20250211-662,MOBILE_BANKING
1000032,2026-05-12,839838.61,Ödeme alıcısı Services Indiaforensic Pvt Ltd; gönderici notu: işlem tamamlandı kur farkı ve vergi dahil,IN860978561212,TR536410791345,B20260512-615,BRANCH
1000439,2025-10-06,592820.58,SWIFT transfer beneficiary=O**cle Corp. payment details 202270,TR665293590976,IN297508959093,B20251006-175,MOBILE_BANKING
1000565,2026-01-25,251840.42,GGL yapı market sipariş ödemesi; ref 549289,US427787608888,IE791031771690,B20260125-116,SWIFT_GATEWAY
1000380,2025-01-15,599042.81,Bnf:IBM Corporation|OrdCust:S312190362835|Msg:221797,DE107310398273,TR964482652390,B20250115-252,SWIFT_GATEWAY
1000064,2025-11-30,367350.21,Subscription renewal for Finspıre Solutıons Private Limited; account AC777484569292 ödeme tipi: ticari,DE330767581536,IE792289149010,B20251130-973,BRANCH
1000334,2025-08-31,930203.30,"Kurumsal tedarikçi ödemesi Tésla Motors Ltd, açıklama kodu 591123",TR353112813175,IE825031052147,B20250831-616,SWIFT_GATEWAY
1000060,2026-02-16,220335.68,Finspıre Solutıons Private Limited adına hizmet bedeli / sözleşme no 628704 ödeme tipi: ticari,DE755799686101,IE269197968055,B20260216-947,INTERNET_BANKING
1000157,2026-04-05,710092.83,Subscription renewal for M*crosoft Corp; account AC359033296625,IN322400332166,IE614878955282,B20260405-525,BRANCH
1000454,2025-12-16,7401.37,International Business Machines kitabı sipariş bedeli; ref 412188,IN613206331871,IE688451706198,B20251216-432,INTERNET_BANKING
1000169,2025-12-19,218608.87,"Kurumsal tedarikçi ödemesi Microsoft Corporatión, açıklama kodu 651400",DE515807308949,TR623465530725,B20251219-631,BRANCH
1000261,2026-07-12,589845.21,Subscription renewal for Gооgle LLC; account AC889569713186 beneficiary bank verified,IN890327835648,IE394957185890,B20260712-286,SWIFT_GATEWAY
1000446,2025-04-08,912080.34,Invoice payment to Oracle Corp.; ref:146210,TR775273330649,US776916431411,B20250408-791,BRANCH
1000244,2025-01-31,853399.11,"PAYMENT//Google, L.L.C.//INV-436239//URGENT NOT: şirket adı kısaltılmış olabilir",IN563125431334,IE488928165572,B20250131-063,INTERNET_BANKING
1000298,2025-01-05,94160.16,PAYMENT//amazontechnologiesinc//INV-761107//URGENT,IN452773448426,GB782960240161,B20250105-095,INTERNET_BANKING
1000440,2026-04-25,392762.85,Mal ve hizmet alımı - Corporation Oracle - EFT referansı 262861 NOT: şirket adı kısaltılmış olabilir,GB674270678419,GB366383341676,B20260425-611,BRANCH
1000518,2025-11-07,151647.45,Tesla bobini laboratuvar malzemesi alımı,US830069189876,IN885899680982,B20251107-660,MOBILE_BANKING
1000240,2025-10-15,406980.98,"Settlement related to G**gle LLC, contract #423799 NOT: şirket adı kısaltılmış olabilir",TR659082591061,IE623626422198,B20251015-995,CORE_BANKING
1000209,2026-04-01,220179.01,Mal ve hizmet alımı - AAPL Inc. - EFT referansı 120893,IN897216169855,GB251116105622,B20260401-380,CORE_BANKING
1000066,2025-07-16,34251.65,Bnf:Finspire Solutions Pvt Ltd|OrdCust:S431448475654|Msg:729236,IN826777986878,TR904012247075,B20250716-703,INTERNET_BANKING
1000587,2026-05-04,71086.67,India forensic analysis konferans kayıt ücreti,GB553694533115,US927235410490,B20260504-478,CORE_BANKING
1000590,2025-02-24,184570.04,MICRO SOFT tekstil ürünleri toptan alımı,TR429424566460,IE550299379132,B20250224-141,INTERNET_BANKING
1000403,2025-02-15,712093.54,PAYMENT//IBN Corporaton//INV-580968//URGENT ödeme tipi: ticari,TR691077870722,GB886224060448,B20250215-447,SWIFT_GATEWAY
1000203,2025-06-13,741567.29,Subscription renewal for appleincorporated; account AC909008471068,TR807560877740,IN508220442219,B20250613-924,MOBILE_BANKING
1000221,2025-06-13,139096.21,Bnf:APL Incorporated|OrdCust:S746728859588|Msg:734876,IN775404926013,IE749955845640,B20250613-937,BRANCH
1000474,2026-04-20,395036.93,Finansal ilham çözümleri danışmanlık ödemesi,US122898903367,IN911488934851,B20260420-441,SWIFT_GATEWAY
1000314,2026-04-02,641323.90,"Settlement related to Amazоn Technologıes Inc, contract #890584",DE287020875946,IE998449226143,B20260402-731,BRANCH
1000434,2025-11-16,242745.28,Müşteri açıklaması: ORA CLE CORPORATION faturası ödendi. REF 398119 ödeme tipi: ticari,DE838343122713,IE579586893163,B20251116-783,CORE_BANKING
1000189,2026-01-17,117414.84,PAYMENT//APP LE INC//INV-163974//URGENT müşteri tarafından serbest metin girildi,US296752106023,TR251742481782,B20260117-111,SWIFT_GATEWAY
1000159,2025-02-11,599576.60,Müşteri açıklaması: MICRO SOFT CORPORATION faturası ödendi. REF 134051,IN289947024022,US605951825247,B20250211-471,BRANCH
1000341,2025-04-27,613861.61,Subscription renewal for TSLA Motors Ltd.; account AC569199504090,TR547206465421,IN921083124741,B20250427-855,INTERNET_BANKING
1000580,2025-06-11,483152.56,APL lojistik taşıma bedeli; ref 532519,DE700412064646,US349685920646,B20250611-874,MOBILE_BANKING
1000120,2025-11-25,224013.92,Bnf:Mehar Entertainment Pvt Ltd|OrdCust:S816752294541|Msg:407952,US847379417078,GB176436346723,B20251125-353,MOBILE_BANKING
1000347,2026-07-15,940889.60,Tesla Motors Ltd adına hizmet bedeli / sözleşme no 470939,GB990066784935,IE142918996611,B20260715-973,CORE_BANKING
1000137,2026-04-21,162314.83,Mal ve hizmet alımı - M.S. Corporation - EFT referansı 250251,DE736808266633,IN215872180934,B20260421-835,MOBILE_BANKING
1000503,2026-04-07,245250.54,Apple ve armut meyve siparişi ödemesi,TR531930611758,GB628169623251,B20260407-431,SWIFT_GATEWAY
1000573,2025-11-25,238092.15,Go Ogle Optik mağazası ürün ödemesi,GB911413428954,IN168630738535,B20251125-415,MOBILE_BANKING
1000513,2025-09-12,448286.43,M.S. Corporation ifadesi yalnızca dahili proje kodudur; ref 273238,US621754035808,US768220669050,B20250912-299,INTERNET_BANKING
1000164,2025-09-29,363154.44,Müşteri açıklaması: Microsft Corporatoin faturası ödendi. REF 307719 müşteri tarafından serbest metin girildi,TR113649486897,TR323254931011,B20250929-744,SWIFT_GATEWAY
1000585,2025-08-18,59299.43,Microsoft Office eğitimi katılım ücreti; ref 244331,IN410436982309,US518948415490,B20250818-659,BRANCH
1000222,2026-05-06,201831.58,Invoice payment to appleincorporated; ref:916761 kur farkı ve vergi dahil,DE117688435223,TR637909091214,B20260506-294,SWIFT_GATEWAY
1000572,2025-05-12,396122.23,Elma Incir Gıda Ltd ürün faturası,GB744518169499,IN732153678639,B20250512-135,CORE_BANKING
1000127,2026-04-12,639757.25,Invoice payment to Mehar Entertainment Private Limited; ref:604770,DE371593790048,GB761448085161,B20260412-801,MOBILE_BANKING
1000067,2026-06-09,426934.15,Finspire Solutions Pvt Ltd adına hizmet bedeli / sözleşme no 583830,GB662391202010,TR453958946270,B20260609-131,CORE_BANKING
1000547,2026-06-05,367922.33,"Oracle veritabanı kurs ücreti, alıcı Eğitim Akademisi",DE380356362124,IE495413972843,B20260605-622,SWIFT_GATEWAY
1000323,2025-11-26,515103.87,Müşteri açıklaması: Motors Tesla Limited faturası ödendi. REF 930615,IN578339991989,GB417270782833,B20251126-180,CORE_BANKING
1000199,2026-06-15,131708.38,Müşteri açıklaması: Apple Incorporated faturası ödendi. REF 852347,GB109152392823,TR403315095532,B20260615-082,BRANCH
1000546,2026-02-19,381087.81,M.S. Corporation ifadesi yalnızca dahili proje kodudur; ref 303446,TR776866733681,IN461634077441,B20260219-729,MOBILE_BANKING
1000071,2025-10-02,347093.25,"Settlement related to finspiresolutionsprivatelimited, contract #616784 / açıklama otomatik oluşturuldu",GB489202126981,IE624515877777,B20251002-105,CORE_BANKING
1000522,2025-11-24,50763.33,Mehar düğün eğlence organizasyonu kapora,DE291542167912,GB687427862895,B20251124-077,BRANCH
1000567,2025-11-10,470145.36,Amazon ormanları yardım kampanyası bağışı,US594295227653,GB792833131979,B20251110-913,MOBILE_BANKING
1000121,2026-04-04,353561.05,Yazılım lisans ödemesi: Mehar-Entertainment (Private) Ltd. - dönem 11/2026,DE598494315455,IN480159884768,B20260404-855,SWIFT_GATEWAY
1000185,2025-01-21,75836.01,"Settlement related to Aple Incorporatd, contract #976452",GB871857084429,IN975545213111,B20250121-133,CORE_BANKING
1000004,2025-06-05,409496.12,Mal ve hizmet alımı - INDIA FORENSIC SERVICES PVT LTD - EFT referansı 763668,GB887779890235,TR192607431362,B20250605-921,MOBILE_BANKING
1000366,2025-02-19,75236.50,"Kurumsal tedarikçi ödemesi IBN Corporaton, açıklama kodu 549482",IN857508648037,IE328529213226,B20250219-650,SWIFT_GATEWAY
1000202,2025-06-10,98155.66,PAYMENT//appleincorporated//INV-892579//URGENT,TR734788647747,US354426678485,B20250610-006,BRANCH
1000176,2026-01-02,160494.04,SWIFT transfer beneficiary=Microsoft Corp. payment details 399287 NOT: şirket adı kısaltılmış olabilir,GB928888210302,IN572984313963,B20260102-766,SWIFT_GATEWAY
1000526,2025-10-09,460127.40,MICRO SOFT tekstil ürünleri toptan alımı; ref 739555,GB195466846991,US302731191225,B20251009-005,BRANCH
1000558,2025-08-20,379863.75,Finansal ilham çözümleri danışmanlık ödemesi,TR493410646283,IN802727180418,B20250820-497,INTERNET_BANKING
1000163,2026-06-18,749256.50,Müşteri açıklaması: Micro-Soft Corp. faturası ödendi. REF 988524,DE270851720877,IE241847877726,B20260618-060,BRANCH
1000114,2025-04-23,659409.77,"Kurumsal tedarikçi ödemesi Mehar Entertainment Private Limited, açıklama kodu 531621 müşteri tarafından serbest metin girildi",GB278386131393,US818859080579,B20250423-822,INTERNET_BANKING
1000331,2026-03-10,842488.21,Mal ve hizmet alımı - TSLA Motors Ltd. - EFT referansı 332223,US344429547572,IE993495561170,B20260310-567,CORE_BANKING
1000235,2025-12-10,179505.54,PAYMENT//Googel LCC//INV-812649//URGENT,TR807787315758,US482115724721,B20251210-471,BRANCH
1000499,2025-12-21,86904.18,MICRO SOFT tekstil ürünleri toptan alımı; ref 787517,US307891504070,IN391060689172,B20251221-980,MOBILE_BANKING
1000125,2025-08-25,175503.17,Mal ve hizmet alımı - ME HAR ENTERTAINMENT PVT LTD - EFT referansı 704141,GB318646605164,IE158256501067,B20250825-718,MOBILE_BANKING
1000376,2025-11-18,672783.72,Invoice payment to IBN Corporaton; ref:603239 beneficiary bank verified,TR513209828226,IE198634110834,B20251118-144,BRANCH
1000324,2026-01-24,763338.84,Subscription renewal for TesIa Motors Ltd; account AC738406736211,US715018787198,TR231412175780,B20260124-127,MOBILE_BANKING
1000516,2025-08-16,40080.09,Amazon ormanları yardım kampanyası bağışı,GB290060680144,IE522951070567,B20250816-594,INTERNET_BANKING
1000305,2026-07-05,234636.79,Yazılım lisans ödemesi: ATI Inc. - dönem 11/2025,IN740437912888,US623502153814,B20260705-850,MOBILE_BANKING
1000476,2026-06-30,173096.94,Google Ads danışmanlık bedeli - alıcı Dijital Medya AŞ; ref 618618,GB989824950627,IE411736117096,B20260630-105,INTERNET_BANKING
1000155,2025-01-03,762448.80,"Settlement related to Corporation Microsoft, contract #797555",US992419202395,IE343948276605,B20250103-985,BRANCH
1000571,2025-11-07,263776.53,Amazon Teknoloji isimli şahıs işletmesine kira ödemesi,IN283228780589,TR372772808885,B20251107-943,CORE_BANKING
1000017,2025-03-12,477176.84,Ödeme alıcısı IFS Pvt. Ltd.; gönderici notu: işlem tamamlandı,US163889400924,IE686828220069,B20250312-081,CORE_BANKING
1000145,2026-04-07,113224.72,SWIFT transfer beneficiary=MICRO SOFT CORPORATION payment details 305689,IN380568748150,US716534775859,B20260407-489,MOBILE_BANKING
1000233,2025-10-10,905047.56,Yazılım lisans ödemesi: GOO GLE LLC - dönem 03/2026 masraf dahil,IN331577963487,IE879321285768,B20251010-663,MOBILE_BANKING
1000389,2025-12-19,470718.65,Invoice payment to IBN Corporaton; ref:550257,DE891784775813,IE167525128757,B20251219-791,SWIFT_GATEWAY
1000258,2025-02-25,559999.32,Yazılım lisans ödemesi: Gооgle LLC - dönem 06/2025,TR717952091967,GB717591124589,B20250225-887,INTERNET_BANKING
1000294,2026-03-07,605001.67,Yazılım lisans ödemesi: Amazon Tech Inc - dönem 03/2026,DE449837987866,TR320873475048,B20260307-196,MOBILE_BANKING
1000218,2026-05-30,734778.09,Bnf:APP LE INC|OrdCust:S769143362324|Msg:954085 ödeme tipi: ticari,US374457195392,US604799009885,B20260530-456,SWIFT_GATEWAY
1000134,2025-06-07,72452.95,Yazılım lisans ödemesi: Mehar Entertainment Private Limited - dönem 11/2025,IN598080849026,IN967715428682,B20250607-440,SWIFT_GATEWAY
1000091,2025-07-10,803345.72,PAYMENT//Méhar Entertainment Private Limited//INV-268299//URGENT,US131493420404,TR406626752559,B20250710-830,INTERNET_BANKING
1000452,2025-05-20,83005.55,Tesla Motorsiklet Servisi bakım ücreti; ref 773977,IN258515000026,US778509444104,B20250520-686,MOBILE_BANKING
1000390,2025-09-21,807667.48,Ödeme alıcısı I.B.M. Corp; gönderici notu: işlem tamamlandı,DE842486431010,TR713930124495,B20250921-200,CORE_BANKING
1000045,2025-04-21,122900.80,"Kurumsal tedarikçi ödemesi India-Forensic Services (P) Ltd., açıklama kodu 187524",IN682358830542,US467726937147,B20250421-741,INTERNET_BANKING
1000193,2025-12-20,639020.69,"Kurumsal tedarikçi ödemesi Αpple Inc, açıklama kodu 807593 müşteri tarafından serbest metin girildi",US304360543510,GB198624765210,B20251220-183,CORE_BANKING
1000577,2025-05-31,462252.27,APL lojistik taşıma bedeli,IN436196376707,IE614056238261,B20250531-320,MOBILE_BANKING
1000326,2025-03-29,930981.17,Yazılım lisans ödemesi: TES LA MOTORS LIMITED - dönem 01/2026 masraf dahil,US141088073997,IE501142983850,B20250329-037,BRANCH
1000524,2026-05-18,311387.26,Go Ogle Optik mağazası ürün ödemesi,DE187240788718,IN241747033157,B20260518-809,CORE_BANKING
1000042,2025-05-11,93004.36,Indiaforensic Svcs P Ltd adına hizmet bedeli / sözleşme no 604748,TR366790066900,TR452789200986,B20250511-206,MOBILE_BANKING
1000069,2025-08-13,884229.08,Ödeme alıcısı FSPL; gönderici notu: işlem tamamlandı masraf dahil,IN148256359708,GB764075144072,B20250813-017,BRANCH
1000043,2025-04-16,558896.65,Mal ve hizmet alımı - Indiaforensic Servces Pvt Lmt - EFT referansı 884253,TR369516971042,GB380195146644,B20250416-749,INTERNET_BANKING
1000318,2025-12-29,63900.55,Subscription renewal for TES LA MOTORS LIMITED; account AC744820648710,TR418540292583,IN913129436158,B20251229-656,CORE_BANKING
1000260,2026-02-10,629203.91,Mal ve hizmet alımı - Googel LCC - EFT referansı 962082 müşteri tarafından serbest metin girildi,GB833859649901,US333007257587,B20260210-754,INTERNET_BANKING
1000535,2025-04-02,474575.56,GGL yapı market sipariş ödemesi; ref 414450,GB481412357344,TR574299204398,B20250402-594,MOBILE_BANKING
1000346,2025-01-23,272299.21,Bnf:Tésla Motors Ltd|OrdCust:S103331025727|Msg:802405,TR791732779730,GB638268645053,B20250123-664,INTERNET_BANKING
1000143,2026-03-08,75307.10,Müşteri açıklaması: Microsoft Corp. faturası ödendi. REF 358823 müşteri tarafından serbest metin girildi,GB201187551835,TR405438233413,B20260308-730,MOBILE_BANKING
1000171,2025-02-22,288351.66,Müşteri açıklaması: MSFT Corp faturası ödendi. REF 268391 ödeme tipi: ticari,DE313410923580,IN282189841040,B20250222-617,BRANCH
1000527,2026-03-22,445376.84,International Business Machines kitabı sipariş bedeli; ref 342198,GB655437225697,TR464721240869,B20260322-591,BRANCH
1000129,2025-09-14,515165.96,Invoice payment to Mehar Entertaınment Pvt Ltd; ref:611945,US844914510092,GB375658139735,B20250914-133,SWIFT_GATEWAY
1000200,2025-10-14,370297.64,"Subscription renewal for Apple, Inc.; account AC141677630112",US117102642673,US581451875322,B20251014-451,INTERNET_BANKING
1000584,2025-11-12,339790.53,Google Ads danışmanlık bedeli - alıcı Dijital Medya AŞ; ref 235832,DE580275640393,TR973325900296,B20251112-554,MOBILE_BANKING
1000338,2025-03-12,132104.03,Ödeme alıcısı Tesla Motors Ltd; gönderici notu: işlem tamamlandı,TR529190541705,TR563881077845,B20250312-977,CORE_BANKING
1000593,2025-10-29,250286.98,International Business Machines kitabı sipariş bedeli,US464098658527,US666788586591,B20251029-474,SWIFT_GATEWAY
1000333,2025-09-21,377037.87,PAYMENT//T*SLA Motors Ltd//INV-930978//URGENT müşteri tarafından serbest metin girildi,GB459416502421,IN298409655455,B20250921-502,INTERNET_BANKING
1000497,2026-04-15,489174.63,MICRO SOFT tekstil ürünleri toptan alımı,IN484946384338,GB166182663974,B20260415-843,INTERNET_BANKING
1000371,2026-01-07,420077.02,Ödeme alıcısı lBM Corporation; gönderici notu: işlem tamamlandı / açıklama otomatik oluşturuldu,IN772214478691,IE547051024022,B20260107-010,CORE_BANKING
1000367,2025-05-20,147327.46,Bnf:lBM Corporation|OrdCust:S263628392152|Msg:483552 ödeme tipi: ticari,GB126517609628,US533094218151,B20250520-412,CORE_BANKING
1000141,2025-04-25,562909.57,"Settlement related to Mıcrosоft Corporation, contract #875848 masraf dahil",TR543964545556,IN698789582256,B20250425-684,CORE_BANKING
1000111,2025-07-13,933343.82,SWIFT transfer beneficiary=Entertainment Mehar Pvt Limited payment details 168773,IN661694268350,US695004451561,B20250713-803,CORE_BANKING
1000191,2026-02-04,715782.43,Subscription renewal for Αpple Inc; account AC751162837702,IN496100143607,GB173951390362,B20260204-318,SWIFT_GATEWAY
1000086,2025-10-28,435220.44,Bnf:Finspiré Solutions Private Limited|OrdCust:S936178302525|Msg:139838,DE897128179054,GB798558065873,B20251028-183,CORE_BANKING
1000399,2025-03-12,323024.42,Ödeme alıcısı Corporation IBM; gönderici notu: işlem tamamlandı,DE524399319971,TR259451065529,B20250312-624,SWIFT_GATEWAY
1000335,2026-02-20,236772.82,Mal ve hizmet alımı - Telsa Motros Limited - EFT referansı 455460,GB231493224963,IE624407976137,B20260220-221,CORE_BANKING
1000058,2025-03-08,446619.65,Mal ve hizmet alımı - Finspire Solutons Pvt Lmtd - EFT referansı 449236 NOT: şirket adı kısaltılmış olabilir,TR491189168146,GB790138419600,B20250308-694,INTERNET_BANKING
1000062,2026-05-10,647573.84,"Kurumsal tedarikçi ödemesi Finspire Solutions Pvt Ltd, açıklama kodu 845891",GB234745664115,GB718309827963,B20260510-217,MOBILE_BANKING
1000509,2025-05-29,61895.79,Oracle Cafe yemek organizasyonu avansı,DE130436768655,TR774905154907,B20250529-889,MOBILE_BANKING
1000068,2026-05-09,837696.94,Invoice payment to Solutions Finspire Private Limited; ref:140839 kur farkı ve vergi dahil,TR342492364495,IE920126859290,B20260509-132,BRANCH
1000328,2025-11-29,747301.69,SWIFT transfer beneficiary=TSLA Motors Ltd. payment details 796670,US371085486442,IE360133132483,B20251129-370,CORE_BANKING
1000541,2025-10-01,221451.98,"Oracle veritabanı kurs ücreti, alıcı Eğitim Akademisi; ref 876948",US487454255149,GB970484440459,B20251001-717,INTERNET_BANKING
1000267,2025-09-20,375409.24,Google LLC adına hizmet bedeli / sözleşme no 226620,TR235906937975,IN564774667526,B20250920-567,INTERNET_BANKING
1000074,2025-06-05,498580.64,"Kurumsal tedarikçi ödemesi FSPL, açıklama kodu 575178",TR739582649508,IE616607388335,B20250605-055,MOBILE_BANKING
1000044,2026-04-22,196251.96,Mal ve hizmet alımı - Indiaforensıc Servıces Pvt Ltd - EFT referansı 641007,GB629691584200,IN115995635509,B20260422-255,MOBILE_BANKING
1000345,2025-03-13,834961.96,Subscription renewal for Tesla Motors Ltd; account AC262963247913,GB106185137908,GB872791754009,B20250313-535,SWIFT_GATEWAY
1000519,2025-05-12,197267.78,GGL yapı market sipariş ödemesi,TR431910735490,TR912879954525,B20250512-216,SWIFT_GATEWAY
1000492,2025-05-15,310590.50,MICRO SOFT tekstil ürünleri toptan alımı; ref 162808,GB204396161867,IE520864756678,B20250515-072,INTERNET_BANKING
1000435,2025-06-14,916694.51,Ödeme alıcısı Oraclé Corporation; gönderici notu: işlem tamamlandı,US140400988322,TR466144012928,B20250614-861,BRANCH
1000092,2026-04-28,118810.69,Mal ve hizmet alımı - Mehar Ent. P Ltd - EFT referansı 704477,TR966385378445,TR407534882883,B20260428-092,SWIFT_GATEWAY
1000095,2025-04-27,234428.81,Ödeme alıcısı MHR Entertainment P Ltd; gönderici notu: işlem tamamlandı,TR354838822575,GB247430148168,B20250427-219,INTERNET_BANKING
1000279,2025-06-19,150704.93,Ödeme alıcısı amazontechnologiesinc; gönderici notu: işlem tamamlandı,US669529888059,TR193629360657,B20250619-442,INTERNET_BANKING
1000002,2025-08-13,501893.99,Mal ve hizmet alımı - Indiaforensıc Servıces Pvt Ltd - EFT referansı 231562 NOT: şirket adı kısaltılmış olabilir,TR427159605639,IE552852538301,B20250813-356,INTERNET_BANKING
1000123,2025-07-23,547154.27,Yazılım lisans ödemesi: Mehar Entertaınment Pvt Ltd - dönem 12/2025,DE106861857439,TR405611141001,B20250723-245,MOBILE_BANKING
1000336,2026-04-25,210059.75,"Kurumsal tedarikçi ödemesi Tésla Motors Ltd, açıklama kodu 586572 beneficiary bank verified",GB390631971301,US948025381930,B20260425-940,MOBILE_BANKING
1000161,2025-09-12,641877.34,Müşteri açıklaması: Micro-Soft Corp. faturası ödendi. REF 262186,IN908958591531,IN535468405345,B20250912-117,CORE_BANKING
1000388,2026-02-11,844086.41,I.B.M. Corp adına hizmet bedeli / sözleşme no 378721 ödeme tipi: ticari,DE934482028813,IN202642690579,B20260211-380,MOBILE_BANKING
1000259,2025-05-19,590361.63,Invoice payment to LLC Google; ref:511746 müşteri tarafından serbest metin girildi,DE531561454048,IE485428937873,B20250519-255,CORE_BANKING
1000414,2025-06-21,889919.79,oraclecorporation adına hizmet bedeli / sözleşme no 371703 NOT: şirket adı kısaltılmış olabilir,US497507040207,GB471644968738,B20250621-774,SWIFT_GATEWAY
1000421,2026-04-08,403962.24,Subscription renewal for Oraclé Corporation; account AC525640031490,IN646670865735,TR702085846707,B20260408-803,INTERNET_BANKING
1000319,2025-07-17,630619.81,"Settlement related to teslamotorslimited, contract #111159",GB527699181118,GB911200173870,B20250717-672,INTERNET_BANKING
1000327,2026-01-12,289974.95,"Invoice payment to Tesla-Motors, Ltd.; ref:409472",IN871744605323,IN876531792369,B20260112-874,INTERNET_BANKING
1000423,2026-01-22,582012.33,Ödeme alıcısı ORC Corporation; gönderici notu: işlem tamamlandı kur farkı ve vergi dahil,IN285668612661,US529709281132,B20260122-909,INTERNET_BANKING
1000557,2025-04-15,371595.02,Tesla bobini laboratuvar malzemesi alımı,GB558836949265,IN912056463594,B20250415-429,CORE_BANKING
1000401,2026-04-24,546867.13,ibmcorporation adına hizmet bedeli / sözleşme no 771102 müşteri tarafından serbest metin girildi,DE829573594149,GB935928946950,B20260424-164,MOBILE_BANKING
1000466,2025-02-12,310849.72,GGL yapı market sipariş ödemesi,DE890404082734,GB428193873439,B20250212-921,MOBILE_BANKING
1000229,2026-02-25,146479.40,Bnf:GGL L.L.C.|OrdCust:S593676043248|Msg:270057 beneficiary bank verified,TR918479766703,IE890079761699,B20260225-353,SWIFT_GATEWAY
1000379,2025-02-08,234110.44,SWIFT transfer beneficiary=I*M Corp. payment details 623819 / açıklama otomatik oluşturuldu,IN234006698583,IE710610360685,B20250208-783,INTERNET_BANKING
1000128,2025-09-29,261265.55,SWIFT transfer beneficiary=MHR Entertainment P Ltd payment details 884560 ödeme tipi: ticari,IN185502767458,TR480556976596,B20250929-959,MOBILE_BANKING
1000083,2026-02-15,426980.19,Ödeme alıcısı FNSPR Solutions Pvt Ltd; gönderici notu: işlem tamamlandı,US803267746640,IN154820958845,B20260215-880,BRANCH
1000534,2025-05-11,479338.38,Go Ogle Optik mağazası ürün ödemesi,US802116941573,GB734561115468,B20250511-599,INTERNET_BANKING
1000277,2025-01-15,551320.44,Invoice payment to Amazon Tech Inc; ref:141910,IN669066664436,IN327504850650,B20250115-916,INTERNET_BANKING
1000309,2026-05-07,61465.29,Yazılım lisans ödemesi: AMA ZON TECHNOLOGIES INC - dönem 01/2025,TR253858386518,US371055904666,B20260507-359,INTERNET_BANKING
1000496,2025-09-10,425566.45,Tesla Motorsiklet Servisi bakım ücreti,TR388298690856,US421097608963,B20250910-065,CORE_BANKING
1000426,2025-07-21,203741.12,Oracle-Corporation adına hizmet bedeli / sözleşme no 743166 kur farkı ve vergi dahil,DE154588748792,GB708374638137,B20250721-777,INTERNET_BANKING
1000488,2025-03-28,4907.75,Finansal ilham çözümleri danışmanlık ödemesi; ref 433753,US529031021661,IN519535156987,B20250328-843,CORE_BANKING
1000132,2026-06-14,281160.18,"Settlement related to Mehar Entertaınment Pvt Ltd, contract #992102",DE788267898011,TR767213736499,B20260614-378,CORE_BANKING
1000387,2025-02-27,24581.33,Mal ve hizmet alımı - IBM Corporation - EFT referansı 598362,DE712183553821,GB308511818897,B20250227-082,SWIFT_GATEWAY
1000194,2026-02-28,24706.40,Subscription renewal for Apple Incorporated; account AC769969817539,GB370247030996,IE992563457580,B20260228-369,SWIFT_GATEWAY
1000475,2025-03-29,212198.28,Go Ogle Optik mağazası ürün ödemesi,DE972003571876,US419167503775,B20250329-776,INTERNET_BANKING
1000166,2025-02-20,550548.43,Yazılım lisans ödemesi: Mıcrosоft Corporation - dönem 10/2024,TR479301766690,IE698227279129,B20250220-127,SWIFT_GATEWAY
1000396,2026-04-03,846748.71,Yazılım lisans ödemesi: İBM Corporatión - dönem 02/2025,US953164090291,GB226805635204,B20260403-556,CORE_BANKING
1000239,2026-05-19,706945.15,Invoice payment to GGL L.L.C.; ref:436994,DE589670496458,GB952325347460,B20260519-651,MOBILE_BANKING
1000213,2025-09-23,571165.50,Müşteri açıklaması: Apple Incorporated faturası ödendi. REF 244739 kur farkı ve vergi dahil,TR930347107385,IE499310073256,B20250923-270,BRANCH
1000352,2025-08-26,76709.19,"Kurumsal tedarikçi ödemesi Tesla Motors Limited, açıklama kodu 713533",DE958517905204,IE687376753412,B20250826-237,CORE_BANKING
1000307,2025-11-26,759042.23,PAYMENT//ATI Inc.//INV-153855//URGENT masraf dahil,DE479802471469,TR962733783321,B20251126-627,CORE_BANKING
1000131,2026-04-07,803022.91,PAYMENT//meharentertainmentprivatelimited//INV-683838//URGENT,GB720436003038,GB529325466725,B20260407-481,SWIFT_GATEWAY
1000599,2025-09-12,61678.41,GGL yapı market sipariş ödemesi,DE472238834342,IE920972640227,B20250912-001,MOBILE_BANKING
1000432,2025-08-30,528293.11,PAYMENT//ORC Corporation//INV-899052//URGENT,DE750322815923,US550037055601,B20250830-386,MOBILE_BANKING
1000600,2026-04-13,354885.18,M.S. Corporation ifadesi yalnızca dahili proje kodudur,DE250016388140,IE787132938532,B20260413-951,SWIFT_GATEWAY
1000369,2025-07-10,195119.73,Subscription renewal for IBM Corporation; account AC185597425168,IN464834117241,TR999771133099,B20250710-434,BRANCH
1000542,2026-04-27,313385.11,Apple ve armut meyve siparişi ödemesi; ref 647850,GB144619638352,GB814215214494,B20260427-026,CORE_BANKING
1000113,2025-07-14,607374.08,Invoice payment to Mehar-Entertainment (Private) Ltd.; ref:583147 masraf dahil,DE943485851318,GB730296081541,B20250714-187,SWIFT_GATEWAY
1000563,2025-08-09,208697.08,Mehar düğün eğlence organizasyonu kapora; ref 329019,IN994420361807,US807800085024,B20250809-892,CORE_BANKING
1000090,2026-04-29,502068.02,Subscription renewal for Solutions Finspire Private Limited; account AC409290184573 masraf dahil,TR599247655353,GB494785340909,B20260429-564,CORE_BANKING
1000118,2026-05-21,866198.28,ME HAR ENTERTAINMENT PVT LTD adına hizmet bedeli / sözleşme no 512335 NOT: şirket adı kısaltılmış olabilir,IN201464179184,IE849354942477,B20260521-991,INTERNET_BANKING
1000054,2026-06-15,200174.45,PAYMENT//Finspire Solutions Pvt Ltd//INV-498541//URGENT,GB984660384727,GB710380265546,B20260615-772,CORE_BANKING
1000458,2026-03-31,127042.64,India forensic analysis konferans kayıt ücreti; ref 317329,TR678080922494,IE955025817779,B20260331-445,INTERNET_BANKING
1000151,2026-03-07,181147.95,Mal ve hizmet alımı - M.S. Corporation - EFT referansı 330984,TR629125047042,GB259184706206,B20260307-838,INTERNET_BANKING
1000500,2025-05-13,220599.97,Tesla Motorsiklet Servisi bakım ücreti; ref 675050,TR544050185907,TR926295783728,B20250513-193,MOBILE_BANKING
1000207,2025-03-05,180125.55,Ödeme alıcısı appleincorporated; gönderici notu: işlem tamamlandı,TR803363467051,US893255588665,B20250305-191,MOBILE_BANKING
1000394,2025-09-10,528489.51,Subscription renewal for I*M Corp.; account AC372286381836 kur farkı ve vergi dahil,DE757085199575,GB710144705134,B20250910-746,BRANCH
1000248,2025-05-28,97817.05,Bnf:G**gle LLC|OrdCust:S619901787516|Msg:440268 ödeme tipi: ticari,IN116131446364,US964133823668,B20250528-153,MOBILE_BANKING
1000393,2025-03-13,610299.91,Ödeme alıcısı Corporation IBM; gönderici notu: işlem tamamlandı,DE173788088091,IN116480496892,B20250313-666,CORE_BANKING
1000272,2025-03-23,445672.26,Invoice payment to AMZN Technologies Inc; ref:898609,GB263577160725,US147076817438,B20250323-665,SWIFT_GATEWAY
1000469,2025-04-26,493835.09,Amazon ormanları yardım kampanyası bağışı; ref 598347,US558085780629,IN970299753964,B20250426-255,INTERNET_BANKING
1000437,2026-04-15,543007.81,Ödeme alıcısı Oracle-Corporation; gönderici notu: işlem tamamlandı,US775388457237,TR495023569034,B20260415-491,INTERNET_BANKING
1000005,2025-04-30,860110.58,"Settlement related to indiaforensicservicespvtltd, contract #562987 ödeme tipi: ticari",TR368575038001,GB679719360820,B20250430-509,MOBILE_BANKING
1000037,2025-03-24,414344.24,Subscription renewal for İndiaforensic Servicés Pvt Ltd; account AC829778184597 NOT: şirket adı kısaltılmış olabilir,TR507454365685,US328625136678,B20250324-710,MOBILE_BANKING
1000357,2025-02-24,425454.87,SWIFT transfer beneficiary=TesIa Motors Ltd payment details 204827,US297801506324,IE199457398242,B20250224-869,MOBILE_BANKING
1000471,2025-07-13,161769.55,Elma Incir Gıda Ltd ürün faturası,DE230648677892,US396530975750,B20250713-529,INTERNET_BANKING
1000425,2025-02-07,35528.46,Subscription renewal for O**cle Corp.; account AC163360013955 müşteri tarafından serbest metin girildi,DE218834548511,IN731318120168,B20250207-402,SWIFT_GATEWAY
1000061,2025-04-08,612579.57,"Settlement related to FIN SPIRE SOLUTIONS PRIVATE LIMITED, contract #819185 masraf dahil",TR571127222641,GB460742570975,B20250408-642,SWIFT_GATEWAY
1000353,2026-05-23,137343.17,Müşteri açıklaması: Tesla Motors Ltd faturası ödendi. REF 705580,DE468790301124,IN713948968787,B20260523-430,INTERNET_BANKING
1000321,2025-11-19,322032.45,"Subscription renewal for Tesla-Motors, Ltd.; account AC760700375571 masraf dahil",DE679021880771,IE181889173501,B20251119-596,MOBILE_BANKING
1000082,2026-07-12,239012.19,"Settlement related to FSPL, contract #586323",TR672784114438,IN284724081677,B20260712-161,CORE_BANKING
1000358,2025-11-21,674300.13,Yazılım lisans ödemesi: TML - dönem 01/2024 / açıklama otomatik oluşturuldu,US355576439652,IE569657367822,B20251121-682,INTERNET_BANKING
1000304,2025-10-05,886435.11,Yazılım lisans ödemesi: Technologies Amazon Incorporated - dönem 11/2025,GB818838298830,IE136013533727,B20251005-984,BRANCH
1000364,2026-04-05,556127.63,Mal ve hizmet alımı - IBM Corporation - EFT referansı 753949 müşteri tarafından serbest metin girildi,TR501273111106,GB535280723473,B20260405-727,MOBILE_BANKING
1000634,2025-07-08,616108.50,SWIFT /59/AAPL INC/70/iade düzeltmesi REF 931457,GB331638323511,US771487728112,B20250708-435,CORE_BANKING
1000961,2025-07-16,147931.41,INV-952879 supplier=Oracle/Corporation; goods/services payment,DE782851729972,IN193895047517,B20250716-775,BRANCH
1000955,2025-06-16,1326389.46,Monthly vendor payment; counterparty MicrosoftCorporation; kurumsal abonelik,US742202805119,US379451998588,B20250616-914,INTERNET_BANKING
1001096,2025-09-15,645086.48,AAPL yalnızca yatırım portföyü açıklama kodudur,IN913118337189,US867759301803,B20250915-181,BRANCH
1000834,2026-03-12,1336337.94,SWIFT /59/Google/LLC/70/manuel giriş yazım hatası REF 724960,DE657583264819,IE663840964212,B20260312-154,CORE_BANKING
1000609,2025-03-21,953416.41,Alıcı unvanı: Fin***re Solutions Private Limited; açıklama: danışmanlık hizmeti,TR186391255165,IE387503096167,B20250321-562,CORE_BANKING
1000603,2025-02-02,960230.49,Beneficiary [IBMCorporation] / customer note: çoklu fatura ödemesi,DE192514592147,NL542300807209,B20250202-013,SWIFT_GATEWAY
1000643,2026-05-29,258166.93,Beneficiary [Google] / customer note: kurumsal abonelik,GB523136664785,TR914794214157,B20260529-500,MOBILE_BANKING
1000824,2025-05-10,196477.26,SWIFT /59/Indiaforensic Services Pvt/70/fatura kapama REF 670744,GB700621144145,IN980788703658,B20250510-934,SWIFT_GATEWAY
1000720,2025-03-28,105607.07,Beneficiary [IBMCorporation] / customer note: çoklu fatura ödemesi,DE884624915325,GB548951317922,B20250328-483,INTERNET_BANKING
1000780,2025-01-13,1237481.16,danışmanlık hizmeti nedeniyle IBM hesabına ticari ödeme,IN750814667208,IE995577324696,B20250113-967,BRANCH
1000676,2025-11-14,1371142.19,Monthly vendor payment; counterparty Amazon Technologies; iade düzeltmesi,US916538579484,GB726354582468,B20251114-540,CORE_BANKING
1000735,2025-10-22,216923.31,INV-859187 supplier=MHR ENTMNT PVT LTD; goods/services payment,AE382197985422,TR152700520225,B20251022-142,CORE_BANKING
1001094,2026-02-03,663087.90,Apple Inciri Gıda Tarım Limited ürün bedeli,US224701719404,US801230901385,B20260203-837,MOBILE_BANKING
1000873,2025-04-19,935771.96,SWIFT /59/FiNsPiRe sOlUtIoNs pRiVaTe lImItEd/70/çoklu fatura ödemesi REF 313760,IN818324082706,IE557092780468,B20250419-532,CORE_BANKING
1000731,2025-04-04,461615.59,INV-813454 supplier=Tesla/Motors/Ltd; goods/services payment,US368720246437,GB388298212314,B20250404-322,SWIFT_GATEWAY
1001012,2025-08-21,208441.07,Tesla bobini laboratuvar ekipmanı bakım ödemesi; ref=883302,GB633938900496,US699844388326,B20250821-882,INTERNET_BANKING
1000862,2025-09-08,954800.00,Beneficiary [Mehar Entertainment Private] / customer note: ön ödeme ve masraf,AE247243973730,NL476643928124,B20250908-763,INTERNET_BANKING
1000895,2025-12-24,497706.49,SWIFT /59/AppleInc/70/ön ödeme ve masraf REF 265745,AE856123243236,US620371918542,B20251224-671,INTERNET_BANKING
1001095,2025-05-09,708358.16,Apple Market Gıda ürünleri toplu sipariş,DE192928385701,US472255427508,B20250509-274,MOBILE_BANKING
1000923,2025-09-01,431279.44,TRF:GOOG LLC; açıklama=fatura kapama; ref=148389,IN392906855057,TR211629595942,B20250901-477,SWIFT_GATEWAY
1000987,2026-06-08,539409.37,Microsoft sertifikalı eğitim merkezi kurs ücreti; ref=119114,DE639893340234,TR484585362834,B20260608-996,INTERNET_BANKING
1001063,2025-04-19,625111.29,AMZN ürün kodlu depo ekipmanı alımı; ref=149322,US162739401581,US704256042623,B20250419-999,SWIFT_GATEWAY
1000786,2026-07-19,1044968.30,Alıcı unvanı: Apple/Inc; açıklama: lisans yenileme,GB443697104679,GB505176902641,B20260719-982,MOBILE_BANKING
1000929,2026-01-15,775090.56,INV-472712 supplier=MHR ENTMNT PVT LTD; goods/services payment,TR905314181833,IN746311209999,B20260115-147,BRANCH
1000668,2025-01-14,104401.27,SWIFT /59/ApPlE InC/70/çoklu fatura ödemesi REF 926869,DE415603103094,IN950840958824,B20250114-465,BRANCH
1000630,2025-09-17,905568.20,INV-390203 supplier=Ind***orensic Services Pvt Ltd; goods/services payment,US775790352271,IN922704841697,B20250917-009,CORE_BANKING
1000615,2025-10-02,1060418.95,SWIFT /59/Microsoft/70/iade düzeltmesi REF 907872,AE641633129045,IE330417029884,B20251002-618,INTERNET_BANKING
1000747,2026-01-17,199627.27,TRF:Ora*** Corporation; açıklama=lisans yenileme; ref=328713,DE735251030741,IE325808550428,B20260117-408,INTERNET_BANKING
1001057,2025-06-21,268144.34,Google kelimesi arama yapmak anlamında kullanılmıştır; ref=836885,US297920098260,US410445212962,B20250621-492,MOBILE_BANKING
1000691,2026-04-27,861131.46,TRF:GoogleLLC; açıklama=kurumsal abonelik; ref=273533,GB606211716008,TR138390468505,B20260427-917,INTERNET_BANKING
1000981,2026-04-29,262827.48,Oracleoğlu Kafe organizasyon ödemesi,GB233120998149,US372620751425,B20260429-796,MOBILE_BANKING
1000841,2025-05-13,1402176.27,ÖDEME::FNSP SLTNS PVT LTD::ön ödeme ve masraf::472879,TR289410464301,IN608304404575,B20250513-537,MOBILE_BANKING
1000934,2025-10-04,1130639.70,INV-271505 supplier=Indiaforensic Services Pvt; goods/services payment,GB515554424388,TR799349866058,B20251004-443,MOBILE_BANKING
1000703,2026-05-17,76905.56,INV-934848 supplier=App***Inc; goods/services payment,AE454609579530,NL974942987777,B20260517-661,MOBILE_BANKING
1000631,2025-08-03,274599.27,TRF:Amazon/Technologies/Inc; açıklama=ön ödeme ve masraf; ref=912662,IN429241309651,NL593942604141,B20250803-209,SWIFT_GATEWAY
1000823,2025-08-20,69698.60,INV-535891 supplier=GoOgLe lLc; goods/services payment,IN770476761586,IN938849648456,B20250820-174,CORE_BANKING
1000872,2026-05-22,1020731.39,lisans yenileme nedeniyle Tesla Motors hesabına ticari ödeme,US321550114289,US788004608226,B20260522-572,SWIFT_GATEWAY
1000944,2025-09-16,92850.85,INV-835413 supplier=Ind***orensic Services Pvt Ltd; goods/services payment,US395209729268,US842612243020,B20250916-653,BRANCH
1000685,2025-08-05,1056519.78,Beneficiary [IBM/Corporation] / customer note: danışmanlık hizmeti,IN312215631071,IE242559768189,B20250805-958,BRANCH
1001078,2026-03-24,338816.88,ORCL kodlu eğitim materyali,GB555462154257,IN602329076174,B20260324-611,BRANCH
1000679,2025-08-15,1147638.71,Beneficiary [Ama*** Technologies Inc] / customer note: manuel giriş yazım hatası,DE649334854011,GB966044011737,B20250815-979,BRANCH
1000677,2026-04-08,1039028.77,Alıcı unvanı: INTL BUS MACH CORP; açıklama: kurumsal abonelik,US430128547566,IN420450084857,B20260408-867,INTERNET_BANKING
1000614,2025-01-14,573181.52,Monthly vendor payment; counterparty ApPlE InC; çoklu fatura ödemesi,GB345585751711,NL872383161137,B20250114-312,CORE_BANKING
1000943,2026-02-07,854687.43,INV-158444 supplier=Finspire Solutions Private; goods/services payment,TR107175489888,TR897000000897,B20260207-844,BRANCH
1000605,2026-01-17,722073.67,Alıcı unvanı: AMZN TECH INC; açıklama: ön ödeme ve masraf,US706523699154,TR620483089202,B20260117-285,CORE_BANKING
1000901,2026-01-14,882428.92,ÖDEME::GOOG LLC::kurumsal abonelik::263536,DE698694237602,NL542925154700,B20260114-211,SWIFT_GATEWAY
1000648,2025-03-29,1329041.28,Beneficiary [Oracle] / customer note: fatura kapama,TR592713028185,IN885586214139,B20250329-042,MOBILE_BANKING
1000797,2025-01-25,317357.28,SWIFT /59/GoogleLLC/70/fatura kapama REF 393157,US555820462333,NL183873937156,B20250125-168,MOBILE_BANKING
1000853,2025-12-06,1128125.90,ÖDEME::Mehar/Entertainment/Private/Limited::iade düzeltmesi::715760,US620195573629,IN860327839517,B20251206-941,BRANCH
1000916,2025-09-04,1081374.75,TRF:Finspire/Solutions/Private/Limited; açıklama=kurumsal abonelik; ref=820333,IN487720362375,NL142944962148,B20250904-716,INTERNET_BANKING
1001044,2025-01-18,127754.74,Oracleoğlu Kafe organizasyon ödemesi,TR305505783404,IE611309828809,B20250118-219,INTERNET_BANKING
1000972,2026-06-17,1130649.63,Monthly vendor payment; counterparty AmAzOn tEcHnOlOgIeS InC; fatura kapama,US170670290628,US354101778523,B20260617-268,CORE_BANKING
1000881,2025-10-03,296987.14,çoklu fatura ödemesi nedeniyle Indiaforensic Services Pvt hesabına ticari ödeme,DE563018088409,IN656032693452,B20251003-236,INTERNET_BANKING
1000678,2026-01-19,1205476.37,ÖDEME::INTL BUS MACH CORP::manuel giriş yazım hatası::803640,IN769530352610,US524186332488,B20260119-592,INTERNET_BANKING
1001008,2025-07-05,600592.76,Apple Market Gıda ürünleri toplu sipariş; ref=278460,GB784274522481,IE503971857477,B20250705-672,CORE_BANKING
1000984,2025-04-12,156845.83,Apple Market Gıda ürünleri toplu sipariş; ref=509033,AE295454636656,IN681532635762,B20250412-096,INTERNET_BANKING
1000809,2025-07-09,1362627.35,iade düzeltmesi nedeniyle Google/LLC hesabına ticari ödeme,TR530035810259,IN281861183954,B20250709-058,CORE_BANKING
1001028,2026-05-08,226084.03,Amazon bölgesi araştırma projesi seyahat avansı,GB267224793273,GB266833835578,B20260508-952,INTERNET_BANKING
1000980,2026-04-24,328143.73,Microsoft sertifikalı eğitim merkezi kurs ücreti; ref=535202,AE604049512637,IN584706567790,B20260424-316,CORE_BANKING
1000970,2026-02-21,505779.65,danışmanlık hizmeti nedeniyle Apple/Inc hesabına ticari ödeme,GB667974901426,IE919877486119,B20260221-618,CORE_BANKING
1000620,2026-05-04,1169663.89,INV-560303 supplier=Mehar/Entertainment/Private/Limited; goods/services payment,GB866048557967,NL271053468711,B20260504-806,CORE_BANKING
1000758,2025-10-21,1178685.38,SWIFT /59/TeSlA MoToRs lTd/70/çoklu fatura ödemesi REF 649719,US998320846304,TR735739239402,B20251021-191,MOBILE_BANKING
1001027,2025-01-03,597254.33,Tesla bobini laboratuvar ekipmanı bakım ödemesi,US777094382545,IN824989560951,B20250103-981,CORE_BANKING
1000855,2025-12-30,365427.73,INV-302809 supplier=Tesla Motors; goods/services payment,TR384350898826,IN366432259867,B20251230-893,BRANCH
1001018,2025-11-06,368574.73,IBM kodlu makine parçası satın alımı; ref=786938,AE353385681755,IN687250524587,B20251106-385,INTERNET_BANKING
1001066,2025-09-26,585439.03,Google kelimesi arama yapmak anlamında kullanılmıştır,US452616972891,IN482974166082,B20250926-912,INTERNET_BANKING
1001072,2026-06-08,284931.76,Google kelimesi arama yapmak anlamında kullanılmıştır; ref=615533,IN597334006810,GB508003721774,B20260608-494,BRANCH
1000667,2025-12-03,387158.02,Beneficiary [TeslaMotorsLtd] / customer note: iade düzeltmesi,IN752209182186,IE853662775327,B20251203-116,SWIFT_GATEWAY
1000900,2026-02-05,580056.66,Alıcı unvanı: GoOgLe lLc; açıklama: çoklu fatura ödemesi,IN163193588102,IE677544610212,B20260205-303,BRANCH
1001035,2026-02-17,428345.22,ORCL kodlu eğitim materyali; ref=457158,DE843261246125,TR978384901334,B20260217-946,SWIFT_GATEWAY
1000849,2025-08-22,373854.33,SWIFT /59/IBMCorporation/70/manuel giriş yazım hatası REF 819634,GB345106778906,IE997412056235,B20250822-492,CORE_BANKING
1000836,2025-05-04,1457384.88,SWIFT /59/App***Inc/70/manuel giriş yazım hatası REF 758470,US523970965286,IN150757160192,B20250504-141,CORE_BANKING
1001030,2025-03-05,448751.89,AMZN ürün kodlu depo ekipmanı alımı; ref=912792,US527834659129,IE161718133146,B20250305-828,INTERNET_BANKING
1001069,2026-07-19,587990.04,Google kelimesi arama yapmak anlamında kullanılmıştır; ref=992116,TR283459342207,US410367129412,B20260719-946,SWIFT_GATEWAY
1000890,2025-05-18,1341382.75,ÖDEME::Finspire Solutions Private::lisans yenileme::335788,IN476088549805,NL157110078151,B20250518-451,SWIFT_GATEWAY
1000918,2026-05-01,851475.31,Monthly vendor payment; counterparty MSFT CORP; lisans yenileme,US486031504976,TR707382897859,B20260501-843,CORE_BANKING
1000969,2026-06-26,251917.32,SWIFT /59/Microsoft/Corporation/70/fatura kapama REF 468344,US731798585297,IN561578634149,B20260626-602,INTERNET_BANKING
1000649,2025-06-02,240877.75,INV-995292 supplier=FinspireSolutionsPrivateLimited; goods/services payment,DE328068272555,TR587159338243,B20250602-357,CORE_BANKING
1000892,2025-08-13,323430.72,iade düzeltmesi nedeniyle Ind***orensic Services Pvt Ltd hesabına ticari ödeme,GB656061068635,TR790252279805,B20250813-728,INTERNET_BANKING
1000898,2025-11-25,123144.96,TRF:App***Inc; açıklama=iade düzeltmesi; ref=774216,AE958477113060,IE489492356522,B20251125-911,SWIFT_GATEWAY
1001033,2026-05-16,95451.48,MSFT ticker bilgisi içeren rapor ücreti,DE392356899171,IE742770011247,B20260516-361,INTERNET_BANKING
1000886,2026-03-17,864106.10,kurumsal abonelik nedeniyle AppleInc hesabına ticari ödeme,TR472107651364,IE540670672651,B20260317-186,MOBILE_BANKING
1000663,2025-02-18,296616.55,Beneficiary [Finspire/Solutions/Private/Limited] / customer note: fatura kapama,DE962043363558,TR665743324609,B20250218-124,CORE_BANKING
1000852,2026-03-17,989152.93,danışmanlık hizmeti nedeniyle Google/LLC hesabına ticari ödeme,IN527073203918,TR281109562806,B20260317-245,INTERNET_BANKING
1000924,2026-01-23,1358191.25,INV-872507 supplier=ApPlE InC; goods/services payment,US187837706993,NL308529894474,B20260123-446,MOBILE_BANKING
1000963,2026-04-13,963716.00,TRF:Mic***oft Corporation; açıklama=kurumsal abonelik; ref=867293,DE791547038931,TR189570321543,B20260413-197,INTERNET_BANKING
1000928,2025-04-06,1311144.03,ÖDEME::Goo*** LLC::lisans yenileme::883649,AE100465597589,TR686298084241,B20250406-359,BRANCH
1000795,2025-03-12,219552.72,TRF:Microsoft/Corporation; açıklama=iade düzeltmesi; ref=939470,DE142110427752,US419745301629,B20250312-296,INTERNET_BANKING
1000833,2025-02-10,593642.02,Monthly vendor payment; counterparty Oracle; lisans yenileme,TR123261360950,GB656685490008,B20250210-577,INTERNET_BANKING
1000763,2025-06-30,1101519.41,Alıcı unvanı: GOOG LLC; açıklama: iade düzeltmesi,US174673636802,GB344101524656,B20250630-547,INTERNET_BANKING
1001004,2025-03-16,566022.54,Oracle kart oyunu turnuva katılım bedeli; ref=542299,GB886386518813,NL729231621612,B20250316-584,BRANCH
1000651,2025-02-26,131844.15,Monthly vendor payment; counterparty Ama*** Technologies Inc; manuel giriş yazım hatası,TR872593420362,IN828535682781,B20250226-860,BRANCH
1000796,2026-06-25,1018118.35,SWIFT /59/IbM CoRpOrAtIoN/70/ön ödeme ve masraf REF 696540,US550750163432,IN757098008770,B20260625-198,CORE_BANKING
1000606,2026-03-31,45527.69,INV-754248 supplier=Fin***re Solutions Private Limited; goods/services payment,DE126540110265,TR752168614847,B20260331-968,BRANCH
1000607,2026-01-27,797631.66,Alıcı unvanı: IbM CoRpOrAtIoN; açıklama: manuel giriş yazım hatası,IN450349555578,US433807479601,B20260127-128,SWIFT_GATEWAY
1000991,2026-01-20,461125.44,Apple Inciri Gıda Tarım Limited ürün bedeli; ref=841375,IN617220824765,GB969229285582,B20260120-577,MOBILE_BANKING
1000781,2025-07-20,947151.29,çoklu fatura ödemesi nedeniyle MiCrOsOfT CoRpOrAtIoN hesabına ticari ödeme,IN794408899616,TR816728073246,B20250720-251,SWIFT_GATEWAY
1000785,2026-07-25,1293789.35,Monthly vendor payment; counterparty TSLA MTRS LTD; fatura kapama,GB488772458130,NL847031465690,B20260725-203,MOBILE_BANKING
1001014,2025-07-15,451647.73,Google kelimesi arama yapmak anlamında kullanılmıştır; ref=930480,US108183530223,NL896768601385,B20250715-540,CORE_BANKING
1000846,2025-11-16,1433355.85,INV-421308 supplier=Amazon Technologies; goods/services payment,TR331260807163,GB723214005143,B20251116-739,MOBILE_BANKING
1001077,2026-05-17,99774.66,Apple Market Gıda ürünleri toplu sipariş; ref=957169,DE676063616061,US497334462790,B20260517-505,INTERNET_BANKING
1000698,2025-02-27,361874.33,manuel giriş yazım hatası nedeniyle Google hesabına ticari ödeme,GB894547174163,TR609575835729,B20250227-252,SWIFT_GATEWAY
1000953,2025-01-09,1400487.49,Monthly vendor payment; counterparty OrAcLe cOrPoRaTiOn; çoklu fatura ödemesi,DE626430251363,GB490331889560,B20250109-919,SWIFT_GATEWAY
1000977,2025-03-03,395597.82,Google kelimesi arama yapmak anlamında kullanılmıştır; ref=294328,DE860109143118,IN298768063353,B20250303-335,INTERNET_BANKING
1000762,2025-11-27,69412.36,TRF:Mehar/Entertainment/Private/Limited; açıklama=çoklu fatura ödemesi; ref=412973,AE330117169860,IE891424664325,B20251127-876,INTERNET_BANKING
1000672,2026-05-30,439338.90,Beneficiary [MeHaR EnTeRtAiNmEnT PrIvAtE LiMiTeD] / customer note: çoklu fatura ödemesi,US416239393150,IE761070066268,B20260530-337,BRANCH
1000674,2025-01-06,1113736.03,INV-505577 supplier=Fin***re Solutions Private Limited; goods/services payment,US920360872236,TR742962859451,B20250106-746,SWIFT_GATEWAY
1001085,2025-05-07,156716.05,Google kelimesi arama yapmak anlamında kullanılmıştır; ref=545604,GB929482126101,US829252525413,B20250507-786,MOBILE_BANKING
1000888,2025-06-14,1497677.43,SWIFT /59/Finspire Solutions Private/70/kurumsal abonelik REF 174106,GB177390226579,NL209397775989,B20250614-889,BRANCH
1000623,2026-04-30,1140526.93,TRF:FNSP SLTNS PVT LTD; açıklama=fatura kapama; ref=475952,TR546841985695,TR989744494328,B20260430-018,SWIFT_GATEWAY
1000817,2025-05-03,491346.00,fatura kapama nedeniyle GOOG LLC hesabına ticari ödeme,AE337744741098,GB542295403194,B20250503-532,CORE_BANKING
1000692,2025-12-05,211908.63,Monthly vendor payment; counterparty Microsoft/Corporation; fatura kapama,DE491475765167,NL205245949914,B20251205-671,SWIFT_GATEWAY
1000927,2025-11-30,508015.27,ön ödeme ve masraf nedeniyle Mehar Entertainment Private hesabına ticari ödeme,US478581679927,US801964544387,B20251130-611,BRANCH
1000730,2025-03-03,1319923.85,Alıcı unvanı: Mehar Entertainment Private; açıklama: danışmanlık hizmeti,IN698555411923,IN150703678496,B20250303-726,INTERNET_BANKING
1000653,2025-01-03,190728.54,SWIFT /59/TSLA MTRS LTD/70/lisans yenileme REF 454865,TR406453350065,NL208625354739,B20250103-807,MOBILE_BANKING
1000974,2025-07-28,570824.54,TRF:MeHaR EnTeRtAiNmEnT PrIvAtE LiMiTeD; açıklama=ön ödeme ve masraf; ref=486044,AE339660934883,IE104381411551,B20250728-799,INTERNET_BANKING
1001100,2026-01-24,514943.70,Apple Market Gıda ürünleri toplu sipariş,US389317604906,TR528424141447,B20260124-436,BRANCH
1001013,2025-08-15,484992.23,MSFT ticker bilgisi içeren rapor ücreti; ref=734201,DE113482495576,GB436517276106,B20250815-244,MOBILE_BANKING
1000681,2025-07-22,770071.00,Monthly vendor payment; counterparty AmazonTechnologiesInc; manuel giriş yazım hatası,TR230243207634,IE607022240307,B20250722-299,INTERNET_BANKING
1000759,2025-08-13,99249.26,SWIFT /59/ApPlE InC/70/iade düzeltmesi REF 976777,US971257953396,NL273022763310,B20250813-968,BRANCH
1001006,2026-06-13,697638.01,IBM kodlu makine parçası satın alımı; ref=787118,TR899275358096,GB593980704706,B20260613-134,INTERNET_BANKING
1000690,2025-12-07,567419.35,TRF:Finspire Solutions Private; açıklama=manuel giriş yazım hatası; ref=540256,GB563494708399,GB881750032752,B20251207-689,SWIFT_GATEWAY
1000965,2026-04-03,1141652.22,INV-893627 supplier=AmazonTechnologiesInc; goods/services payment,TR349010422399,IN605925227268,B20260403-657,SWIFT_GATEWAY
1000805,2025-12-17,258266.01,Beneficiary [IBM/Corporation] / customer note: kurumsal abonelik,IN196358942523,NL558806230098,B20251217-302,SWIFT_GATEWAY
1001023,2025-04-04,553954.23,MSFT ticker bilgisi içeren rapor ücreti,GB812965856810,NL623313567157,B20250404-382,MOBILE_BANKING
1000728,2026-01-15,697598.12,INV-716014 supplier=AppleInc; goods/services payment,AE168992376244,GB824486824667,B20260115-554,SWIFT_GATEWAY
1000827,2025-11-10,197103.77,ÖDEME::Finspire Solutions Private::danışmanlık hizmeti::368901,GB890311481884,TR887788879122,B20251110-370,MOBILE_BANKING
1000655,2025-12-03,349154.15,fatura kapama nedeniyle Fin***re Solutions Private Limited hesabına ticari ödeme,US511246829201,NL329807015599,B20251203-959,INTERNET_BANKING
1000994,2025-06-10,541443.61,Microsoft sertifikalı eğitim merkezi kurs ücreti; ref=224562,TR663457977138,NL432773624999,B20250610-134,CORE_BANKING
1000893,2025-03-23,1422286.16,Alıcı unvanı: Oracle; açıklama: lisans yenileme,AE177445371250,NL287369872179,B20250323-658,SWIFT_GATEWAY
1000933,2026-05-20,716610.45,INV-982298 supplier=GoogleLLC; goods/services payment,GB514229522387,TR835105892702,B20260520-271,CORE_BANKING
1000896,2026-06-20,58833.88,Alıcı unvanı: AMZN TECH INC; açıklama: lisans yenileme,IN533075004926,IE579160974763,B20260620-875,INTERNET_BANKING
1000804,2026-03-24,1367360.05,Alıcı unvanı: GOOG LLC; açıklama: çoklu fatura ödemesi,GB421785569219,IN467920351589,B20260324-463,CORE_BANKING
1000753,2025-10-09,1201162.48,Monthly vendor payment; counterparty Apple; ön ödeme ve masraf,IN973896973934,GB152162672954,B20251009-623,SWIFT_GATEWAY
1000714,2026-07-03,734046.49,Monthly vendor payment; counterparty Oracle/Corporation; danışmanlık hizmeti,TR512429545925,IE147594672600,B20260703-713,MOBILE_BANKING
1000746,2025-11-08,847097.49,SWIFT /59/Amazon/Technologies/Inc/70/manuel giriş yazım hatası REF 963223,AE213562644360,US553564470695,B20251108-511,MOBILE_BANKING
1001045,2026-02-08,303264.26,Amazon bölgesi araştırma projesi seyahat avansı,TR737230329940,TR975808644492,B20260208-183,BRANCH
1001054,2025-02-13,680310.59,Microsoft sertifikalı eğitim merkezi kurs ücreti; ref=199776,DE139698473865,IE815553430396,B20250213-500,INTERNET_BANKING
1000830,2025-05-06,1499132.30,SWIFT /59/ORCL CORP/70/fatura kapama REF 381444,TR687473874999,NL378750694638,B20250506-692,INTERNET_BANKING
1001021,2026-06-30,459762.81,AMZN ürün kodlu depo ekipmanı alımı,AE507729976292,IN388364742751,B20260630-902,INTERNET_BANKING
1000979,2026-02-04,565531.60,GOOG hisse senedi işlem açıklamasıdır,DE223231367090,IN625625496416,B20260204-605,INTERNET_BANKING
1000884,2025-06-03,1259421.06,Alıcı unvanı: Tes***Motors Ltd; açıklama: iade düzeltmesi,AE396492420693,US838384502923,B20250603-410,MOBILE_BANKING
1001074,2026-07-11,387134.81,Apple Inciri Gıda Tarım Limited ürün bedeli,DE798792310590,GB273119774018,B20260711-139,MOBILE_BANKING
1000908,2025-03-12,1414529.71,INV-242601 supplier=INDFRNSC SRVCS PVT LTD; goods/services payment,GB284658866343,TR457742272115,B20250312-282,BRANCH
1001067,2026-04-21,460385.23,TSLA sembollü finansal veri aboneliği; ref=716894,DE614224509029,IN640630066931,B20260421-575,MOBILE_BANKING
1001016,2026-05-06,461828.75,AAPL yalnızca yatırım portföyü açıklama kodudur,TR380764586148,IN560000846124,B20260506-465,INTERNET_BANKING
1000701,2026-02-19,234687.60,INV-449883 supplier=GoOgLe lLc; goods/services payment,TR102035958542,GB279020199988,B20260219-034,INTERNET_BANKING
1000788,2025-08-09,64201.65,INV-485402 supplier=AmazonTechnologiesInc; goods/services payment,IN120958293735,TR794953132602,B20250809-249,BRANCH
1000617,2026-07-14,747168.31,ÖDEME::Goo*** LLC::danışmanlık hizmeti::894497,GB299198699884,TR161112816579,B20260714-028,MOBILE_BANKING
1000783,2025-09-20,504021.49,fatura kapama nedeniyle IndiaforensicServicesPvtLtd hesabına ticari ödeme,AE714811010198,TR658060544817,B20250920-444,CORE_BANKING
1000941,2025-11-05,802360.73,Beneficiary [Tesla Motors] / customer note: iade düzeltmesi,GB199688862937,TR304229050486,B20251105-466,SWIFT_GATEWAY
1000773,2025-11-19,1483393.37,Beneficiary [Mehar Entertainment Private] / customer note: danışmanlık hizmeti,US325939948527,US243362012573,B20251119-823,MOBILE_BANKING
1001020,2026-02-22,573566.16,Google kelimesi arama yapmak anlamında kullanılmıştır; ref=419894,AE753334252197,US401249391918,B20260222-638,SWIFT_GATEWAY
1000871,2025-11-07,1490926.97,manuel giriş yazım hatası nedeniyle Mehar Entertainment Private hesabına ticari ödeme,US336454128036,GB494190303508,B20251107-158,BRANCH
1000673,2025-03-09,1487923.05,Monthly vendor payment; counterparty MSFT CORP; ön ödeme ve masraf,US936884146675,IN893052577320,B20250309-766,SWIFT_GATEWAY
1000840,2025-09-16,468617.36,fatura kapama nedeniyle TSLA MTRS LTD hesabına ticari ödeme,IN561103503778,NL344735316633,B20250916-520,MOBILE_BANKING
1000632,2026-05-10,829816.81,TRF:AmAzOn tEcHnOlOgIeS InC; açıklama=ön ödeme ve masraf; ref=223025,AE683898695137,IE206768227229,B20260510-096,MOBILE_BANKING
1000633,2026-06-20,797792.58,Beneficiary [MicrosoftCorporation] / customer note: çoklu fatura ödemesi,GB867932550294,US430775067131,B20260620-921,INTERNET_BANKING
1000644,2025-12-30,565774.47,INV-418122 supplier=Tesla Motors; goods/services payment,IN565742366747,IE881421429096,B20251230-480,CORE_BANKING
1001081,2026-04-12,166152.14,Apple Market Gıda ürünleri toplu sipariş; ref=894835,TR696888090747,NL512716081755,B20260412-726,BRANCH
1001007,2025-09-26,561644.25,TSLA sembollü finansal veri aboneliği,AE229921844407,IE916763994749,B20250926-824,MOBILE_BANKING
1000640,2025-03-27,931177.34,TRF:Tesla Motors; açıklama=manuel giriş yazım hatası; ref=119669,GB252872352946,IE633413036676,B20250327-421,BRANCH
1000799,2025-05-18,373661.37,Monthly vendor payment; counterparty Microsoft/Corporation; danışmanlık hizmeti,TR586732729366,IE310616123452,B20250518-541,BRANCH
1000802,2025-06-20,355309.57,TRF:MeHaR EnTeRtAiNmEnT PrIvAtE LiMiTeD; açıklama=iade düzeltmesi; ref=728190,DE302199690113,GB985210065745,B20250620-941,CORE_BANKING
1001082,2025-08-01,465977.87,GOOG hisse senedi işlem açıklamasıdır,IN232690103869,US580736151749,B20250801-038,CORE_BANKING
1000914,2025-05-19,763381.86,ÖDEME::AppleInc::fatura kapama::449210,GB370670707548,TR958346951573,B20250519-186,SWIFT_GATEWAY
1000622,2026-05-07,80874.01,SWIFT /59/App***Inc/70/ön ödeme ve masraf REF 509505,US128609691648,IE868212858450,B20260507-931,INTERNET_BANKING
1000937,2025-05-03,1041234.55,SWIFT /59/InDiAfOrEnSiC SeRvIcEs pVt lTd/70/ön ödeme ve masraf REF 296249,GB214537984630,NL620776404351,B20250503-508,MOBILE_BANKING
1000857,2025-05-16,227894.66,Alıcı unvanı: AMZN TECH INC; açıklama: fatura kapama,DE290160935172,TR987903751344,B20250516-415,MOBILE_BANKING
1000671,2025-10-21,984721.89,iade düzeltmesi nedeniyle Tes***Motors Ltd hesabına ticari ödeme,TR396473427373,US533342405747,B20251021-965,CORE_BANKING
1001032,2026-03-13,653729.36,Oracleoğlu Kafe organizasyon ödemesi; ref=570731,AE782244281349,TR376330999334,B20260313-173,BRANCH
1000645,2026-07-05,1216026.02,Beneficiary [Indiaforensic Services Pvt] / customer note: lisans yenileme,AE311489145170,IN872108655348,B20260705-739,MOBILE_BANKING
1000976,2026-02-23,623320.80,ORCL kodlu eğitim materyali,US177637078895,IE281593945108,B20260223-406,BRANCH
1000889,2025-11-11,843569.92,INV-870636 supplier=AAPL INC; goods/services payment,DE675345450932,US809059801376,B20251111-759,BRANCH
1001080,2025-05-24,53404.43,Microsoft sertifikalı eğitim merkezi kurs ücreti; ref=173546,US229069619943,NL248218070387,B20250524-080,INTERNET_BANKING
1001073,2025-12-06,53449.46,Apple Inciri Gıda Tarım Limited ürün bedeli,TR409917079449,IE701131091793,B20251206-835,INTERNET_BANKING
1000779,2025-09-11,687250.70,manuel giriş yazım hatası nedeniyle Amazon Technologies hesabına ticari ödeme,US942731751400,GB451544775483,B20250911-390,SWIFT_GATEWAY
1000670,2026-03-13,1349218.30,Monthly vendor payment; counterparty MeHaR EnTeRtAiNmEnT PrIvAtE LiMiTeD; iade düzeltmesi,GB504433902198,GB823034517024,B20260313-851,CORE_BANKING
1000790,2025-02-03,547802.43,ÖDEME::Apple/Inc::lisans yenileme::496908,DE999494556201,GB198938697844,B20250203-585,CORE_BANKING
1000787,2025-12-16,807172.19,Alıcı unvanı: AAPL INC; açıklama: çoklu fatura ödemesi,GB197937265091,US961742100274,B20251216-330,CORE_BANKING
1000711,2025-12-06,661438.45,Alıcı unvanı: Oracle/Corporation; açıklama: çoklu fatura ödemesi,GB882731329459,IE759687349446,B20251206-074,SWIFT_GATEWAY
1000882,2026-05-08,183282.13,ÖDEME::IBM::iade düzeltmesi::121982,TR327578093865,IE851899245881,B20260508-308,CORE_BANKING
1000760,2025-05-22,127408.65,Alıcı unvanı: Meh***Entertainment Private Limited; açıklama: kurumsal abonelik,GB227131738097,NL819529768236,B20250522-205,BRANCH
1000990,2025-06-16,193779.79,Apple Inciri Gıda Tarım Limited ürün bedeli,GB396822953603,NL397699789953,B20250616-320,BRANCH
1000764,2025-11-07,14919.56,Beneficiary [Tesla/Motors/Ltd] / customer note: çoklu fatura ödemesi,AE821013424252,US512316032666,B20251107-502,MOBILE_BANKING
1000856,2026-05-19,91839.37,SWIFT /59/FNSP SLTNS PVT LTD/70/ön ödeme ve masraf REF 426463,DE394626229530,TR506984587308,B20260519-440,INTERNET_BANKING
1000784,2025-06-29,190025.48,Monthly vendor payment; counterparty AmazonTechnologiesInc; iade düzeltmesi,US936752111177,NL239736619288,B20250629-548,MOBILE_BANKING
1000866,2025-07-20,765582.06,ÖDEME::OrAcLe cOrPoRaTiOn::lisans yenileme::508855,TR762303890391,GB830267995534,B20250720-765,INTERNET_BANKING
1000870,2025-08-31,490689.55,INV-232741 supplier=Google/LLC; goods/services payment,AE381362296521,NL689733177409,B20250831-224,SWIFT_GATEWAY
1000939,2025-09-20,656131.35,danışmanlık hizmeti nedeniyle Tesla/Motors/Ltd hesabına ticari ödeme,DE433914972742,IE502719436270,B20250920-053,CORE_BANKING
1000997,2026-05-29,524535.11,Apple Inciri Gıda Tarım Limited ürün bedeli; ref=534746,DE138755572769,IN469742923291,B20260529-581,SWIFT_GATEWAY
1001070,2025-05-24,301306.49,ORCL kodlu eğitim materyali,AE576194184293,IN636578412136,B20250524-468,INTERNET_BANKING
1000727,2026-05-07,50473.34,ÖDEME::FiNsPiRe sOlUtIoNs pRiVaTe lImItEd::iade düzeltmesi::825607,IN301618875414,US123342379173,B20260507-870,BRANCH
1000639,2026-07-22,501580.61,ÖDEME::MicrosoftCorporation::manuel giriş yazım hatası::807105,US825088440268,NL100139211585,B20260722-810,CORE_BANKING
1000627,2025-07-09,845098.82,TRF:MHR ENTMNT PVT LTD; açıklama=manuel giriş yazım hatası; ref=886362,IN494671886726,GB269652999942,B20250709-507,SWIFT_GATEWAY
1000694,2026-07-19,632148.29,ÖDEME::InDiAfOrEnSiC SeRvIcEs pVt lTd::iade düzeltmesi::330871,IN408104970441,GB313863179352,B20260719-130,BRANCH
1000899,2025-02-19,1188033.20,Monthly vendor payment; counterparty Mic***oft Corporation; iade düzeltmesi,AE977731706913,IE802436759301,B20250219-710,CORE_BANKING
1000748,2025-02-20,1067635.65,fatura kapama nedeniyle GoogleLLC hesabına ticari ödeme,IN150148652532,GB870230419704,B20250220-359,CORE_BANKING
1000629,2026-07-02,149366.88,TRF:Mehar Entertainment Private; açıklama=danışmanlık hizmeti; ref=606018,TR672621821307,US301445864553,B20260702-336,CORE_BANKING
1000729,2026-02-08,59302.54,kurumsal abonelik nedeniyle AppleInc hesabına ticari ödeme,TR598831040370,NL126819530907,B20260208-492,MOBILE_BANKING
1000948,2026-06-22,391808.02,TRF:MHR ENTMNT PVT LTD; açıklama=ön ödeme ve masraf; ref=199910,GB100155881525,IN178522271054,B20260622-175,MOBILE_BANKING
1001084,2025-11-05,590853.93,AMZN ürün kodlu depo ekipmanı alımı; ref=910313,AE833039506427,IE451858953320,B20251105-520,CORE_BANKING
1000726,2025-11-12,965646.01,Alıcı unvanı: AmazonTechnologiesInc; açıklama: fatura kapama,TR426238150100,IE815219333261,B20251112-869,INTERNET_BANKING
1000978,2026-04-03,490239.39,TSLA sembollü finansal veri aboneliği; ref=191259,AE169776813888,US889458032639,B20260403-819,MOBILE_BANKING
1001010,2026-02-22,587980.00,AAPL yalnızca yatırım portföyü açıklama kodudur; ref=719909,TR128623590271,US290185803186,B20260222-998,INTERNET_BANKING
1001034,2026-01-12,625060.37,GOOG hisse senedi işlem açıklamasıdır,GB297517182185,GB676170646565,B20260112-814,BRANCH
1001089,2025-03-28,441450.25,Microsoft sertifikalı eğitim merkezi kurs ücreti; ref=632594,DE823627936984,GB715316152401,B20250328-958,INTERNET_BANKING
1000993,2025-07-22,631985.51,Tesla bobini laboratuvar ekipmanı bakım ödemesi; ref=715145,US609040910461,IN314273079730,B20250722-486,MOBILE_BANKING
1000647,2025-05-25,565106.52,Beneficiary [ORCL CORP] / customer note: iade düzeltmesi,AE476358744662,IE597946713622,B20250525-513,SWIFT_GATEWAY
1000719,2025-06-21,1409027.35,Beneficiary [TSLA MTRS LTD] / customer note: danışmanlık hizmeti,AE890105633085,US983564579278,B20250621-508,MOBILE_BANKING
1000936,2025-07-16,1454805.21,Beneficiary [IBMCorporation] / customer note: manuel giriş yazım hatası,DE655605653009,TR991840395682,B20250716-079,BRANCH
1000935,2026-07-15,1367120.21,Alıcı unvanı: Fin***re Solutions Private Limited; açıklama: danışmanlık hizmeti,AE154343970365,IE835301506858,B20260715-072,MOBILE_BANKING
1000736,2026-04-18,801293.89,Alıcı unvanı: FiNsPiRe sOlUtIoNs pRiVaTe lImItEd; açıklama: çoklu fatura ödemesi,US746666828000,US918906219409,B20260418-234,CORE_BANKING
1001071,2025-11-20,334059.87,MSFT ticker bilgisi içeren rapor ücreti; ref=114352,AE951611117287,US574934241180,B20251120-651,MOBILE_BANKING
1000793,2026-03-22,214023.85,INV-483643 supplier=MeharEntertainmentPrivateLimited; goods/services payment,US630536675153,IE246179168861,B20260322-666,INTERNET_BANKING
1000807,2025-07-12,820587.57,TRF:IndiaforensicServicesPvtLtd; açıklama=iade düzeltmesi; ref=100001,IN460877083580,US718254543096,B20250712-227,MOBILE_BANKING
1000820,2025-12-26,405661.46,ÖDEME::Indiaforensic Services Pvt::çoklu fatura ödemesi::697466,DE863733219755,NL764643649067,B20251226-337,MOBILE_BANKING
1000951,2026-05-30,655112.27,SWIFT /59/Finspire Solutions Private/70/kurumsal abonelik REF 942234,IN964509252189,NL153234709699,B20260530-051,BRANCH
1000897,2026-07-20,192288.94,Alıcı unvanı: IBM; açıklama: iade düzeltmesi,DE499698714972,GB173634273397,B20260720-413,INTERNET_BANKING
1000717,2026-04-05,575331.74,çoklu fatura ödemesi nedeniyle IBM***rporation hesabına ticari ödeme,GB689356872026,TR904129952845,B20260405-512,BRANCH
1001097,2026-07-10,104709.34,Tesla bobini laboratuvar ekipmanı bakım ödemesi; ref=771772,TR101741345969,IE169647033661,B20260710-425,INTERNET_BANKING
1000628,2025-06-27,1173605.13,INV-364641 supplier=InDiAfOrEnSiC SeRvIcEs pVt lTd; goods/services payment,TR128348436033,IE407450017191,B20250627-770,MOBILE_BANKING
1000848,2025-11-18,617174.77,SWIFT /59/Tes***Motors Ltd/70/fatura kapama REF 823054,DE596209416311,TR415339350008,B20251118-034,CORE_BANKING
1001079,2025-09-19,733480.89,Oracleoğlu Kafe organizasyon ödemesi,US905243765508,TR533743381790,B20250919-702,SWIFT_GATEWAY
1000688,2026-03-08,141984.37,TRF:FiNsPiRe sOlUtIoNs pRiVaTe lImItEd; açıklama=fatura kapama; ref=178954,DE925643661055,IE218080707953,B20260308-614,BRANCH
1000867,2026-05-11,540755.44,INV-975274 supplier=Ora*** Corporation; goods/services payment,AE240065696132,NL882972347107,B20260511-650,SWIFT_GATEWAY
1000942,2025-06-29,882435.78,Beneficiary [GoogleLLC] / customer note: lisans yenileme,TR254977227870,GB300401089417,B20250629-069,INTERNET_BANKING
1000792,2026-06-29,693107.15,Beneficiary [FiNsPiRe sOlUtIoNs pRiVaTe lImItEd] / customer note: çoklu fatura ödemesi,TR341048684283,US695591804504,B20260629-451,BRANCH
1000904,2025-08-19,645798.08,SWIFT /59/FNSP SLTNS PVT LTD/70/kurumsal abonelik REF 629036,GB226241043109,TR489764211668,B20250819-425,SWIFT_GATEWAY
1001058,2026-01-02,53312.65,Oracle kart oyunu turnuva katılım bedeli; ref=988747,TR903417564709,IN866941799972,B20260102-602,BRANCH
1000949,2025-10-18,1399494.04,lisans yenileme nedeniyle Oracle hesabına ticari ödeme,DE780060634500,IE460831955384,B20251018-102,MOBILE_BANKING
1000715,2025-08-02,1326944.50,TRF:MiCrOsOfT CoRpOrAtIoN; açıklama=manuel giriş yazım hatası; ref=399980,DE984624071567,IE258673534471,B20250802-768,CORE_BANKING
1000812,2025-09-21,336789.54,Beneficiary [Amazon Technologies] / customer note: lisans yenileme,GB944596953142,IN412798086531,B20250921-580,SWIFT_GATEWAY
1000815,2025-11-02,1496011.36,ÖDEME::Tesla/Motors/Ltd::çoklu fatura ödemesi::779620,DE147222607503,NL841444643305,B20251102-681,SWIFT_GATEWAY
1000700,2025-12-16,693385.93,lisans yenileme nedeniyle Microsoft/Corporation hesabına ticari ödeme,DE839805610513,TR666779133427,B20251216-812,BRANCH
1000683,2025-12-29,986858.93,Monthly vendor payment; counterparty Google; ön ödeme ve masraf,GB624636523511,NL929585433996,B20251229-190,MOBILE_BANKING
1001056,2026-05-26,27270.09,IBM kodlu makine parçası satın alımı,GB449569378261,US226648959229,B20260526-058,BRANCH
1000625,2026-02-06,722535.87,INV-478216 supplier=Mehar/Entertainment/Private/Limited; goods/services payment,GB390357352163,IN596638774552,B20260206-415,SWIFT_GATEWAY
1000887,2025-01-04,789180.13,Alıcı unvanı: Ora*** Corporation; açıklama: danışmanlık hizmeti,IN906337712608,NL276106991033,B20250104-582,INTERNET_BANKING
1000659,2025-11-26,1449168.80,SWIFT /59/ApPlE InC/70/ön ödeme ve masraf REF 501402,US970513496250,US117403604320,B20251126-306,MOBILE_BANKING
1000828,2026-05-11,123012.11,Beneficiary [Amazon/Technologies/Inc] / customer note: çoklu fatura ödemesi,DE944250447091,GB516518554162,B20260511-759,MOBILE_BANKING
1000810,2025-07-10,875722.50,Alıcı unvanı: AppleInc; açıklama: fatura kapama,GB778067290114,IE753423163280,B20250710-567,CORE_BANKING
1001043,2025-08-13,744180.17,Microsoft sertifikalı eğitim merkezi kurs ücreti; ref=352463,TR600925492829,IE927010317528,B20250813-131,SWIFT_GATEWAY
1000822,2026-01-15,892883.98,Beneficiary [Oracle] / customer note: çoklu fatura ödemesi,US607740335258,GB454133555174,B20260115-037,INTERNET_BANKING
1000878,2026-03-23,710504.08,ÖDEME::OrAcLe cOrPoRaTiOn::manuel giriş yazım hatası::147374,GB874354992529,GB920649608722,B20260323-153,BRANCH
1000775,2025-01-18,993160.59,SWIFT /59/AmAzOn tEcHnOlOgIeS InC/70/manuel giriş yazım hatası REF 493723,TR479921308580,GB980951230360,B20250118-560,SWIFT_GATEWAY
1001026,2025-12-15,599782.98,ORCL kodlu eğitim materyali,GB948356899699,GB109710415568,B20251215-475,BRANCH
1001060,2025-03-07,12071.67,AMZN ürün kodlu depo ekipmanı alımı; ref=679269,TR231169534844,IN692104638443,B20250307-936,CORE_BANKING
1000876,2025-03-20,1214209.90,Beneficiary [ORCL CORP] / customer note: kurumsal abonelik,IN469420565246,IN237427130052,B20250320-957,MOBILE_BANKING
1000968,2025-06-17,5626.74,Alıcı unvanı: Ora*** Corporation; açıklama: kurumsal abonelik,TR121893677022,IE510631029392,B20250617-302,CORE_BANKING
1000789,2025-12-18,721018.68,Beneficiary [GoOgLe lLc] / customer note: manuel giriş yazım hatası,TR155252287309,US376412629938,B20251218-033,MOBILE_BANKING
1000858,2025-03-07,278426.12,ÖDEME::IbM CoRpOrAtIoN::çoklu fatura ödemesi::364476,TR287854813402,NL499934900989,B20250307-044,CORE_BANKING
1001068,2026-03-24,592469.16,Apple Inciri Gıda Tarım Limited ürün bedeli,GB467097704523,IN148504095327,B20260324-163,INTERNET_BANKING
1000757,2026-03-01,1073940.84,Alıcı unvanı: Google/LLC; açıklama: fatura kapama,DE126782162359,GB743144114396,B20260301-673,CORE_BANKING
1000998,2025-10-30,684678.25,AAPL yalnızca yatırım portföyü açıklama kodudur,DE780880159904,US159795800995,B20251030-376,BRANCH
1000705,2026-05-26,1261325.98,Monthly vendor payment; counterparty Google; danışmanlık hizmeti,TR377144919783,TR800384216845,B20260526-103,INTERNET_BANKING
1000912,2026-04-14,1105445.43,Alıcı unvanı: Amazon/Technologies/Inc; açıklama: kurumsal abonelik,TR340646629292,US357465479048,B20260414-526,MOBILE_BANKING
1000742,2025-06-09,322067.72,Monthly vendor payment; counterparty AMZN TECH INC; ön ödeme ve masraf,AE585912970936,US851594962609,B20250609-107,CORE_BANKING
1000777,2026-05-02,1004677.27,Monthly vendor payment; counterparty AAPL INC; kurumsal abonelik,IN707833744751,IE564874364716,B20260502-753,INTERNET_BANKING
1000761,2026-02-18,1114307.63,Beneficiary [Tesla/Motors/Ltd] / customer note: manuel giriş yazım hatası,TR685830692616,US676642766115,B20260218-903,CORE_BANKING
1001098,2025-07-05,385537.71,TSLA sembollü finansal veri aboneliği; ref=547856,AE398768441150,TR635272056636,B20250705-504,MOBILE_BANKING
1000749,2025-03-23,1460263.30,Alıcı unvanı: AmAzOn tEcHnOlOgIeS InC; açıklama: manuel giriş yazım hatası,TR808518700739,TR317775679217,B20250323-953,MOBILE_BANKING
1001053,2025-06-06,130108.30,Oracleoğlu Kafe organizasyon ödemesi,AE218152788309,IE733676991490,B20250606-871,MOBILE_BANKING
1001039,2025-08-26,224374.34,AAPL yalnızca yatırım portföyü açıklama kodudur; ref=168648,GB332383445086,NL233292934528,B20250826-478,INTERNET_BANKING
1001065,2025-07-21,100799.51,AAPL yalnızca yatırım portföyü açıklama kodudur; ref=481756,IN795649913729,NL124529287331,B20250721-648,CORE_BANKING
1000642,2025-09-18,839332.28,TRF:MicrosoftCorporation; açıklama=fatura kapama; ref=326994,GB853876624449,NL437109169405,B20250918-907,CORE_BANKING
1000915,2026-01-15,27439.24,SWIFT /59/Mic***oft Corporation/70/fatura kapama REF 203564,DE291917661742,GB230125236417,B20260115-063,INTERNET_BANKING
1001029,2026-05-03,270369.71,MSFT ticker bilgisi içeren rapor ücreti; ref=239400,US386395348141,IE695980410176,B20260503-886,SWIFT_GATEWAY
1000771,2025-07-25,790939.59,ÖDEME::INTL BUS MACH CORP::ön ödeme ve masraf::291176,AE474874750886,NL291528683024,B20250725-826,CORE_BANKING
1000829,2025-09-01,1352531.02,ön ödeme ve masraf nedeniyle Tes***Motors Ltd hesabına ticari ödeme,US237859927229,GB900919602346,B20250901-625,BRANCH
1000778,2026-01-03,1004518.25,Alıcı unvanı: Goo*** LLC; açıklama: çoklu fatura ödemesi,IN495136802665,IN721994169361,B20260103-274,SWIFT_GATEWAY
1000995,2025-05-13,51952.25,IBM kodlu makine parçası satın alımı; ref=415467,IN615102328483,NL667438653186,B20250513-708,CORE_BANKING
1001055,2025-04-23,229098.88,GOOG hisse senedi işlem açıklamasıdır; ref=717130,TR689282547234,TR886847858745,B20250423-760,BRANCH
1000902,2025-06-20,272777.81,ÖDEME::Mic***oft Corporation::fatura kapama::371681,TR845546465806,GB389817496008,B20250620-358,INTERNET_BANKING
1000621,2026-03-28,1416237.19,ÖDEME::GOOG LLC::lisans yenileme::923471,IN828338861642,IN695225162386,B20260328-022,SWIFT_GATEWAY
1000825,2026-05-24,1242642.10,lisans yenileme nedeniyle TSLA MTRS LTD hesabına ticari ödeme,AE657522933144,GB927052953837,B20260524-625,BRANCH
1000604,2025-12-06,606359.39,ÖDEME::FNSP SLTNS PVT LTD::fatura kapama::548187,US967175396727,GB141196286809,B20251206-481,MOBILE_BANKING
1000921,2026-02-23,1283109.07,Monthly vendor payment; counterparty FNSP SLTNS PVT LTD; çoklu fatura ödemesi,GB253735176817,IE738806944726,B20260223-711,BRANCH
1000669,2025-03-07,744920.69,Alıcı unvanı: OrAcLe cOrPoRaTiOn; açıklama: iade düzeltmesi,TR826974865441,NL894693450161,B20250307-651,CORE_BANKING
1000842,2025-02-15,664468.08,TRF:Mehar Entertainment Private; açıklama=ön ödeme ve masraf; ref=662039,IN194446741773,IN112603981659,B20250215-771,SWIFT_GATEWAY
1000657,2025-01-13,1452024.39,Alıcı unvanı: TSLA MTRS LTD; açıklama: çoklu fatura ödemesi,GB866288970289,IN117495007844,B20250113-843,INTERNET_BANKING
1000964,2026-02-26,1469501.12,SWIFT /59/Oracle/70/manuel giriş yazım hatası REF 902494,AE477570289565,GB330778353557,B20260226-371,SWIFT_GATEWAY
1001091,2025-01-03,576438.03,GOOG hisse senedi işlem açıklamasıdır; ref=204115,TR829271815018,US961435271652,B20250103-211,MOBILE_BANKING
1001093,2025-02-04,684410.22,MSFT ticker bilgisi içeren rapor ücreti; ref=834547,IN579943897949,NL234663752043,B20250204-954,BRANCH
1000962,2026-06-20,1497499.72,ÖDEME::Microsoft::iade düzeltmesi::641497,TR219630097690,GB790019981983,B20260620-049,INTERNET_BANKING
1001047,2025-02-25,129057.88,AMZN ürün kodlu depo ekipmanı alımı,TR719090759278,US442294924612,B20250225-812,SWIFT_GATEWAY
1000612,2025-10-17,332570.99,INV-655198 supplier=Fin***re Solutions Private Limited; goods/services payment,TR742090422425,GB235400584386,B20251017-054,BRANCH
1001009,2026-01-10,535178.63,GOOG hisse senedi işlem açıklamasıdır; ref=822984,AE876479475419,GB906924605737,B20260110-923,INTERNET_BANKING
1000930,2025-05-08,1185967.87,ÖDEME::INDFRNSC SRVCS PVT LTD::lisans yenileme::215785,TR311956893778,NL889197692187,B20250508-204,MOBILE_BANKING
1000832,2026-02-21,770066.97,ÖDEME::MeHaR EnTeRtAiNmEnT PrIvAtE LiMiTeD::iade düzeltmesi::164422,IN907728581516,TR821134086649,B20260221-251,BRANCH
1000903,2026-05-12,382431.56,TRF:TeSlA MoToRs lTd; açıklama=fatura kapama; ref=654841,IN840853691431,TR414065540687,B20260512-731,MOBILE_BANKING
1000687,2025-11-06,41816.62,Monthly vendor payment; counterparty MiCrOsOfT CoRpOrAtIoN; ön ödeme ve masraf,IN706322424813,IE386641558143,B20251106-245,CORE_BANKING
1001040,2025-02-16,280161.75,Microsoft sertifikalı eğitim merkezi kurs ücreti,IN422604164744,NL576296278464,B20250216-478,CORE_BANKING
1001061,2025-08-31,672933.04,AMZN ürün kodlu depo ekipmanı alımı; ref=716036,DE878407413605,TR140330639750,B20250831-726,BRANCH
1000737,2025-12-19,935998.06,INV-179402 supplier=Google; goods/services payment,IN891058713384,NL571513411746,B20251219-310,BRANCH
1000989,2026-07-18,54526.82,AMZN ürün kodlu depo ekipmanı alımı,AE908061163931,IN122496257694,B20260718-144,INTERNET_BANKING
1000741,2025-08-07,669891.24,ÖDEME::AppleInc::çoklu fatura ödemesi::309681,GB948583544263,IE715357088123,B20250807-774,MOBILE_BANKING
1001059,2025-12-05,146602.85,Oracle kart oyunu turnuva katılım bedeli; ref=112954,IN141608305587,NL178445523682,B20251205-512,CORE_BANKING
1000675,2026-01-14,647003.76,ÖDEME::Mehar Entertainment Private::lisans yenileme::225141,TR631720680766,TR927643194383,B20260114-808,INTERNET_BANKING
1000932,2025-02-15,1328113.43,ÖDEME::Fin***re Solutions Private Limited::çoklu fatura ödemesi::684196,AE280991219928,TR665687528997,B20250215-758,BRANCH
1000973,2025-06-18,520511.65,Alıcı unvanı: OracleCorporation; açıklama: kurumsal abonelik,US136910475487,GB158590968050,B20250618-632,CORE_BANKING
1000682,2026-01-05,479788.00,ÖDEME::Ama*** Technologies Inc::kurumsal abonelik::398910,TR704308619239,IE285497866647,B20260105-803,SWIFT_GATEWAY
1000733,2025-01-30,266205.28,SWIFT /59/IBM***rporation/70/ön ödeme ve masraf REF 716587,TR191226748362,IN211205208363,B20250130-322,BRANCH
1000851,2026-04-07,586531.96,INV-505517 supplier=Meh***Entertainment Private Limited; goods/services payment,TR429027042347,US110857001910,B20260407-280,CORE_BANKING
1000982,2026-06-23,557401.39,Apple Inciri Gıda Tarım Limited ürün bedeli; ref=707464,AE643601764439,TR682857766407,B20260623-239,MOBILE_BANKING
1001083,2026-02-08,598976.98,Oracleoğlu Kafe organizasyon ödemesi; ref=338583,AE518875066086,IE311411019282,B20260208-640,BRANCH
1000859,2025-03-24,736272.82,SWIFT /59/INDFRNSC SRVCS PVT LTD/70/lisans yenileme REF 902254,IN901773428353,US737177611867,B20250324-572,SWIFT_GATEWAY
1001088,2026-03-01,310124.66,Microsoft sertifikalı eğitim merkezi kurs ücreti,AE568991908789,GB188378857674,B20260301-343,BRANCH
1000782,2025-06-30,993527.86,SWIFT /59/FinspireSolutionsPrivateLimited/70/manuel giriş yazım hatası REF 798747,IN677110024873,US664115344527,B20250630-259,CORE_BANKING
1000920,2026-02-01,261284.88,TRF:IndiaforensicServicesPvtLtd; açıklama=iade düzeltmesi; ref=739546,US162062338637,US676232048539,B20260201-768,SWIFT_GATEWAY
1000695,2025-10-27,1148124.26,SWIFT /59/Fin***re Solutions Private Limited/70/ön ödeme ve masraf REF 631237,DE685396478920,GB380676923557,B20251027-561,SWIFT_GATEWAY
1000874,2025-09-15,697861.30,Alıcı unvanı: MeharEntertainmentPrivateLimited; açıklama: kurumsal abonelik,TR695655213473,GB600387643980,B20250915-392,INTERNET_BANKING
1000619,2026-03-04,588307.90,INV-829411 supplier=IbM CoRpOrAtIoN; goods/services payment,DE478734601203,GB944964249957,B20260304-402,SWIFT_GATEWAY
1000940,2025-03-03,1391769.19,INV-260753 supplier=Oracle/Corporation; goods/services payment,US309852973933,IE400850889028,B20250303-922,INTERNET_BANKING
1000652,2026-06-15,46913.62,TRF:AmazonTechnologiesInc; açıklama=ön ödeme ve masraf; ref=395519,TR297263016942,TR232777002063,B20260615-149,INTERNET_BANKING
1000689,2025-08-26,1102530.98,Monthly vendor payment; counterparty MiCrOsOfT CoRpOrAtIoN; danışmanlık hizmeti,GB913692982979,IN499694252302,B20250826-724,BRANCH
1000869,2025-09-27,798864.22,SWIFT /59/MeharEntertainmentPrivateLimited/70/iade düzeltmesi REF 453959,TR812998548234,GB328112805758,B20250927-749,INTERNET_BANKING
1001049,2025-02-05,370080.96,Microsoft sertifikalı eğitim merkezi kurs ücreti; ref=628704,TR414459683387,NL633554581063,B20250205-470,CORE_BANKING
1000821,2025-11-22,992306.74,iade düzeltmesi nedeniyle MeharEntertainmentPrivateLimited hesabına ticari ödeme,TR549083808327,GB893217178356,B20251122-095,SWIFT_GATEWAY
1000839,2025-10-04,128085.89,TRF:Microsoft/Corporation; açıklama=danışmanlık hizmeti; ref=266605,AE924759235851,TR627404127794,B20251004-504,BRANCH
1000635,2025-02-03,185844.32,ÖDEME::AAPL INC::lisans yenileme::327239,IN728125477394,US112613006244,B20250203-254,SWIFT_GATEWAY
1000806,2026-07-25,95765.72,ÖDEME::Finspire/Solutions/Private/Limited::manuel giriş yazım hatası::223044,GB664752514874,IE570593584005,B20260725-302,CORE_BANKING
1000891,2026-05-23,285168.22,INV-405167 supplier=TSLA MTRS LTD; goods/services payment,TR224983813718,US382840981845,B20260523-487,BRANCH
1000750,2025-03-16,50668.78,Beneficiary [Fin***re Solutions Private Limited] / customer note: fatura kapama,US837384193521,US910228522756,B20250316-636,BRANCH
1000765,2025-03-07,668261.14,Alıcı unvanı: Mic***oft Corporation; açıklama: çoklu fatura ödemesi,AE513735709913,IE302169133157,B20250307-577,SWIFT_GATEWAY
1000776,2026-07-15,482662.50,ÖDEME::Tesla Motors::danışmanlık hizmeti::684746,US927925622942,IE338417084441,B20260715-185,BRANCH
1000699,2025-10-02,549296.84,ön ödeme ve masraf nedeniyle Ind***orensic Services Pvt Ltd hesabına ticari ödeme,US957069101581,TR840307221029,B20251002-789,MOBILE_BANKING
1000738,2025-12-29,258141.53,Beneficiary [Mehar/Entertainment/Private/Limited] / customer note: çoklu fatura ödemesi,TR750140911425,US146073434114,B20251229-968,CORE_BANKING
1001011,2026-02-10,438624.36,ORCL kodlu eğitim materyali,US415249814045,IE457992504012,B20260210-933,INTERNET_BANKING
1000954,2026-02-03,209711.77,çoklu fatura ödemesi nedeniyle TSLA MTRS LTD hesabına ticari ödeme,TR171693508596,TR731269544636,B20260203-573,CORE_BANKING
1000636,2025-10-24,548782.85,TRF:FNSP SLTNS PVT LTD; açıklama=kurumsal abonelik; ref=629026,TR944978849103,NL414675416968,B20251024-567,CORE_BANKING
1000999,2025-04-18,642618.45,AMZN ürün kodlu depo ekipmanı alımı,US308177027505,GB295073036290,B20250418-799,BRANCH
1000988,2025-06-13,203221.46,Apple Inciri Gıda Tarım Limited ürün bedeli; ref=754579,GB219660260596,IN455429943772,B20250613-453,BRANCH
1001087,2025-01-23,42263.33,Apple Market Gıda ürünleri toplu sipariş; ref=498285,TR340130144170,GB387910839070,B20250123-435,INTERNET_BANKING
1000850,2025-04-30,1113451.86,TRF:Goo*** LLC; açıklama=manuel giriş yazım hatası; ref=167466,GB724417106781,US637315546947,B20250430-288,CORE_BANKING
1000917,2025-05-13,1002713.90,Beneficiary [Ora*** Corporation] / customer note: çoklu fatura ödemesi,TR431128190919,GB162653611704,B20250513-124,CORE_BANKING
1000658,2025-05-12,292849.88,Alıcı unvanı: Oracle; açıklama: manuel giriş yazım hatası,TR181476424897,NL361055524467,B20250512-060,CORE_BANKING
1000868,2025-09-19,1084576.24,Monthly vendor payment; counterparty Indiaforensic/Services/Pvt/Ltd; danışmanlık hizmeti,DE947642356146,TR727647310322,B20250919-621,INTERNET_BANKING
1000837,2025-12-23,243316.73,INV-326868 supplier=Tesla Motors; goods/services payment,GB809624109813,IN643837133415,B20251223-314,CORE_BANKING
1000602,2025-08-30,6527.01,Beneficiary [App***Inc] / customer note: manuel giriş yazım hatası,IN302683387770,US832601699443,B20250830-952,CORE_BANKING
1001037,2026-05-03,458528.15,Apple Inciri Gıda Tarım Limited ürün bedeli; ref=239078,DE585575606753,US619278686548,B20260503-901,INTERNET_BANKING
1000794,2025-03-31,144416.53,lisans yenileme nedeniyle IBM/Corporation hesabına ticari ödeme,GB878714031104,GB409381277982,B20250331-359,CORE_BANKING
1000661,2026-05-10,388011.21,Monthly vendor payment; counterparty AAPL INC; iade düzeltmesi,DE671826390899,TR379641992669,B20260510-741,CORE_BANKING
1000732,2025-04-03,558078.37,Alıcı unvanı: Indiaforensic/Services/Pvt/Ltd; açıklama: lisans yenileme,DE313912082926,IN869553503776,B20250403-095,SWIFT_GATEWAY
1000751,2025-06-15,1119224.10,TRF:AMZN TECH INC; açıklama=iade düzeltmesi; ref=863111,GB701513144544,NL817636387376,B20250615-346,INTERNET_BANKING
1000616,2026-01-07,247623.61,TRF:IBM***rporation; açıklama=kurumsal abonelik; ref=726817,DE694887579854,IE112615018559,B20260107-295,MOBILE_BANKING
1000952,2026-03-16,1384954.42,kurumsal abonelik nedeniyle Amazon/Technologies/Inc hesabına ticari ödeme,IN452180010523,TR717510828769,B20260316-176,CORE_BANKING
1000863,2025-12-18,435117.46,ön ödeme ve masraf nedeniyle Mehar Entertainment Private hesabına ticari ödeme,GB177216825462,IN791594591487,B20251218-987,CORE_BANKING
1001003,2025-10-16,477298.73,ORCL kodlu eğitim materyali; ref=730130,DE915068158169,US655973779046,B20251016-195,BRANCH
1000713,2026-01-02,116091.47,Alıcı unvanı: Oracle/Corporation; açıklama: ön ödeme ve masraf,GB190964508835,NL402017950386,B20260102-122,INTERNET_BANKING
1001042,2026-02-23,56942.51,GOOG hisse senedi işlem açıklamasıdır; ref=392562,IN710472360762,NL680580126510,B20260223-814,INTERNET_BANKING
1000843,2026-05-06,990804.37,Monthly vendor payment; counterparty Tesla Motors; iade düzeltmesi,DE538164608566,IN138968921523,B20260506-426,SWIFT_GATEWAY
1000660,2025-10-31,893082.89,Alıcı unvanı: Apple; açıklama: manuel giriş yazım hatası,US156123251893,IN625787999784,B20251031-506,MOBILE_BANKING
1000626,2025-08-16,40985.51,ÖDEME::AMZN TECH INC::lisans yenileme::654736,GB621226059260,TR554070594311,B20250816-933,MOBILE_BANKING
1001017,2026-04-28,255818.12,Apple Market Gıda ürünleri toplu sipariş,IN521959024981,IN439653515691,B20260428-066,BRANCH
1000971,2025-01-22,374802.11,ÖDEME::OracleCorporation::danışmanlık hizmeti::982174,GB418531028198,IE809603185084,B20250122-721,CORE_BANKING
1000721,2026-03-20,85637.81,Beneficiary [IndiaforensicServicesPvtLtd] / customer note: ön ödeme ve masraf,US230043853889,US677601713756,B20260320-534,CORE_BANKING
1000801,2026-06-08,217087.83,Monthly vendor payment; counterparty Amazon Technologies; danışmanlık hizmeti,IN645441011063,US901806880050,B20260608-519,MOBILE_BANKING
1000686,2025-11-22,1139215.03,ÖDEME::IBM/Corporation::danışmanlık hizmeti::338058,US633564228027,TR709828478312,B20251122-418,CORE_BANKING
1000613,2025-11-19,231158.58,SWIFT /59/FinspireSolutionsPrivateLimited/70/kurumsal abonelik REF 517435,GB238870429085,NL896350098732,B20251119-192,SWIFT_GATEWAY
1000879,2026-03-07,796719.12,SWIFT /59/AAPL INC/70/manuel giriş yazım hatası REF 378287,GB229441912489,TR607294270752,B20260307-176,BRANCH
1000755,2026-06-27,172516.38,lisans yenileme nedeniyle INDFRNSC SRVCS PVT LTD hesabına ticari ödeme,DE576159997292,US387102875922,B20260627-082,MOBILE_BANKING
1000706,2026-02-12,633240.99,TRF:Amazon/Technologies/Inc; açıklama=fatura kapama; ref=214203,US842337916262,TR984639810046,B20260212-682,BRANCH
1000618,2026-07-21,1405698.19,Monthly vendor payment; counterparty MHR ENTMNT PVT LTD; manuel giriş yazım hatası,DE383564082895,NL706614748639,B20260721-384,MOBILE_BANKING
1000637,2025-08-07,1141789.62,Monthly vendor payment; counterparty Mic***oft Corporation; iade düzeltmesi,AE299105757151,NL333346698018,B20250807-703,SWIFT_GATEWAY
1001000,2026-06-04,230865.16,Amazon bölgesi araştırma projesi seyahat avansı; ref=719186,DE189598571713,US126354214274,B20260604-767,INTERNET_BANKING
1001064,2025-02-23,335719.86,MSFT ticker bilgisi içeren rapor ücreti,AE619607251585,US535331974684,B20250223-047,SWIFT_GATEWAY
1001015,2026-04-03,98033.75,Amazon bölgesi araştırma projesi seyahat avansı; ref=895127,GB461425210378,IE699722149757,B20260403-275,MOBILE_BANKING
1000958,2025-08-21,961223.65,Monthly vendor payment; counterparty IbM CoRpOrAtIoN; fatura kapama,AE727707934447,GB221129826761,B20250821-200,MOBILE_BANKING
1000926,2025-07-20,1425585.48,ÖDEME::GoogleLLC::fatura kapama::868807,DE605559417472,TR323919031937,B20250720-649,INTERNET_BANKING
1001051,2025-07-30,310530.05,Google kelimesi arama yapmak anlamında kullanılmıştır,GB378333269190,GB907392923553,B20250730-183,CORE_BANKING
1000996,2025-03-26,126936.84,Apple Inciri Gıda Tarım Limited ürün bedeli,US414945111097,IN305528024927,B20250326-004,MOBILE_BANKING
1000745,2026-02-11,598027.69,danışmanlık hizmeti nedeniyle Google hesabına ticari ödeme,US564467713200,TR226078525170,B20260211-075,MOBILE_BANKING
1001036,2026-02-20,39435.74,Oracleoğlu Kafe organizasyon ödemesi; ref=989152,TR709148410918,NL778792798278,B20260220-489,MOBILE_BANKING
1000907,2026-05-30,589627.72,ÖDEME::Google::ön ödeme ve masraf::337664,DE420500925438,TR907775999066,B20260530-401,SWIFT_GATEWAY
1000718,2025-02-25,266238.54,ÖDEME::OrAcLe cOrPoRaTiOn::ön ödeme ve masraf::965447,IN558881920027,NL934512923526,B20250225-793,MOBILE_BANKING
1000722,2025-03-27,818457.62,manuel giriş yazım hatası nedeniyle IbM CoRpOrAtIoN hesabına ticari ödeme,GB340472838892,TR964976564452,B20250327-493,BRANCH
1001090,2026-05-31,81123.62,IBM kodlu makine parçası satın alımı; ref=561656,GB605710983572,GB707701170775,B20260531-412,SWIFT_GATEWAY
1000950,2025-03-27,32268.57,Monthly vendor payment; counterparty AppleInc; fatura kapama,IN860869054207,US631288628145,B20250327-387,BRANCH
1001025,2026-07-03,522031.88,GOOG hisse senedi işlem açıklamasıdır,AE945738309715,IN964600363215,B20260703-211,BRANCH
1000769,2025-11-11,470689.77,Monthly vendor payment; counterparty AAPL INC; iade düzeltmesi,AE366730432486,IN690405809242,B20251111-848,INTERNET_BANKING
1001099,2026-06-19,275147.60,GOOG hisse senedi işlem açıklamasıdır; ref=536652,GB868625995057,NL376393331549,B20260619-066,BRANCH
1000740,2025-10-01,1481992.32,INV-243064 supplier=ApPlE InC; goods/services payment,AE897619309179,IE800548999053,B20251001-007,INTERNET_BANKING
1000774,2026-03-24,124583.26,manuel giriş yazım hatası nedeniyle Amazon/Technologies/Inc hesabına ticari ödeme,GB778572662353,US768414372759,B20260324-790,INTERNET_BANKING
1001002,2026-07-02,69204.14,Apple Inciri Gıda Tarım Limited ürün bedeli; ref=496634,US794856841657,US104265591317,B20260702-078,BRANCH
1000986,2025-02-20,94157.73,GOOG hisse senedi işlem açıklamasıdır; ref=570514,GB370455547849,IN504592725301,B20250220-257,CORE_BANKING
1000945,2025-12-08,1386284.16,Alıcı unvanı: IbM CoRpOrAtIoN; açıklama: danışmanlık hizmeti,US491870850862,US988815337439,B20251208-575,CORE_BANKING
1000656,2025-05-14,774982.27,Alıcı unvanı: Microsoft; açıklama: kurumsal abonelik,AE180242790430,IN842750838626,B20250514-870,CORE_BANKING
1000610,2025-09-23,470858.32,SWIFT /59/IbM CoRpOrAtIoN/70/danışmanlık hizmeti REF 158271,AE572844014878,IE858523886349,B20250923-386,INTERNET_BANKING
1000819,2025-01-11,506900.33,Monthly vendor payment; counterparty IBMCorporation; çoklu fatura ödemesi,TR167691866826,IN352255268867,B20250111-337,CORE_BANKING
1000931,2026-01-09,230037.11,SWIFT /59/Indiaforensic/Services/Pvt/Ltd/70/lisans yenileme REF 244561,TR148733428441,US159143753861,B20260109-076,INTERNET_BANKING
1001086,2025-04-09,398535.75,AAPL yalnızca yatırım portföyü açıklama kodudur,IN374188342059,US904802535915,B20250409-364,BRANCH
1000910,2025-09-20,1000218.82,Alıcı unvanı: Ora*** Corporation; açıklama: çoklu fatura ödemesi,AE169956213203,GB770485972718,B20250920-441,SWIFT_GATEWAY
1000680,2026-06-19,1239941.90,lisans yenileme nedeniyle Apple/Inc hesabına ticari ödeme,US753888856210,TR313296987376,B20260619-891,INTERNET_BANKING
1000666,2025-10-06,1200459.68,Monthly vendor payment; counterparty ORCL CORP; manuel giriş yazım hatası,TR498301316313,TR847538791868,B20251006-427,CORE_BANKING
1000883,2025-05-10,525918.98,TRF:Oracle; açıklama=çoklu fatura ödemesi; ref=756843,IN687086553003,NL923414680534,B20250510-095,INTERNET_BANKING
1000708,2025-06-04,571027.11,INV-150634 supplier=GoOgLe lLc; goods/services payment,TR482244517680,US207649121519,B20250604-612,BRANCH
1000967,2025-07-17,1012500.76,TRF:Amazon/Technologies/Inc; açıklama=lisans yenileme; ref=130578,US921813759799,GB626449874117,B20250717-791,CORE_BANKING
1000925,2026-01-30,564904.83,ön ödeme ve masraf nedeniyle Oracle/Corporation hesabına ticari ödeme,TR350298545565,GB333510579819,B20260130-958,INTERNET_BANKING
1000818,2026-03-30,531009.66,TRF:GoOgLe lLc; açıklama=kurumsal abonelik; ref=254243,US373107497122,TR605344592217,B20260330-030,INTERNET_BANKING
1000880,2026-04-17,1135784.27,ÖDEME::App***Inc::ön ödeme ve masraf::440914,DE889208032602,GB633600382627,B20260417-642,SWIFT_GATEWAY
1000814,2026-07-17,237402.87,Monthly vendor payment; counterparty Microsoft/Corporation; danışmanlık hizmeti,GB170628652628,IN126100419321,B20260717-547,BRANCH
1000716,2026-03-26,1483158.82,Monthly vendor payment; counterparty Ama*** Technologies Inc; fatura kapama,TR785328894227,IN916294874730,B20260326-514,MOBILE_BANKING
1001048,2025-10-12,495850.46,GOOG hisse senedi işlem açıklamasıdır; ref=736357,IN881184903663,IE868815382908,B20251012-112,MOBILE_BANKING
1000875,2026-04-14,1336809.18,INV-873956 supplier=Meh***Entertainment Private Limited; goods/services payment,GB814960671237,IE194392041752,B20260414-655,INTERNET_BANKING
1000909,2026-04-21,108724.69,INV-292156 supplier=Ind***orensic Services Pvt Ltd; goods/services payment,US989166459269,IN366558121938,B20260421-083,BRANCH
1000835,2025-12-20,344594.59,TRF:AMZN TECH INC; açıklama=kurumsal abonelik; ref=741825,GB764701323692,NL381263470753,B20251220-204,MOBILE_BANKING
1000960,2026-01-19,273677.34,Monthly vendor payment; counterparty MiCrOsOfT CoRpOrAtIoN; lisans yenileme,US304497103003,IE560296517712,B20260119-070,SWIFT_GATEWAY
1000845,2025-01-09,955840.84,ÖDEME::Apple::iade düzeltmesi::505065,DE127946855830,US670174858561,B20250109-104,CORE_BANKING
1000743,2025-12-12,850391.44,Beneficiary [Ora*** Corporation] / customer note: ön ödeme ve masraf,US485587802706,NL421256190658,B20251212-095,MOBILE_BANKING
1001076,2026-06-05,212396.99,Oracle kart oyunu turnuva katılım bedeli; ref=797314,GB699108902201,TR574566248657,B20260605-510,INTERNET_BANKING
1001075,2026-03-28,725884.40,ORCL kodlu eğitim materyali,US212665635611,GB125646872140,B20260328-676,CORE_BANKING
1000791,2025-07-07,1269929.98,Monthly vendor payment; counterparty MeharEntertainmentPrivateLimited; danışmanlık hizmeti,IN313447796268,TR456261332700,B20250707-843,BRANCH
1000654,2026-06-07,1244535.45,SWIFT /59/GoOgLe lLc/70/lisans yenileme REF 885786,AE429972013423,IN376540882221,B20260607-628,BRANCH
1000624,2025-10-08,720927.06,manuel giriş yazım hatası nedeniyle Microsoft/Corporation hesabına ticari ödeme,GB826348095627,IE653492518711,B20251008-002,CORE_BANKING
1000756,2025-01-20,1292070.42,TRF:MeharEntertainmentPrivateLimited; açıklama=iade düzeltmesi; ref=744960,GB307108145091,NL721719754688,B20250120-607,SWIFT_GATEWAY
1000813,2025-06-03,909123.81,INV-837201 supplier=IndiaforensicServicesPvtLtd; goods/services payment,TR970591538554,US491060643098,B20250603-925,INTERNET_BANKING
1000966,2026-06-18,95620.85,ÖDEME::Indiaforensic/Services/Pvt/Ltd::iade düzeltmesi::582415,DE696552786689,TR542479491943,B20260618-517,BRANCH
1000798,2026-01-16,1200481.90,danışmanlık hizmeti nedeniyle IndiaforensicServicesPvtLtd hesabına ticari ödeme,GB584768964537,IN364912100665,B20260116-023,INTERNET_BANKING
1000938,2026-05-24,665501.04,SWIFT /59/IBM***rporation/70/kurumsal abonelik REF 295757,TR775049678446,IE321204225924,B20260524-297,INTERNET_BANKING
1000664,2025-03-13,208926.87,Monthly vendor payment; counterparty Ind***orensic Services Pvt Ltd; lisans yenileme,AE407693487762,IE764475785454,B20250313-443,MOBILE_BANKING
1000665,2025-01-18,641247.72,TRF:Apple/Inc; açıklama=ön ödeme ve masraf; ref=834297,AE659278304393,IN607083976505,B20250118-647,MOBILE_BANKING
1000992,2025-05-22,254084.38,MSFT ticker bilgisi içeren rapor ücreti; ref=935223,AE190369487575,IN830016684081,B20250522-731,CORE_BANKING
1000725,2026-03-10,422056.23,Alıcı unvanı: Mehar/Entertainment/Private/Limited; açıklama: kurumsal abonelik,AE639894925004,US680633995985,B20260310-379,BRANCH
1000766,2026-01-17,95082.72,INV-222141 supplier=FinspireSolutionsPrivateLimited; goods/services payment,GB441255864780,IN442540896839,B20260117-184,BRANCH
1000831,2026-05-18,934068.92,TRF:Google/LLC; açıklama=fatura kapama; ref=338863,IN646857390396,TR992328402904,B20260518-590,CORE_BANKING
1001050,2025-09-16,416020.59,IBM kodlu makine parçası satın alımı,DE462989531952,IE281719303297,B20250916-778,SWIFT_GATEWAY
1000975,2026-02-03,943713.51,INV-534468 supplier=Amazon/Technologies/Inc; goods/services payment,DE131630286261,IE119450296175,B20260203-629,INTERNET_BANKING
1000919,2026-06-15,593896.15,fatura kapama nedeniyle MSFT CORP hesabına ticari ödeme,IN296421378029,NL371810039947,B20260615-660,INTERNET_BANKING
1001046,2025-04-24,257736.75,Apple Inciri Gıda Tarım Limited ürün bedeli; ref=409303,AE779442153199,US423036156259,B20250424-552,INTERNET_BANKING
1000641,2025-10-13,1456453.93,ÖDEME::TeslaMotorsLtd::manuel giriş yazım hatası::935069,DE175972406286,IN430460340252,B20251013-372,INTERNET_BANKING
1000650,2025-10-12,189030.19,ÖDEME::MiCrOsOfT CoRpOrAtIoN::kurumsal abonelik::779125,GB140761539450,TR923290295607,B20251012-905,BRANCH
1000739,2025-01-16,460233.83,ÖDEME::Google/LLC::lisans yenileme::382324,IN653588750782,TR512274126549,B20250116-827,BRANCH
1000712,2025-06-28,875222.69,Alıcı unvanı: MSFT CORP; açıklama: kurumsal abonelik,GB603777565133,US328350627664,B20250628-518,CORE_BANKING
1000906,2025-01-26,656388.04,SWIFT /59/GoogleLLC/70/iade düzeltmesi REF 738718,IN618087190944,IN517279629105,B20250126-469,MOBILE_BANKING
1000922,2025-06-10,1346159.87,SWIFT /59/Oracle/Corporation/70/ön ödeme ve masraf REF 194618,TR330963739244,US591814318976,B20250610-855,INTERNET_BANKING
1000905,2025-10-26,450968.34,Alıcı unvanı: InDiAfOrEnSiC SeRvIcEs pVt lTd; açıklama: ön ödeme ve masraf,IN190320180300,IE400274214007,B20251026-640,CORE_BANKING
1001022,2025-08-12,719875.27,Oracleoğlu Kafe organizasyon ödemesi; ref=435430,US338405528743,IN160872243281,B20250812-245,SWIFT_GATEWAY
1000800,2026-06-06,309247.06,TRF:TeSlA MoToRs lTd; açıklama=çoklu fatura ödemesi; ref=754271,AE829426666610,IN720868361743,B20260606-211,INTERNET_BANKING
1000684,2025-09-07,1308157.98,INV-701669 supplier=AmazonTechnologiesInc; goods/services payment,US965859228262,NL826826418023,B20250907-602,BRANCH
1001031,2025-12-13,453350.66,Amazon bölgesi araştırma projesi seyahat avansı; ref=533459,DE469055882308,GB298496225561,B20251213-550,MOBILE_BANKING
1001062,2025-05-22,590601.05,Oracleoğlu Kafe organizasyon ödemesi,TR103118696247,IE857499118210,B20250522-729,MOBILE_BANKING
1000754,2025-04-06,586566.82,Monthly vendor payment; counterparty GOOG LLC; danışmanlık hizmeti,GB713284506441,IN556044762033,B20250406-932,MOBILE_BANKING
1000710,2026-01-31,522423.12,SWIFT /59/AmazonTechnologiesInc/70/lisans yenileme REF 860817,TR814031957862,US371395500078,B20260131-374,BRANCH
1000860,2025-10-06,1488827.59,Beneficiary [Fin***re Solutions Private Limited] / customer note: danışmanlık hizmeti,GB697213286748,US645307767761,B20251006-521,BRANCH
1000947,2026-04-16,1410398.17,kurumsal abonelik nedeniyle Oracle hesabına ticari ödeme,US286754159796,US419411343001,B20260416-958,MOBILE_BANKING
1000772,2025-12-26,997272.76,Alıcı unvanı: Tesla Motors; açıklama: danışmanlık hizmeti,IN419719783415,GB169248546678,B20251226-138,SWIFT_GATEWAY
1000854,2025-10-22,454725.11,Beneficiary [Goo*** LLC] / customer note: çoklu fatura ödemesi,US356594817323,US470940914304,B20251022-428,INTERNET_BANKING
1000865,2025-02-25,980974.43,Monthly vendor payment; counterparty IBM/Corporation; manuel giriş yazım hatası,GB329699543996,NL853845374959,B20250225-091,INTERNET_BANKING
1000885,2026-06-27,1213536.09,SWIFT /59/AppleInc/70/danışmanlık hizmeti REF 634767,IN405504937472,US411767107459,B20260627-661,INTERNET_BANKING
1000816,2025-12-12,69168.76,INV-896948 supplier=IBM***rporation; goods/services payment,TR632382775172,GB773308087453,B20251212-773,CORE_BANKING
1000838,2026-06-27,910284.23,Alıcı unvanı: Apple; açıklama: ön ödeme ve masraf,IN499996678762,IE758716391908,B20260627-236,INTERNET_BANKING
1000693,2025-01-30,900655.35,iade düzeltmesi nedeniyle ORCL CORP hesabına ticari ödeme,US227869394831,GB188697723516,B20250130-563,BRANCH
1000959,2026-06-22,1012162.26,lisans yenileme nedeniyle Ora*** Corporation hesabına ticari ödeme,GB103716775116,GB494099500331,B20260622-199,BRANCH
1001092,2026-05-31,417964.79,Microsoft sertifikalı eğitim merkezi kurs ücreti,IN445287363769,IE956609657564,B20260531-974,INTERNET_BANKING
1000803,2026-02-24,243899.50,Monthly vendor payment; counterparty Finspire Solutions Private; lisans yenileme,GB300910953916,IE423226188889,B20260224-443,BRANCH
1000601,2025-12-04,564861.24,ÖDEME::Fin***re Solutions Private Limited::fatura kapama::401873,AE144334300837,TR527317094047,B20251204-518,BRANCH
1000734,2026-06-25,185603.37,Alıcı unvanı: AmazonTechnologiesInc; açıklama: çoklu fatura ödemesi,US263098776015,IE394984779114,B20260625-512,SWIFT_GATEWAY
1000861,2026-04-20,654020.02,SWIFT /59/Oracle/Corporation/70/iade düzeltmesi REF 566567,TR883915347226,GB207207308243,B20260420-789,SWIFT_GATEWAY
1000707,2025-06-20,1230668.98,TRF:MicrosoftCorporation; açıklama=iade düzeltmesi; ref=838234,GB479162849018,IN633728842920,B20250620-922,MOBILE_BANKING
1000724,2025-10-05,331121.25,kurumsal abonelik nedeniyle AmazonTechnologiesInc hesabına ticari ödeme,DE190304504003,US535530960626,B20251005-908,SWIFT_GATEWAY
1000985,2025-05-03,582934.98,Microsoft sertifikalı eğitim merkezi kurs ücreti; ref=441375,AE154906086398,GB477781705911,B20250503-654,MOBILE_BANKING
1001041,2025-06-08,304037.90,ORCL kodlu eğitim materyali,AE648531401183,US693767361216,B20250608-236,CORE_BANKING
1000723,2025-06-01,201783.14,çoklu fatura ödemesi nedeniyle INTL BUS MACH CORP hesabına ticari ödeme,DE501156736132,IE287196361833,B20250601-899,CORE_BANKING
1000844,2025-07-10,63524.34,INV-451095 supplier=Amazon Technologies; goods/services payment,GB972204655325,IE972656626689,B20250710-629,CORE_BANKING
1000696,2025-12-10,223404.88,INV-515473 supplier=Tesla/Motors/Ltd; goods/services payment,GB687619536434,IE303356069609,B20251210-841,MOBILE_BANKING
1000704,2025-03-18,515724.59,Beneficiary [AmazonTechnologiesInc] / customer note: iade düzeltmesi,AE613170341201,IE621190100880,B20250318-884,CORE_BANKING
1000911,2026-02-05,709731.71,INV-627353 supplier=Google/LLC; goods/services payment,TR392489841127,US507024412565,B20260205-364,BRANCH
1000957,2026-05-14,1329790.26,Alıcı unvanı: IBM/Corporation; açıklama: danışmanlık hizmeti,DE419968733425,US342287545688,B20260514-592,BRANCH
1001005,2026-06-10,182771.21,Amazon bölgesi araştırma projesi seyahat avansı; ref=825447,DE242693287582,IE470159066570,B20260610-890,MOBILE_BANKING
1000752,2025-11-05,247425.11,SWIFT /59/Google/70/fatura kapama REF 661981,US444785119215,GB425267403124,B20251105-660,BRANCH
1000709,2025-07-23,1178376.89,danışmanlık hizmeti nedeniyle IBM hesabına ticari ödeme,IN562321727649,IE867143264784,B20250723-868,INTERNET_BANKING
1000767,2026-05-03,469839.11,lisans yenileme nedeniyle Finspire/Solutions/Private/Limited hesabına ticari ödeme,TR227165291470,IN925394223532,B20260503-472,SWIFT_GATEWAY
1000697,2025-09-13,182032.01,TRF:TeslaMotorsLtd; açıklama=lisans yenileme; ref=222645,GB401691640214,IN101977614633,B20250913-617,CORE_BANKING
1000913,2026-06-24,996593.17,SWIFT /59/IBM/Corporation/70/ön ödeme ve masraf REF 107222,US470817982636,GB652857702425,B20260624-249,BRANCH
1000770,2025-04-08,264640.24,SWIFT /59/Goo*** LLC/70/lisans yenileme REF 243240,DE707655912662,TR141448066545,B20250408-540,CORE_BANKING
1000608,2026-02-14,433239.29,Alıcı unvanı: AmAzOn tEcHnOlOgIeS InC; açıklama: ön ödeme ve masraf,AE785978310708,IN368259449992,B20260214-954,INTERNET_BANKING
1001001,2025-05-10,552220.97,Tesla bobini laboratuvar ekipmanı bakım ödemesi; ref=275005,GB430520787907,TR107390105525,B20250510-562,MOBILE_BANKING
1000646,2025-09-19,1114695.09,çoklu fatura ödemesi nedeniyle App***Inc hesabına ticari ödeme,TR190984589973,IE926300743734,B20250919-871,BRANCH
1000662,2026-06-08,863824.53,Beneficiary [FiNsPiRe sOlUtIoNs pRiVaTe lImItEd] / customer note: lisans yenileme,DE253749834104,NL349562975238,B20260608-539,MOBILE_BANKING
1001024,2025-01-27,57049.48,MSFT ticker bilgisi içeren rapor ücreti; ref=966888,AE702168161123,TR584849213172,B20250127-637,CORE_BANKING
1001052,2025-10-04,293917.70,Oracleoğlu Kafe organizasyon ödemesi; ref=718667,GB234441468206,IE571564484469,B20251004-524,SWIFT_GATEWAY
1000864,2025-07-23,199664.37,ÖDEME::Amazon/Technologies/Inc::kurumsal abonelik::166432,GB863147899597,NL432700331729,B20250723-614,INTERNET_BANKING
1000847,2025-01-12,625528.82,ÖDEME::IBM/Corporation::ön ödeme ve masraf::355448,US216964997890,GB382501142651,B20250112-299,INTERNET_BANKING
1000983,2025-06-11,712010.41,IBM kodlu makine parçası satın alımı,AE816425499185,GB894613942993,B20250611-630,SWIFT_GATEWAY
1001038,2026-01-11,638715.47,Google kelimesi arama yapmak anlamında kullanılmıştır; ref=617407,AE598286208675,US684725218796,B20260111-178,MOBILE_BANKING
1000894,2025-03-12,1219386.04,Alıcı unvanı: Amazon/Technologies/Inc; açıklama: danışmanlık hizmeti,GB151179113723,IE877329280837,B20250312-918,INTERNET_BANKING
1000638,2025-08-16,1372592.00,TRF:IBM; açıklama=fatura kapama; ref=892563,DE639674365088,NL666245104813,B20250816-552,INTERNET_BANKING
1000811,2025-12-15,901669.48,TRF:INTL BUS MACH CORP; açıklama=çoklu fatura ödemesi; ref=249184,GB731684209606,US182961372430,B20251215-339,SWIFT_GATEWAY
1000768,2026-06-22,123896.21,Alıcı unvanı: AmazonTechnologiesInc; açıklama: çoklu fatura ödemesi,GB509441572536,US614905058233,B20260622-205,SWIFT_GATEWAY
1000946,2026-04-04,1194784.48,TRF:MeHaR EnTeRtAiNmEnT PrIvAtE LiMiTeD; açıklama=iade düzeltmesi; ref=566744,AE176205839013,TR598234362829,B20260404-321,CORE_BANKING
1000808,2026-03-10,967337.97,SWIFT /59/Oracle/Corporation/70/iade düzeltmesi REF 853200,AE775827140606,IN899623532977,B20260310-819,CORE_BANKING
1000956,2025-03-01,667218.75,Beneficiary [IBM/Corporation] / customer note: lisans yenileme,AE118709256217,NL611295773735,B20250301-926,INTERNET_BANKING
1000611,2025-07-02,775892.29,ÖDEME::Google/LLC::ön ödeme ve masraf::139730,TR282798094921,IN129138960406,B20250702-441,BRANCH
1000744,2025-04-26,565412.45,danışmanlık hizmeti nedeniyle MicrosoftCorporation hesabına ticari ödeme,AE411533872957,GB985632009884,B20250426-946,MOBILE_BANKING
1000702,2026-02-20,72771.42,çoklu fatura ödemesi nedeniyle OracleCorporation hesabına ticari ödeme,US998926333139,NL968611354876,B20260220-439,MOBILE_BANKING
1001019,2025-12-09,614617.32,IBM kodlu makine parçası satın alımı,US251639757552,GB498180837540,B20251209-705,INTERNET_BANKING
1000877,2025-11-12,932453.41,TRF:OrAcLe cOrPoRaTiOn; açıklama=manuel giriş yazım hatası; ref=851559,DE935825190306,IE973620952861,B20251112-517,INTERNET_BANKING
1000826,2025-08-19,919987.79,ÖDEME::Microsoft/Corporation::çoklu fatura ödemesi::927630,TR928013505988,IE924009379057,B20250819-353,INTERNET_BANKING
