eft_id,description,normalized_description,company_id,company_name,alias,candidate_source,candidate_filter_score,fuzzy_score,vector_score,acronym_score,rule_score,final_score,risk_level,reason
26323,AEPS INC DT 05-01-2019 RO,aeps incorporated dt 05 01 2019 ro,5,Delta Export Incorporated,delta exp incorporated,fuzzy_fallback,0.8205,0.855,0.4969,0.0,0.0,0.5766,Low Risk,Aday şirket fuzzy fallback ile bulundu. Yazımsal benzerlik yüksek bulundu.
26679,AEPS INC DT 03-02-2019 RO,aeps incorporated dt 03 02 2019 ro,5,Delta Export Incorporated,delta exp incorporated,fuzzy_fallback,0.8205,0.855,0.4954,0.0,0.0,0.5761,Low Risk,Aday şirket fuzzy fallback ile bulundu. Yazımsal benzerlik yüksek bulundu.
26674,AEPS INC DT 02-02-2019 RO,aeps incorporated dt 02 02 2019 ro,5,Delta Export Incorporated,delta exp incorporated,fuzzy_fallback,0.8205,0.855,0.4909,0.0,0.0,0.5748,Low Risk,Aday şirket fuzzy fallback ile bulundu. Yazımsal benzerlik yüksek bulundu.
26290,AEPS INC DT 03-01-2019 RO,aeps incorporated dt 03 01 2019 ro,5,Delta Export Incorporated,delta exp incorporated,fuzzy_fallback,0.8205,0.855,0.4897,0.0,0.0,0.5744,Low Risk,Aday şirket fuzzy fallback ile bulundu. Yazımsal benzerlik yüksek bulundu.
26657,AEPS INC DT 01-02-2019 RO,aeps incorporated dt 01 02 2019 ro,5,Delta Export Incorporated,delta exp incorporated,fuzzy_fallback,0.8205,0.855,0.4874,0.0,0.0,0.5737,Low Risk,Aday şirket fuzzy fallback ile bulundu. Yazımsal benzerlik yüksek bulundu.
26427,AEPS INC DT 15-01-2019 RO,aeps incorporated dt 15 01 2019 ro,5,Delta Export Incorporated,delta exp incorporated,fuzzy_fallback,0.8205,0.855,0.487,0.0,0.0,0.5736,Low Risk,Aday şirket fuzzy fallback ile bulundu. Yazımsal benzerlik yüksek bulundu.
26364,AEPS INC DT 01-09-2019 RO,aeps incorporated dt 01 09 2019 ro,5,Delta Export Incorporated,delta exp incorporated,fuzzy_fallback,0.8205,0.855,0.4868,0.0,0.0,0.5735,Low Risk,Aday şirket fuzzy fallback ile bulundu. Yazımsal benzerlik yüksek bulundu.
26273,AEPS INC DT 02-01-2019 RO,aeps incorporated dt 02 01 2019 ro,5,Delta Export Incorporated,delta exp incorporated,fuzzy_fallback,0.8205,0.855,0.4862,0.0,0.0,0.5734,Low Risk,Aday şirket fuzzy fallback ile bulundu. Yazımsal benzerlik yüksek bulundu.
26348,AEPS INC DT 08-01-2019 RO,aeps incorporated dt 08 01 2019 ro,5,Delta Export Incorporated,delta exp incorporated,fuzzy_fallback,0.8205,0.855,0.4849,0.0,0.0,0.573,Low Risk,Aday şirket fuzzy fallback ile bulundu. Yazımsal benzerlik yüksek bulundu.
26325,AEPS INC DT 06-01-2019 RO,aeps incorporated dt 06 01 2019 ro,5,Delta Export Incorporated,delta exp incorporated,fuzzy_fallback,0.8205,0.855,0.4824,0.0,0.0,0.5722,Low Risk,Aday şirket fuzzy fallback ile bulundu. Yazımsal benzerlik yüksek bulundu.
26576,AEPS INC DT 25-01-2019 RO,aeps incorporated dt 25 01 2019 ro,5,Delta Export Incorporated,delta exp incorporated,fuzzy_fallback,0.8205,0.855,0.482,0.0,0.0,0.5721,Low Risk,Aday şirket fuzzy fallback ile bulundu. Yazımsal benzerlik yüksek bulundu.
26396,AEPS INC DT 12-01-2019 RO,aeps incorporated dt 12 01 2019 ro,5,Delta Export Incorporated,delta exp incorporated,fuzzy_fallback,0.8205,0.855,0.4817,0.0,0.0,0.572,Low Risk,Aday şirket fuzzy fallback ile bulundu. Yazımsal benzerlik yüksek bulundu.
26541,AEPS INC DT 23-01-2019 RO,aeps incorporated dt 23 01 2019 ro,5,Delta Export Incorporated,delta exp incorporated,fuzzy_fallback,0.8205,0.855,0.4818,0.0,0.0,0.572,Low Risk,Aday şirket fuzzy fallback ile bulundu. Yazımsal benzerlik yüksek bulundu.
26391,AEPS INC DT 11-01-2019 RO,aeps incorporated dt 11 01 2019 ro,5,Delta Export Incorporated,delta exp incorporated,fuzzy_fallback,0.8205,0.855,0.4811,0.0,0.0,0.5718,Low Risk,Aday şirket fuzzy fallback ile bulundu. Yazımsal benzerlik yüksek bulundu.
26261,AEPS INC DT 01-01-2019 RO,aeps incorporated dt 01 01 2019 ro,5,Delta Export Incorporated,delta exp incorporated,fuzzy_fallback,0.8205,0.855,0.4806,0.0,0.0,0.5717,Low Risk,Aday şirket fuzzy fallback ile bulundu. Yazımsal benzerlik yüksek bulundu.
26634,AEPS INC DT 31-01-2019 RO,aeps incorporated dt 31 01 2019 ro,5,Delta Export Incorporated,delta exp incorporated,fuzzy_fallback,0.8205,0.855,0.4798,0.0,0.0,0.5715,Low Risk,Aday şirket fuzzy fallback ile bulundu. Yazımsal benzerlik yüksek bulundu.
26337,AEPS INC DT 07-01-2019 RO,aeps incorporated dt 07 01 2019 ro,5,Delta Export Incorporated,delta exp incorporated,fuzzy_fallback,0.8205,0.855,0.4801,0.0,0.0,0.5715,Low Risk,Aday şirket fuzzy fallback ile bulundu. Yazımsal benzerlik yüksek bulundu.
26693,AEPS INC DT 04-02-2019 RO,aeps incorporated dt 04 02 2019 ro,5,Delta Export Incorporated,delta exp incorporated,fuzzy_fallback,0.8205,0.855,0.4795,0.0,0.0,0.5714,Low Risk,Aday şirket fuzzy fallback ile bulundu. Yazımsal benzerlik yüksek bulundu.
26515,AEPS INC DT 21-01-2019 RO,aeps incorporated dt 21 01 2019 ro,5,Delta Export Incorporated,delta exp incorporated,fuzzy_fallback,0.8205,0.855,0.4797,0.0,0.0,0.5714,Low Risk,Aday şirket fuzzy fallback ile bulundu. Yazımsal benzerlik yüksek bulundu.
26469,AEPS INC DT 17-01-2019 RO,aeps incorporated dt 17 01 2019 ro,5,Delta Export Incorporated,delta exp incorporated,fuzzy_fallback,0.8205,0.855,0.4796,0.0,0.0,0.5714,Low Risk,Aday şirket fuzzy fallback ile bulundu. Yazımsal benzerlik yüksek bulundu.
26398,AEPS INC DT 13-01-2019 RO,aeps incorporated dt 13 01 2019 ro,5,Delta Export Incorporated,delta exp incorporated,fuzzy_fallback,0.8205,0.855,0.4793,0.0,0.0,0.5713,Low Risk,Aday şirket fuzzy fallback ile bulundu. Yazımsal benzerlik yüksek bulundu.
26375,AEPS INC DT 10-01-2019 RO,aeps incorporated dt 10 01 2019 ro,5,Delta Export Incorporated,delta exp incorporated,fuzzy_fallback,0.8205,0.855,0.4763,0.0,0.0,0.5704,Low Risk,Aday şirket fuzzy fallback ile bulundu. Yazımsal benzerlik yüksek bulundu.
26479,AEPS INC DT 18-01-2019 RO,aeps incorporated dt 18 01 2019 ro,5,Delta Export Incorporated,delta exp incorporated,fuzzy_fallback,0.8205,0.855,0.4749,0.0,0.0,0.57,Low Risk,Aday şirket fuzzy fallback ile bulundu. Yazımsal benzerlik yüksek bulundu.
25993,AEPS INC DT 08-12-2018 RO,aeps incorporated dt 08 12 2018 ro,5,Delta Export Incorporated,delta exp incorporated,fuzzy_fallback,0.8205,0.855,0.4742,0.0,0.0,0.5698,Low Risk,Aday şirket fuzzy fallback ile bulundu. Yazımsal benzerlik yüksek bulundu.
26578,AEPS INC DT 26-01-2019 RO,aeps incorporated dt 26 01 2019 ro,5,Delta Export Incorporated,delta exp incorporated,fuzzy_fallback,0.8205,0.855,0.4742,0.0,0.0,0.5698,Low Risk,Aday şirket fuzzy fallback ile bulundu. Yazımsal benzerlik yüksek bulundu.
26416,AEPS INC DT 14-01-2019 RO,aeps incorporated dt 14 01 2019 ro,5,Delta Export Incorporated,delta exp incorporated,fuzzy_fallback,0.8205,0.855,0.4737,0.0,0.0,0.5696,Low Risk,Aday şirket fuzzy fallback ile bulundu. Yazımsal benzerlik yüksek bulundu.
26082,AEPS INC DT 12-15-2018 RO,aeps incorporated dt 12 15 2018 ro,5,Delta Export Incorporated,delta exp incorporated,fuzzy_fallback,0.8205,0.855,0.4732,0.0,0.0,0.5695,Low Risk,Aday şirket fuzzy fallback ile bulundu. Yazımsal benzerlik yüksek bulundu.
26161,AEPS INC DT 12-23-2018 RO,aeps incorporated dt 12 23 2018 ro,5,Delta Export Incorporated,delta exp incorporated,fuzzy_fallback,0.8205,0.855,0.4733,0.0,0.0,0.5695,Low Risk,Aday şirket fuzzy fallback ile bulundu. Yazımsal benzerlik yüksek bulundu.
26580,AEPS INC DT 27-01-2019 RO,aeps incorporated dt 27 01 2019 ro,5,Delta Export Incorporated,delta exp incorporated,fuzzy_fallback,0.8205,0.855,0.4725,0.0,0.0,0.5692,Low Risk,Aday şirket fuzzy fallback ile bulundu. Yazımsal benzerlik yüksek bulundu.
26178,AEPS INC DT 12-25-2018 RO,aeps incorporated dt 12 25 2018 ro,5,Delta Export Incorporated,delta exp incorporated,fuzzy_fallback,0.8205,0.855,0.4723,0.0,0.0,0.5692,Low Risk,Aday şirket fuzzy fallback ile bulundu. Yazımsal benzerlik yüksek bulundu.
26157,AEPS INC DT 12-21-2018 RO,aeps incorporated dt 12 21 2018 ro,5,Delta Export Incorporated,delta exp incorporated,fuzzy_fallback,0.8205,0.855,0.4717,0.0,0.0,0.569,Low Risk,Aday şirket fuzzy fallback ile bulundu. Yazımsal benzerlik yüksek bulundu.
29568,EIH LTD THE OBEROI NEW DE,eih limited the oberoi new de,5,Delta Export Incorporated,de,token_index,0.9,0.6,0.3965,1.0,0.0,0.5689,Low Risk,Aday şirket token index üzerinden bulundu. Yazımsal benzerlik orta seviyede bulundu. Şirket acronym'i EFT açıklamasında bulundu.
26599,AEPS INC DT 28-01-2019 RO,aeps incorporated dt 28 01 2019 ro,5,Delta Export Incorporated,delta exp incorporated,fuzzy_fallback,0.8205,0.855,0.4709,0.0,0.0,0.5688,Low Risk,Aday şirket fuzzy fallback ile bulundu. Yazımsal benzerlik yüksek bulundu.
26529,AEPS INC DT 22-01-2019 RO,aeps incorporated dt 22 01 2019 ro,5,Delta Export Incorporated,delta exp incorporated,fuzzy_fallback,0.8205,0.855,0.4702,0.0,0.0,0.5686,Low Risk,Aday şirket fuzzy fallback ile bulundu. Yazımsal benzerlik yüksek bulundu.
26504,AEPS INC DT 19-01-2019 RO,aeps incorporated dt 19 01 2019 ro,5,Delta Export Incorporated,delta exp incorporated,fuzzy_fallback,0.8205,0.855,0.4695,0.0,0.0,0.5684,Low Risk,Aday şirket fuzzy fallback ile bulundu. Yazımsal benzerlik yüksek bulundu.
26453,AEPS INC DT 16-01-2019 RO,aeps incorporated dt 16 01 2019 ro,5,Delta Export Incorporated,delta exp incorporated,fuzzy_fallback,0.8205,0.855,0.4687,0.0,0.0,0.5681,Low Risk,Aday şirket fuzzy fallback ile bulundu. Yazımsal benzerlik yüksek bulundu.
25995,AEPS INC DT 09-12-2018 RO,aeps incorporated dt 09 12 2018 ro,5,Delta Export Incorporated,delta exp incorporated,fuzzy_fallback,0.8205,0.855,0.4686,0.0,0.0,0.5681,Low Risk,Aday şirket fuzzy fallback ile bulundu. Yazımsal benzerlik yüksek bulundu.
21455,AEPS GST INC DT 05-05-201,aeps gst incorporated dt 05 05 201,5,Delta Export Incorporated,delta exp incorporated,fuzzy_fallback,0.7442,0.855,0.468,0.0,0.0,0.5679,Low Risk,Aday şirket fuzzy fallback ile bulundu. Yazımsal benzerlik yüksek bulundu.
26608,AEPS INC DT 29-01-2019 RO,aeps incorporated dt 29 01 2019 ro,5,Delta Export Incorporated,delta exp incorporated,fuzzy_fallback,0.8205,0.855,0.468,0.0,0.0,0.5679,Low Risk,Aday şirket fuzzy fallback ile bulundu. Yazımsal benzerlik yüksek bulundu.
26507,AEPS INC DT 20-01-2019 RO,aeps incorporated dt 20 01 2019 ro,5,Delta Export Incorporated,delta exp incorporated,fuzzy_fallback,0.8205,0.855,0.4677,0.0,0.0,0.5678,Low Risk,Aday şirket fuzzy fallback ile bulundu. Yazımsal benzerlik yüksek bulundu.
26304,AEPS INC DT 01-04-2019 RO,aeps incorporated dt 01 04 2019 ro,5,Delta Export Incorporated,delta exp incorporated,fuzzy_fallback,0.8205,0.855,0.4678,0.0,0.0,0.5678,Low Risk,Aday şirket fuzzy fallback ile bulundu. Yazımsal benzerlik yüksek bulundu.
26108,AEPS INC DT 12-18-2018 RO,aeps incorporated dt 12 18 2018 ro,5,Delta Export Incorporated,delta exp incorporated,fuzzy_fallback,0.8205,0.855,0.4664,0.0,0.0,0.5674,Low Risk,Aday şirket fuzzy fallback ile bulundu. Yazımsal benzerlik yüksek bulundu.
26249,AEPS INC DT 31-12-2018 RO,aeps incorporated dt 31 12 2018 ro,5,Delta Export Incorporated,delta exp incorporated,fuzzy_fallback,0.8205,0.855,0.4653,0.0,0.0,0.5671,Low Risk,Aday şirket fuzzy fallback ile bulundu. Yazımsal benzerlik yüksek bulundu.
25991,AEPS INC DT 07-12-2018 RO,aeps incorporated dt 07 12 2018 ro,5,Delta Export Incorporated,delta exp incorporated,fuzzy_fallback,0.8205,0.855,0.4651,0.0,0.0,0.567,Low Risk,Aday şirket fuzzy fallback ile bulundu. Yazımsal benzerlik yüksek bulundu.
26623,AEPS INC DT 30-01-2019 RO,aeps incorporated dt 30 01 2019 ro,5,Delta Export Incorporated,delta exp incorporated,fuzzy_fallback,0.8205,0.855,0.4639,0.0,0.0,0.5667,Low Risk,Aday şirket fuzzy fallback ile bulundu. Yazımsal benzerlik yüksek bulundu.
24082,AEPS GST INC DT 05-09-201,aeps gst incorporated dt 05 09 201,5,Delta Export Incorporated,delta exp incorporated,fuzzy_fallback,0.7442,0.855,0.4626,0.0,0.0,0.5663,Low Risk,Aday şirket fuzzy fallback ile bulundu. Yazımsal benzerlik yüksek bulundu.
26235,AEPS INC DT 12-29-2018 RO,aeps incorporated dt 12 29 2018 ro,5,Delta Export Incorporated,delta exp incorporated,fuzzy_fallback,0.8205,0.855,0.4623,0.0,0.0,0.5662,Low Risk,Aday şirket fuzzy fallback ile bulundu. Yazımsal benzerlik yüksek bulundu.
21603,AEPS GST INC DT 15-05-201,aeps gst incorporated dt 15 05 201,5,Delta Export Incorporated,delta exp incorporated,fuzzy_fallback,0.7442,0.855,0.462,0.0,0.0,0.5661,Low Risk,Aday şirket fuzzy fallback ile bulundu. Yazımsal benzerlik yüksek bulundu.
23094,AEPS GST INC DT 05-08-201,aeps gst incorporated dt 05 08 201,5,Delta Export Incorporated,delta exp incorporated,fuzzy_fallback,0.7442,0.855,0.4618,0.0,0.0,0.566,Low Risk,Aday şirket fuzzy fallback ile bulundu. Yazımsal benzerlik yüksek bulundu.
26159,AEPS INC DT 12-22-2018 RO,aeps incorporated dt 12 22 2018 ro,5,Delta Export Incorporated,delta exp incorporated,fuzzy_fallback,0.8205,0.855,0.4604,0.0,0.0,0.5656,Low Risk,Aday şirket fuzzy fallback ile bulundu. Yazımsal benzerlik yüksek bulundu.
21435,AEPS GST INC DT 02-05-201,aeps gst incorporated dt 02 05 201,5,Delta Export Incorporated,delta exp incorporated,fuzzy_fallback,0.7442,0.855,0.4604,0.0,0.0,0.5656,Low Risk,Aday şirket fuzzy fallback ile bulundu. Yazımsal benzerlik yüksek bulundu.
26552,AEPS INC DT 24-01-2019 RO,aeps incorporated dt 24 01 2019 ro,5,Delta Export Incorporated,delta exp incorporated,fuzzy_fallback,0.8205,0.855,0.4602,0.0,0.0,0.5656,Low Risk,Aday şirket fuzzy fallback ile bulundu. Yazımsal benzerlik yüksek bulundu.
22377,AEPS GST INC DT 05-07-201,aeps gst incorporated dt 05 07 201,5,Delta Export Incorporated,delta exp incorporated,fuzzy_fallback,0.7442,0.855,0.4602,0.0,0.0,0.5656,Low Risk,Aday şirket fuzzy fallback ile bulundu. Yazımsal benzerlik yüksek bulundu.
21465,AEPS GST INC DT 05-07-201,aeps gst incorporated dt 05 07 201,5,Delta Export Incorporated,delta exp incorporated,fuzzy_fallback,0.7442,0.855,0.4602,0.0,0.0,0.5656,Low Risk,Aday şirket fuzzy fallback ile bulundu. Yazımsal benzerlik yüksek bulundu.
26022,AEPS INC DT 12-11-2018 RO,aeps incorporated dt 12 11 2018 ro,5,Delta Export Incorporated,delta exp incorporated,fuzzy_fallback,0.8205,0.855,0.4599,0.0,0.0,0.5655,Low Risk,Aday şirket fuzzy fallback ile bulundu. Yazımsal benzerlik yüksek bulundu.
21437,AEPS GST INC DT 03-05-201,aeps gst incorporated dt 03 05 201,5,Delta Export Incorporated,delta exp incorporated,fuzzy_fallback,0.7442,0.855,0.4602,0.0,0.0,0.5655,Low Risk,Aday şirket fuzzy fallback ile bulundu. Yazımsal benzerlik yüksek bulundu.
26060,AEPS INC DT 12-14-2018 RO,aeps incorporated dt 12 14 2018 ro,5,Delta Export Incorporated,delta exp incorporated,fuzzy_fallback,0.8205,0.855,0.46,0.0,0.0,0.5655,Low Risk,Aday şirket fuzzy fallback ile bulundu. Yazımsal benzerlik yüksek bulundu.
26240,AEPS INC DT 12-30-2018 RO,aeps incorporated dt 12 30 2018 ro,5,Delta Export Incorporated,delta exp incorporated,fuzzy_fallback,0.8205,0.855,0.4587,0.0,0.0,0.5651,Low Risk,Aday şirket fuzzy fallback ile bulundu. Yazımsal benzerlik yüksek bulundu.
26034,AEPS INC DT 12-12-2018 RO,aeps incorporated dt 12 12 2018 ro,5,Delta Export Incorporated,delta exp incorporated,fuzzy_fallback,0.8205,0.855,0.4582,0.0,0.0,0.565,Low Risk,Aday şirket fuzzy fallback ile bulundu. Yazımsal benzerlik yüksek bulundu.
21911,AEPS GST INC DT 05-06-201,aeps gst incorporated dt 05 06 201,5,Delta Export Incorporated,delta exp incorporated,fuzzy_fallback,0.7442,0.855,0.4582,0.0,0.0,0.565,Low Risk,Aday şirket fuzzy fallback ile bulundu. Yazımsal benzerlik yüksek bulundu.
26046,AEPS INC DT 12-13-2018 RO,aeps incorporated dt 12 13 2018 ro,5,Delta Export Incorporated,delta exp incorporated,fuzzy_fallback,0.8205,0.855,0.4577,0.0,0.0,0.5648,Low Risk,Aday şirket fuzzy fallback ile bulundu. Yazımsal benzerlik yüksek bulundu.
26324,AEPS GST INC DT 05-01-201,aeps gst incorporated dt 05 01 201,5,Delta Export Incorporated,delta exp incorporated,fuzzy_fallback,0.7442,0.855,0.4573,0.0,0.0,0.5647,Low Risk,Aday şirket fuzzy fallback ile bulundu. Yazımsal benzerlik yüksek bulundu.
21868,AEPS GST INC DT 31-05-201,aeps gst incorporated dt 31 05 201,5,Delta Export Incorporated,delta exp incorporated,fuzzy_fallback,0.7442,0.855,0.4571,0.0,0.0,0.5646,Low Risk,Aday şirket fuzzy fallback ile bulundu. Yazımsal benzerlik yüksek bulundu.
25950,AEPS GST INC DT 05-12-201,aeps gst incorporated dt 05 12 201,5,Delta Export Incorporated,delta exp incorporated,fuzzy_fallback,0.7442,0.855,0.456,0.0,0.0,0.5643,Low Risk,Aday şirket fuzzy fallback ile bulundu. Yazımsal benzerlik yüksek bulundu.
21471,AEPS GST INC DT 08-05-201,aeps gst incorporated dt 08 05 201,5,Delta Export Incorporated,delta exp incorporated,fuzzy_fallback,0.7442,0.855,0.4558,0.0,0.0,0.5642,Low Risk,Aday şirket fuzzy fallback ile bulundu. Yazımsal benzerlik yüksek bulundu.
21814,AEPS GST INC DT 25-05-201,aeps gst incorporated dt 25 05 201,5,Delta Export Incorporated,delta exp incorporated,fuzzy_fallback,0.7442,0.855,0.4557,0.0,0.0,0.5642,Low Risk,Aday şirket fuzzy fallback ile bulundu. Yazımsal benzerlik yüksek bulundu.
26204,AEPS INC DT 27-12-2018 RO,aeps incorporated dt 27 12 2018 ro,5,Delta Export Incorporated,delta exp incorporated,fuzzy_fallback,0.8205,0.855,0.455,0.0,0.0,0.564,Low Risk,Aday şirket fuzzy fallback ile bulundu. Yazımsal benzerlik yüksek bulundu.
21457,AEPS GST INC DT 06-05-201,aeps gst incorporated dt 06 05 201,5,Delta Export Incorporated,delta exp incorporated,fuzzy_fallback,0.7442,0.855,0.4547,0.0,0.0,0.5639,Low Risk,Aday şirket fuzzy fallback ile bulundu. Yazımsal benzerlik yüksek bulundu.
26219,AEPS INC DT 28-12-2018 RO,aeps incorporated dt 28 12 2018 ro,5,Delta Export Incorporated,delta exp incorporated,fuzzy_fallback,0.8205,0.855,0.4547,0.0,0.0,0.5639,Low Risk,Aday şirket fuzzy fallback ile bulundu. Yazımsal benzerlik yüksek bulundu.
21554,AEPS GST INC DT 12-05-201,aeps gst incorporated dt 12 05 201,5,Delta Export Incorporated,delta exp incorporated,fuzzy_fallback,0.7442,0.855,0.4547,0.0,0.0,0.5639,Low Risk,Aday şirket fuzzy fallback ile bulundu. Yazımsal benzerlik yüksek bulundu.
21630,AEPS GST INC DT 17-05-201,aeps gst incorporated dt 17 05 201,5,Delta Export Incorporated,delta exp incorporated,fuzzy_fallback,0.7442,0.855,0.4546,0.0,0.0,0.5639,Low Risk,Aday şirket fuzzy fallback ile bulundu. Yazımsal benzerlik yüksek bulundu.
26008,AEPS INC DT 12-10-2018 RO,aeps incorporated dt 12 10 2018 ro,5,Delta Export Incorporated,delta exp incorporated,fuzzy_fallback,0.8205,0.855,0.4544,0.0,0.0,0.5638,Low Risk,Aday şirket fuzzy fallback ile bulundu. Yazımsal benzerlik yüksek bulundu.
26131,AEPS INC DT 20-12-2018 RO,aeps incorporated dt 20 12 2018 ro,5,Delta Export Incorporated,delta exp incorporated,fuzzy_fallback,0.8205,0.855,0.454,0.0,0.0,0.5637,Low Risk,Aday şirket fuzzy fallback ile bulundu. Yazımsal benzerlik yüksek bulundu.
21556,AEPS GST INC DT 13-05-201,aeps gst incorporated dt 13 05 201,5,Delta Export Incorporated,delta exp incorporated,fuzzy_fallback,0.7442,0.855,0.4538,0.0,0.0,0.5637,Low Risk,Aday şirket fuzzy fallback ile bulundu. Yazımsal benzerlik yüksek bulundu.
23414,AEPS GST INC DT 15-08-201,aeps gst incorporated dt 15 08 201,5,Delta Export Incorporated,delta exp incorporated,fuzzy_fallback,0.7442,0.855,0.4541,0.0,0.0,0.5637,Low Risk,Aday şirket fuzzy fallback ile bulundu. Yazımsal benzerlik yüksek bulundu.
26189,AEPS INC DT 26-12-2018 RO,aeps incorporated dt 26 12 2018 ro,5,Delta Export Incorporated,delta exp incorporated,fuzzy_fallback,0.8205,0.855,0.4537,0.0,0.0,0.5636,Low Risk,Aday şirket fuzzy fallback ile bulundu. Yazımsal benzerlik yüksek bulundu.
21433,AEPS GST INC DT 01-05-201,aeps gst incorporated dt 01 05 201,5,Delta Export Incorporated,delta exp incorporated,fuzzy_fallback,0.7442,0.855,0.4536,0.0,0.0,0.5636,Low Risk,Aday şirket fuzzy fallback ile bulundu. Yazımsal benzerlik yüksek bulundu.
21508,AEPS GST INC DT 09-05-201,aeps gst incorporated dt 09 05 201,5,Delta Export Incorporated,delta exp incorporated,fuzzy_fallback,0.7442,0.855,0.4528,0.0,0.0,0.5634,Low Risk,Aday şirket fuzzy fallback ile bulundu. Yazımsal benzerlik yüksek bulundu.
21708,AEPS GST INC DT 22-05-201,aeps gst incorporated dt 22 05 201,5,Delta Export Incorporated,delta exp incorporated,fuzzy_fallback,0.7442,0.855,0.4531,0.0,0.0,0.5634,Low Risk,Aday şirket fuzzy fallback ile bulundu. Yazımsal benzerlik yüksek bulundu.
22566,AEPS GST INC DT 15-07-201,aeps gst incorporated dt 15 07 201,5,Delta Export Incorporated,delta exp incorporated,fuzzy_fallback,0.7442,0.855,0.4526,0.0,0.0,0.5633,Low Risk,Aday şirket fuzzy fallback ile bulundu. Yazımsal benzerlik yüksek bulundu.
25560,AEPS GST INC DT 11-05-201,aeps gst incorporated dt 11 05 201,5,Delta Export Incorporated,delta exp incorporated,fuzzy_fallback,0.7442,0.855,0.4527,0.0,0.0,0.5633,Low Risk,Aday şirket fuzzy fallback ile bulundu. Yazımsal benzerlik yüksek bulundu.
21552,AEPS GST INC DT 11-05-201,aeps gst incorporated dt 11 05 201,5,Delta Export Incorporated,delta exp incorporated,fuzzy_fallback,0.7442,0.855,0.4527,0.0,0.0,0.5633,Low Risk,Aday şirket fuzzy fallback ile bulundu. Yazımsal benzerlik yüksek bulundu.
24967,AEPS GST INC DT 05-10-201,aeps gst incorporated dt 05 10 201,5,Delta Export Incorporated,delta exp incorporated,fuzzy_fallback,0.7442,0.855,0.4524,0.0,0.0,0.5632,Low Risk,Aday şirket fuzzy fallback ile bulundu. Yazımsal benzerlik yüksek bulundu.
26830,AEPS GST INC DT 15-02-201,aeps gst incorporated dt 15 02 201,5,Delta Export Incorporated,delta exp incorporated,fuzzy_fallback,0.7442,0.855,0.4525,0.0,0.0,0.5632,Low Risk,Aday şirket fuzzy fallback ile bulundu. Yazımsal benzerlik yüksek bulundu.
26121,AEPS INC DT 19-12-2018 RO,aeps incorporated dt 19 12 2018 ro,5,Delta Export Incorporated,delta exp incorporated,fuzzy_fallback,0.8205,0.855,0.4519,0.0,0.0,0.5631,Low Risk,Aday şirket fuzzy fallback ile bulundu. Yazımsal benzerlik yüksek bulundu.
21673,AEPS GST INC DT 21-05-201,aeps gst incorporated dt 21 05 201,5,Delta Export Incorporated,delta exp incorporated,fuzzy_fallback,0.7442,0.855,0.4512,0.0,0.0,0.5629,Low Risk,Aday şirket fuzzy fallback ile bulundu. Yazımsal benzerlik yüksek bulundu.
21635,AEPS GST INC DT 18-05-201,aeps gst incorporated dt 18 05 201,5,Delta Export Incorporated,delta exp incorporated,fuzzy_fallback,0.7442,0.855,0.4514,0.0,0.0,0.5629,Low Risk,Aday şirket fuzzy fallback ile bulundu. Yazımsal benzerlik yüksek bulundu.
21609,AEPS GST INC DT 16-05-201,aeps gst incorporated dt 16 05 201,5,Delta Export Incorporated,delta exp incorporated,fuzzy_fallback,0.7442,0.855,0.4509,0.0,0.0,0.5628,Low Risk,Aday şirket fuzzy fallback ile bulundu. Yazımsal benzerlik yüksek bulundu.
21515,AEPS GST INC DT 10-05-201,aeps gst incorporated dt 10 05 201,5,Delta Export Incorporated,delta exp incorporated,fuzzy_fallback,0.7442,0.855,0.451,0.0,0.0,0.5628,Low Risk,Aday şirket fuzzy fallback ile bulundu. Yazımsal benzerlik yüksek bulundu.
21820,AEPS GST INC DT 28-05-201,aeps gst incorporated dt 28 05 201,5,Delta Export Incorporated,delta exp incorporated,fuzzy_fallback,0.7442,0.855,0.4505,0.0,0.0,0.5627,Low Risk,Aday şirket fuzzy fallback ile bulundu. Yazımsal benzerlik yüksek bulundu.
26084,AEPS INC DT 16-12-2018 RO,aeps incorporated dt 16 12 2018 ro,5,Delta Export Incorporated,delta exp incorporated,fuzzy_fallback,0.8205,0.855,0.4506,0.0,0.0,0.5627,Low Risk,Aday şirket fuzzy fallback ile bulundu. Yazımsal benzerlik yüksek bulundu.
26170,AEPS INC DT 12-24-2018 RO,aeps incorporated dt 12 24 2018 ro,5,Delta Export Incorporated,delta exp incorporated,fuzzy_fallback,0.8205,0.855,0.4503,0.0,0.0,0.5626,Low Risk,Aday şirket fuzzy fallback ile bulundu. Yazımsal benzerlik yüksek bulundu.
26675,AEPS GST INC DT 02-02-201,aeps gst incorporated dt 02 02 201,5,Delta Export Incorporated,delta exp incorporated,fuzzy_fallback,0.7442,0.855,0.449,0.0,0.0,0.5622,Low Risk,Aday şirket fuzzy fallback ile bulundu. Yazımsal benzerlik yüksek bulundu.
23961,AEPS GST INC DT 02-09-201,aeps gst incorporated dt 02 09 201,5,Delta Export Incorporated,delta exp incorporated,fuzzy_fallback,0.7442,0.855,0.449,0.0,0.0,0.5622,Low Risk,Aday şirket fuzzy fallback ile bulundu. Yazımsal benzerlik yüksek bulundu.
22056,AEPS GST INC DT 15-06-201,aeps gst incorporated dt 15 06 201,5,Delta Export Incorporated,delta exp incorporated,fuzzy_fallback,0.7442,0.855,0.4486,0.0,0.0,0.5621,Low Risk,Aday şirket fuzzy fallback ile bulundu. Yazımsal benzerlik yüksek bulundu.
22283,AEPS GST INC DT 02-07-201,aeps gst incorporated dt 02 07 201,5,Delta Export Incorporated,delta exp incorporated,fuzzy_fallback,0.7442,0.855,0.4486,0.0,0.0,0.5621,Low Risk,Aday şirket fuzzy fallback ile bulundu. Yazımsal benzerlik yüksek bulundu.
24008,AEPS GST INC DT 03-09-201,aeps gst incorporated dt 03 09 201,5,Delta Export Incorporated,delta exp incorporated,fuzzy_fallback,0.7442,0.855,0.4485,0.0,0.0,0.562,Low Risk,Aday şirket fuzzy fallback ile bulundu. Yazımsal benzerlik yüksek bulundu.
24418,AEPS GST INC DT 17-09-201,aeps gst incorporated dt 17 09 201,5,Delta Export Incorporated,delta exp incorporated,fuzzy_fallback,0.7442,0.855,0.4483,0.0,0.0,0.562,Low Risk,Aday şirket fuzzy fallback ile bulundu. Yazımsal benzerlik yüksek bulundu.
23501,AEPS GST INC DT 17-08-201,aeps gst incorporated dt 17 08 201,5,Delta Export Incorporated,delta exp incorporated,fuzzy_fallback,0.7442,0.855,0.4479,0.0,0.0,0.5619,Low Risk,Aday şirket fuzzy fallback ile bulundu. Yazımsal benzerlik yüksek bulundu.
21561,AEPS GST INC DT 14-05-201,aeps gst incorporated dt 14 05 201,5,Delta Export Incorporated,delta exp incorporated,fuzzy_fallback,0.7442,0.855,0.4477,0.0,0.0,0.5618,Low Risk,Aday şirket fuzzy fallback ile bulundu. Yazımsal benzerlik yüksek bulundu.
27017,AEPS GST INC DT 03-02-201,aeps gst incorporated dt 03 02 201,5,Delta Export Incorporated,delta exp incorporated,fuzzy_fallback,0.7442,0.855,0.4472,0.0,0.0,0.5617,Low Risk,Aday şirket fuzzy fallback ile bulundu. Yazımsal benzerlik yüksek bulundu.
26680,AEPS GST INC DT 03-02-201,aeps gst incorporated dt 03 02 201,5,Delta Export Incorporated,delta exp incorporated,fuzzy_fallback,0.7442,0.855,0.4472,0.0,0.0,0.5617,Low Risk,Aday şirket fuzzy fallback ile bulundu. Yazımsal benzerlik yüksek bulundu.
22291,AEPS GST INC DT 03-07-201,aeps gst incorporated dt 03 07 201,5,Delta Export Incorporated,delta exp incorporated,fuzzy_fallback,0.7442,0.855,0.4475,0.0,0.0,0.5617,Low Risk,Aday şirket fuzzy fallback ile bulundu. Yazımsal benzerlik yüksek bulundu.
23804,AEPS GST INC DT 25-08-201,aeps gst incorporated dt 25 08 201,5,Delta Export Incorporated,delta exp incorporated,fuzzy_fallback,0.7442,0.855,0.4471,0.0,0.0,0.5616,Low Risk,Aday şirket fuzzy fallback ile bulundu. Yazımsal benzerlik yüksek bulundu.
26849,AEPS GST INC DT 17-02-201,aeps gst incorporated dt 17 02 201,5,Delta Export Incorporated,delta exp incorporated,fuzzy_fallback,0.7442,0.855,0.4471,0.0,0.0,0.5616,Low Risk,Aday şirket fuzzy fallback ile bulundu. Yazımsal benzerlik yüksek bulundu.
23060,AEPS GST INC DT 02-08-201,aeps gst incorporated dt 02 08 201,5,Delta Export Incorporated,delta exp incorporated,fuzzy_fallback,0.7442,0.855,0.4466,0.0,0.0,0.5615,Low Risk,Aday şirket fuzzy fallback ile bulundu. Yazımsal benzerlik yüksek bulundu.
23013,AEPS GST INC DT 31-07-201,aeps gst incorporated dt 31 07 201,5,Delta Export Incorporated,delta exp incorporated,fuzzy_fallback,0.7442,0.855,0.4467,0.0,0.0,0.5615,Low Risk,Aday şirket fuzzy fallback ile bulundu. Yazımsal benzerlik yüksek bulundu.
21855,AEPS GST INC DT 30-05-201,aeps gst incorporated dt 30 05 201,5,Delta Export Incorporated,delta exp incorporated,fuzzy_fallback,0.7442,0.855,0.4464,0.0,0.0,0.5614,Low Risk,Aday şirket fuzzy fallback ile bulundu. Yazımsal benzerlik yüksek bulundu.
23069,AEPS GST INC DT 03-08-201,aeps gst incorporated dt 03 08 201,5,Delta Export Incorporated,delta exp incorporated,fuzzy_fallback,0.7442,0.855,0.4464,0.0,0.0,0.5614,Low Risk,Aday şirket fuzzy fallback ile bulundu. Yazımsal benzerlik yüksek bulundu.
27019,AEPS GST INC DT 03-03-201,aeps gst incorporated dt 03 03 201,5,Delta Export Incorporated,delta exp incorporated,fuzzy_fallback,0.7442,0.855,0.4462,0.0,0.0,0.5614,Low Risk,Aday şirket fuzzy fallback ile bulundu. Yazımsal benzerlik yüksek bulundu.
22606,AEPS GST INC DT 17-07-201,aeps gst incorporated dt 17 07 201,5,Delta Export Incorporated,delta exp incorporated,fuzzy_fallback,0.7442,0.855,0.4459,0.0,0.0,0.5613,Low Risk,Aday şirket fuzzy fallback ile bulundu. Yazımsal benzerlik yüksek bulundu.
21715,AEPS GST INC DT 23-05-201,aeps gst incorporated dt 23 05 201,5,Delta Export Incorporated,delta exp incorporated,fuzzy_fallback,0.7442,0.855,0.4461,0.0,0.0,0.5613,Low Risk,Aday şirket fuzzy fallback ile bulundu. Yazımsal benzerlik yüksek bulundu.
26958,AEPS GST INC DT 25-02-201,aeps gst incorporated dt 25 02 201,5,Delta Export Incorporated,delta exp incorporated,fuzzy_fallback,0.7442,0.855,0.4459,0.0,0.0,0.5613,Low Risk,Aday şirket fuzzy fallback ile bulundu. Yazımsal benzerlik yüksek bulundu.
24618,AEPS GST INC DT 25-09-201,aeps gst incorporated dt 25 09 201,5,Delta Export Incorporated,delta exp incorporated,fuzzy_fallback,0.7442,0.855,0.4457,0.0,0.0,0.5612,Low Risk,Aday şirket fuzzy fallback ile bulundu. Yazımsal benzerlik yüksek bulundu.
21891,AEPS GST INC DT 02-06-201,aeps gst incorporated dt 02 06 201,5,Delta Export Incorporated,delta exp incorporated,fuzzy_fallback,0.7442,0.855,0.4456,0.0,0.0,0.5612,Low Risk,Aday şirket fuzzy fallback ile bulundu. Yazımsal benzerlik yüksek bulundu.
24560,AEPS GST INC DT 21-09-201,aeps gst incorporated dt 21 09 201,5,Delta Export Incorporated,delta exp incorporated,fuzzy_fallback,0.7442,0.855,0.4457,0.0,0.0,0.5612,Low Risk,Aday şirket fuzzy fallback ile bulundu. Yazımsal benzerlik yüksek bulundu.
21648,AEPS GST INC DT 20-05-201,aeps gst incorporated dt 20 05 201,5,Delta Export Incorporated,delta exp incorporated,fuzzy_fallback,0.7442,0.855,0.4458,0.0,0.0,0.5612,Low Risk,Aday şirket fuzzy fallback ile bulundu. Yazımsal benzerlik yüksek bulundu.
23934,AEPS GST INC DT 31-08-201,aeps gst incorporated dt 31 08 201,5,Delta Export Incorporated,delta exp incorporated,fuzzy_fallback,0.7442,0.855,0.4455,0.0,0.0,0.5612,Low Risk,Aday şirket fuzzy fallback ile bulundu. Yazımsal benzerlik yüksek bulundu.
22801,AEPS GST INC DT 25-07-201,aeps gst incorporated dt 25 07 201,5,Delta Export Incorporated,delta exp incorporated,fuzzy_fallback,0.7442,0.855,0.4454,0.0,0.0,0.5611,Low Risk,Aday şirket fuzzy fallback ile bulundu. Yazımsal benzerlik yüksek bulundu.
24265,AEPS GST INC DT 12-09-201,aeps gst incorporated dt 12 09 201,5,Delta Export Incorporated,delta exp incorporated,fuzzy_fallback,0.7442,0.855,0.4455,0.0,0.0,0.5611,Low Risk,Aday şirket fuzzy fallback ile bulundu. Yazımsal benzerlik yüksek bulundu.
24562,AEPS GST INC DT 22-09-201,aeps gst incorporated dt 22 09 201,5,Delta Export Incorporated,delta exp incorporated,fuzzy_fallback,0.7442,0.855,0.4453,0.0,0.0,0.5611,Low Risk,Aday şirket fuzzy fallback ile bulundu. Yazımsal benzerlik yüksek bulundu.
24096,AEPS GST INC DT 06-09-201,aeps gst incorporated dt 06 09 201,5,Delta Export Incorporated,delta exp incorporated,fuzzy_fallback,0.7442,0.855,0.4452,0.0,0.0,0.5611,Low Risk,Aday şirket fuzzy fallback ile bulundu. Yazımsal benzerlik yüksek bulundu.
21646,AEPS GST INC DT 19-05-201,aeps gst incorporated dt 19 05 201,5,Delta Export Incorporated,delta exp incorporated,fuzzy_fallback,0.7442,0.855,0.4454,0.0,0.0,0.5611,Low Risk,Aday şirket fuzzy fallback ile bulundu. Yazımsal benzerlik yüksek bulundu.
26795,AEPS GST INC DT 12-02-201,aeps gst incorporated dt 12 02 201,5,Delta Export Incorporated,delta exp incorporated,fuzzy_fallback,0.7442,0.855,0.4449,0.0,0.0,0.561,Low Risk,Aday şirket fuzzy fallback ile bulundu. Yazımsal benzerlik yüksek bulundu.
23362,AEPS GST INC DT 12-08-201,aeps gst incorporated dt 12 08 201,5,Delta Export Incorporated,delta exp incorporated,fuzzy_fallback,0.7442,0.855,0.4449,0.0,0.0,0.561,Low Risk,Aday şirket fuzzy fallback ile bulundu. Yazımsal benzerlik yüksek bulundu.
21893,AEPS GST INC DT 03-06-201,aeps gst incorporated dt 03 06 201,5,Delta Export Incorporated,delta exp incorporated,fuzzy_fallback,0.7442,0.855,0.4447,0.0,0.0,0.5609,Low Risk,Aday şirket fuzzy fallback ile bulundu. Yazımsal benzerlik yüksek bulundu.
24127,AEPS GST INC DT 08-09-201,aeps gst incorporated dt 08 09 201,5,Delta Export Incorporated,delta exp incorporated,fuzzy_fallback,0.7442,0.855,0.4445,0.0,0.0,0.5609,Low Risk,Aday şirket fuzzy fallback ile bulundu. Yazımsal benzerlik yüksek bulundu.
22399,AEPS GST INC DT 06-07-201,aeps gst incorporated dt 06 07 201,5,Delta Export Incorporated,delta exp incorporated,fuzzy_fallback,0.7442,0.855,0.4444,0.0,0.0,0.5608,Low Risk,Aday şirket fuzzy fallback ile bulundu. Yazımsal benzerlik yüksek bulundu.
24125,AEPS GST INC DT 07-09-201,aeps gst incorporated dt 07 09 201,5,Delta Export Incorporated,delta exp incorporated,fuzzy_fallback,0.7442,0.855,0.4441,0.0,0.0,0.5607,Low Risk,Aday şirket fuzzy fallback ile bulundu. Yazımsal benzerlik yüksek bulundu.
23959,AEPS GST INC DT 01-09-201,aeps gst incorporated dt 01 09 201,5,Delta Export Incorporated,delta exp incorporated,fuzzy_fallback,0.7442,0.855,0.4438,0.0,0.0,0.5607,Low Risk,Aday şirket fuzzy fallback ile bulundu. Yazımsal benzerlik yüksek bulundu.
25913,AEPS GST INC DT 02-12-201,aeps gst incorporated dt 02 12 201,5,Delta Export Incorporated,delta exp incorporated,fuzzy_fallback,0.7442,0.855,0.4442,0.0,0.0,0.5607,Low Risk,Aday şirket fuzzy fallback ile bulundu. Yazımsal benzerlik yüksek bulundu.
25926,AEPS GST INC DT 03-12-201,aeps gst incorporated dt 03 12 201,5,Delta Export Incorporated,delta exp incorporated,fuzzy_fallback,0.7442,0.855,0.4439,0.0,0.0,0.5607,Low Risk,Aday şirket fuzzy fallback ile bulundu. Yazımsal benzerlik yüksek bulundu.
22442,AEPS GST INC DT 08-07-201,aeps gst incorporated dt 08 07 201,5,Delta Export Incorporated,delta exp incorporated,fuzzy_fallback,0.7442,0.855,0.444,0.0,0.0,0.5607,Low Risk,Aday şirket fuzzy fallback ile bulundu. Yazımsal benzerlik yüksek bulundu.
26365,AEPS GST INC DT 01-09-201,aeps gst incorporated dt 01 09 201,5,Delta Export Incorporated,delta exp incorporated,fuzzy_fallback,0.7442,0.855,0.4438,0.0,0.0,0.5607,Low Risk,Aday şirket fuzzy fallback ile bulundu. Yazımsal benzerlik yüksek bulundu.
21816,AEPS GST INC DT 26-05-201,aeps gst incorporated dt 26 05 201,5,Delta Export Incorporated,delta exp incorporated,fuzzy_fallback,0.7442,0.855,0.444,0.0,0.0,0.5607,Low Risk,Aday şirket fuzzy fallback ile bulundu. Yazımsal benzerlik yüksek bulundu.
26912,AEPS GST INC DT 21-02-201,aeps gst incorporated dt 21 02 201,5,Delta Export Incorporated,delta exp incorporated,fuzzy_fallback,0.7442,0.855,0.4436,0.0,0.0,0.5606,Low Risk,Aday şirket fuzzy fallback ile bulundu. Yazımsal benzerlik yüksek bulundu.
25625,AEPS GST INC DT 11-09-201,aeps gst incorporated dt 11 09 201,5,Delta Export Incorporated,delta exp incorporated,fuzzy_fallback,0.7442,0.855,0.4437,0.0,0.0,0.5606,Low Risk,Aday şirket fuzzy fallback ile bulundu. Yazımsal benzerlik yüksek bulundu.
24208,AEPS GST INC DT 11-09-201,aeps gst incorporated dt 11 09 201,5,Delta Export Incorporated,delta exp incorporated,fuzzy_fallback,0.7442,0.855,0.4437,0.0,0.0,0.5606,Low Risk,Aday şirket fuzzy fallback ile bulundu. Yazımsal benzerlik yüksek bulundu.
22739,AEPS GST INC DT 22-07-201,aeps gst incorporated dt 22 07 201,5,Delta Export Incorporated,delta exp incorporated,fuzzy_fallback,0.7442,0.855,0.4438,0.0,0.0,0.5606,Low Risk,Aday şirket fuzzy fallback ile bulundu. Yazımsal benzerlik yüksek bulundu.
21818,AEPS GST INC DT 27-05-201,aeps gst incorporated dt 27 05 201,5,Delta Export Incorporated,delta exp incorporated,fuzzy_fallback,0.7442,0.855,0.4438,0.0,0.0,0.5606,Low Risk,Aday şirket fuzzy fallback ile bulundu. Yazımsal benzerlik yüksek bulundu.
25592,AEPS GST INC DT 11-08-201,aeps gst incorporated dt 11 08 201,5,Delta Export Incorporated,delta exp incorporated,fuzzy_fallback,0.7442,0.855,0.4434,0.0,0.0,0.5605,Low Risk,Aday şirket fuzzy fallback ile bulundu. Yazımsal benzerlik yüksek bulundu.
22276,AEPS GST INC DT 01-07-201,aeps gst incorporated dt 01 07 201,5,Delta Export Incorporated,delta exp incorporated,fuzzy_fallback,0.7442,0.855,0.4433,0.0,0.0,0.5605,Low Risk,Aday şirket fuzzy fallback ile bulundu. Yazımsal benzerlik yüksek bulundu.
22440,AEPS GST INC DT 07-07-201,aeps gst incorporated dt 07 07 201,5,Delta Export Incorporated,delta exp incorporated,fuzzy_fallback,0.7442,0.855,0.4434,0.0,0.0,0.5605,Low Risk,Aday şirket fuzzy fallback ile bulundu. Yazımsal benzerlik yüksek bulundu.
22737,AEPS GST INC DT 21-07-201,aeps gst incorporated dt 21 07 201,5,Delta Export Incorporated,delta exp incorporated,fuzzy_fallback,0.7442,0.855,0.4434,0.0,0.0,0.5605,Low Risk,Aday şirket fuzzy fallback ile bulundu. Yazımsal benzerlik yüksek bulundu.
22533,AEPS GST INC DT 12-07-201,aeps gst incorporated dt 12 07 201,5,Delta Export Incorporated,delta exp incorporated,fuzzy_fallback,0.7442,0.855,0.4433,0.0,0.0,0.5605,Low Risk,Aday şirket fuzzy fallback ile bulundu. Yazımsal benzerlik yüksek bulundu.
23360,AEPS GST INC DT 11-08-201,aeps gst incorporated dt 11 08 201,5,Delta Export Incorporated,delta exp incorporated,fuzzy_fallback,0.7442,0.855,0.4434,0.0,0.0,0.5605,Low Risk,Aday şirket fuzzy fallback ile bulundu. Yazımsal benzerlik yüksek bulundu.
26782,AEPS GST INC DT 11-02-201,aeps gst incorporated dt 11 02 201,5,Delta Export Incorporated,delta exp incorporated,fuzzy_fallback,0.7442,0.855,0.4431,0.0,0.0,0.5604,Low Risk,Aday şirket fuzzy fallback ile bulundu. Yazımsal benzerlik yüksek bulundu.
22452,AEPS GST INC DT 09-07-201,aeps gst incorporated dt 09 07 201,5,Delta Export Incorporated,delta exp incorporated,fuzzy_fallback,0.7442,0.855,0.4429,0.0,0.0,0.5604,Low Risk,Aday şirket fuzzy fallback ile bulundu. Yazımsal benzerlik yüksek bulundu.
23624,AEPS GST INC DT 21-08-201,aeps gst incorporated dt 21 08 201,5,Delta Export Incorporated,delta exp incorporated,fuzzy_fallback,0.7442,0.855,0.4429,0.0,0.0,0.5604,Low Risk,Aday şirket fuzzy fallback ile bulundu. Yazımsal benzerlik yüksek bulundu.
26658,AEPS GST INC DT 01-02-201,aeps gst incorporated dt 01 02 201,5,Delta Export Incorporated,delta exp incorporated,fuzzy_fallback,0.7442,0.855,0.4431,0.0,0.0,0.5604,Low Risk,Aday şirket fuzzy fallback ile bulundu. Yazımsal benzerlik yüksek bulundu.
26274,AEPS GST INC DT 02-01-201,aeps gst incorporated dt 02 01 201,5,Delta Export Incorporated,delta exp incorporated,fuzzy_fallback,0.7442,0.855,0.4429,0.0,0.0,0.5604,Low Risk,Aday şirket fuzzy fallback ile bulundu. Yazımsal benzerlik yüksek bulundu.
25501,AEPS GST INC DT 11-02-201,aeps gst incorporated dt 11 02 201,5,Delta Export Incorporated,delta exp incorporated,fuzzy_fallback,0.7442,0.855,0.4431,0.0,0.0,0.5604,Low Risk,Aday şirket fuzzy fallback ile bulundu. Yazımsal benzerlik yüksek bulundu.
26935,AEPS GST INC DT 22-02-201,aeps gst incorporated dt 22 02 201,5,Delta Export Incorporated,delta exp incorporated,fuzzy_fallback,0.7442,0.855,0.443,0.0,0.0,0.5604,Low Risk,Aday şirket fuzzy fallback ile bulundu. Yazımsal benzerlik yüksek bulundu.
22502,AEPS GST INC DT 11-07-201,aeps gst incorporated dt 11 07 201,5,Delta Export Incorporated,delta exp incorporated,fuzzy_fallback,0.7442,0.855,0.4427,0.0,0.0,0.5603,Low Risk,Aday şirket fuzzy fallback ile bulundu. Yazımsal benzerlik yüksek bulundu.
25994,AEPS GST INC DT 08-12-201,aeps gst incorporated dt 08 12 201,5,Delta Export Incorporated,delta exp incorporated,fuzzy_fallback,0.7442,0.855,0.4425,0.0,0.0,0.5603,Low Risk,Aday şirket fuzzy fallback ile bulundu. Yazımsal benzerlik yüksek bulundu.
24711,AEPS GST INC DT 28-09-201,aeps gst incorporated dt 28 09 201,5,Delta Export Incorporated,delta exp incorporated,fuzzy_fallback,0.7442,0.855,0.4427,0.0,0.0,0.5603,Low Risk,Aday şirket fuzzy fallback ile bulundu. Yazımsal benzerlik yüksek bulundu.
23626,AEPS GST INC DT 22-08-201,aeps gst incorporated dt 22 08 201,5,Delta Export Incorporated,delta exp incorporated,fuzzy_fallback,0.7442,0.855,0.4426,0.0,0.0,0.5603,Low Risk,Aday şirket fuzzy fallback ile bulundu. Yazımsal benzerlik yüksek bulundu.
26428,AEPS GST INC DT 15-01-201,aeps gst incorporated dt 15 01 201,5,Delta Export Incorporated,delta exp incorporated,fuzzy_fallback,0.7442,0.855,0.4422,0.0,0.0,0.5602,Low Risk,Aday şirket fuzzy fallback ile bulundu. Yazımsal benzerlik yüksek bulundu.
24285,AEPS GST INC DT 13-09-201,aeps gst incorporated dt 13 09 201,5,Delta Export Incorporated,delta exp incorporated,fuzzy_fallback,0.7442,0.855,0.4421,0.0,0.0,0.5601,Low Risk,Aday şirket fuzzy fallback ile bulundu. Yazımsal benzerlik yüksek bulundu.
23831,AEPS GST INC DT 28-08-201,aeps gst incorporated dt 28 08 201,5,Delta Export Incorporated,delta exp incorporated,fuzzy_fallback,0.7442,0.855,0.4419,0.0,0.0,0.5601,Low Risk,Aday şirket fuzzy fallback ile bulundu. Yazımsal benzerlik yüksek bulundu.
23101,AEPS GST INC DT 06-08-201,aeps gst incorporated dt 06 08 201,5,Delta Export Incorporated,delta exp incorporated,fuzzy_fallback,0.7442,0.855,0.4421,0.0,0.0,0.5601,Low Risk,Aday şirket fuzzy fallback ile bulundu. Yazımsal benzerlik yüksek bulundu.
27009,AEPS GST INC DT 03-01-201,aeps gst incorporated dt 03 01 201,5,Delta Export Incorporated,delta exp incorporated,fuzzy_fallback,0.7442,0.855,0.442,0.0,0.0,0.5601,Low Risk,Aday şirket fuzzy fallback ile bulundu. Yazımsal benzerlik yüksek bulundu.
26291,AEPS GST INC DT 03-01-201,aeps gst incorporated dt 03 01 201,5,Delta Export Incorporated,delta exp incorporated,fuzzy_fallback,0.7442,0.855,0.442,0.0,0.0,0.5601,Low Risk,Aday şirket fuzzy fallback ile bulundu. Yazımsal benzerlik yüksek bulundu.
22924,AEPS GST INC DT 28-07-201,aeps gst incorporated dt 28 07 201,5,Delta Export Incorporated,delta exp incorporated,fuzzy_fallback,0.7442,0.855,0.4421,0.0,0.0,0.5601,Low Risk,Aday şirket fuzzy fallback ile bulundu. Yazımsal benzerlik yüksek bulundu.
24129,AEPS GST INC DT 09-09-201,aeps gst incorporated dt 09 09 201,5,Delta Export Incorporated,delta exp incorporated,fuzzy_fallback,0.7442,0.855,0.442,0.0,0.0,0.5601,Low Risk,Aday şirket fuzzy fallback ile bulundu. Yazımsal benzerlik yüksek bulundu.
23378,AEPS GST INC DT 13-08-201,aeps gst incorporated dt 13 08 201,5,Delta Export Incorporated,delta exp incorporated,fuzzy_fallback,0.7442,0.855,0.4418,0.0,0.0,0.56,Low Risk,Aday şirket fuzzy fallback ile bulundu. Yazımsal benzerlik yüksek bulundu.
25546,AEPS GST INC DT 11-03-201,aeps gst incorporated dt 11 03 201,5,Delta Export Incorporated,delta exp incorporated,fuzzy_fallback,0.7442,0.855,0.4416,0.0,0.0,0.56,Low Risk,Aday şirket fuzzy fallback ile bulundu. Yazımsal benzerlik yüksek bulundu.
23033,AEPS GST INC DT 01-08-201,aeps gst incorporated dt 01 08 201,5,Delta Export Incorporated,delta exp incorporated,fuzzy_fallback,0.7442,0.855,0.4418,0.0,0.0,0.56,Low Risk,Aday şirket fuzzy fallback ile bulundu. Yazımsal benzerlik yüksek bulundu.
23161,AEPS GST INC DT 08-08-201,aeps gst incorporated dt 08 08 201,5,Delta Export Incorporated,delta exp incorporated,fuzzy_fallback,0.7442,0.855,0.4412,0.0,0.0,0.5599,Low Risk,Aday şirket fuzzy fallback ile bulundu. Yazımsal benzerlik yüksek bulundu.
23108,AEPS GST INC DT 07-08-201,aeps gst incorporated dt 07 08 201,5,Delta Export Incorporated,delta exp incorporated,fuzzy_fallback,0.7442,0.855,0.441,0.0,0.0,0.5598,Low Risk,Aday şirket fuzzy fallback ile bulundu. Yazımsal benzerlik yüksek bulundu.
25005,AEPS GST INC DT 10-08-201,aeps gst incorporated dt 10 08 201,5,Delta Export Incorporated,delta exp incorporated,fuzzy_fallback,0.7442,0.855,0.4411,0.0,0.0,0.5598,Low Risk,Aday şirket fuzzy fallback ile bulundu. Yazımsal benzerlik yüksek bulundu.
23358,AEPS GST INC DT 10-08-201,aeps gst incorporated dt 10 08 201,5,Delta Export Incorporated,delta exp incorporated,fuzzy_fallback,0.7442,0.855,0.4411,0.0,0.0,0.5598,Low Risk,Aday şirket fuzzy fallback ile bulundu. Yazımsal benzerlik yüksek bulundu.
22458,AEPS GST INC DT 10-07-201,aeps gst incorporated dt 10 07 201,5,Delta Export Incorporated,delta exp incorporated,fuzzy_fallback,0.7442,0.855,0.4409,0.0,0.0,0.5598,Low Risk,Aday şirket fuzzy fallback ile bulundu. Yazımsal benzerlik yüksek bulundu.
23177,AEPS GST INC DT 09-08-201,aeps gst incorporated dt 09 08 201,5,Delta Export Incorporated,delta exp incorporated,fuzzy_fallback,0.7442,0.855,0.441,0.0,0.0,0.5598,Low Risk,Aday şirket fuzzy fallback ile bulundu. Yazımsal benzerlik yüksek bulundu.
26804,AEPS GST INC DT 13-02-201,aeps gst incorporated dt 13 02 201,5,Delta Export Incorporated,delta exp incorporated,fuzzy_fallback,0.7442,0.855,0.4406,0.0,0.0,0.5597,Low Risk,Aday şirket fuzzy fallback ile bulundu. Yazımsal benzerlik yüksek bulundu.
26326,AEPS GST INC DT 06-01-201,aeps gst incorporated dt 06 01 201,5,Delta Export Incorporated,delta exp incorporated,fuzzy_fallback,0.7442,0.855,0.4406,0.0,0.0,0.5597,Low Risk,Aday şirket fuzzy fallback ile bulundu. Yazımsal benzerlik yüksek bulundu.
24468,AEPS GST INC DT 18-09-201,aeps gst incorporated dt 18 09 201,5,Delta Export Incorporated,delta exp incorporated,fuzzy_fallback,0.7442,0.855,0.4406,0.0,0.0,0.5597,Low Risk,Aday şirket fuzzy fallback ile bulundu. Yazımsal benzerlik yüksek bulundu.
24814,AEPS GST INC DT 02-10-201,aeps gst incorporated dt 02 10 201,5,Delta Export Incorporated,delta exp incorporated,fuzzy_fallback,0.7442,0.855,0.4407,0.0,0.0,0.5597,Low Risk,Aday şirket fuzzy fallback ile bulundu. Yazımsal benzerlik yüksek bulundu.
25019,AEPS GST INC DT 10-09-201,aeps gst incorporated dt 10 09 201,5,Delta Export Incorporated,delta exp incorporated,fuzzy_fallback,0.7442,0.855,0.4405,0.0,0.0,0.5596,Low Risk,Aday şirket fuzzy fallback ile bulundu. Yazımsal benzerlik yüksek bulundu.
24163,AEPS GST INC DT 10-09-201,aeps gst incorporated dt 10 09 201,5,Delta Export Incorporated,delta exp incorporated,fuzzy_fallback,0.7442,0.855,0.4405,0.0,0.0,0.5596,Low Risk,Aday şirket fuzzy fallback ile bulundu. Yazımsal benzerlik yüksek bulundu.
24564,AEPS GST INC DT 23-09-201,aeps gst incorporated dt 23 09 201,5,Delta Export Incorporated,delta exp incorporated,fuzzy_fallback,0.7442,0.855,0.4402,0.0,0.0,0.5596,Low Risk,Aday şirket fuzzy fallback ile bulundu. Yazımsal benzerlik yüksek bulundu.
24824,AEPS GST INC DT 03-10-201,aeps gst incorporated dt 03 10 201,5,Delta Export Incorporated,delta exp incorporated,fuzzy_fallback,0.7442,0.855,0.4403,0.0,0.0,0.5596,Low Risk,Aday şirket fuzzy fallback ile bulundu. Yazımsal benzerlik yüksek bulundu.
22562,AEPS GST INC DT 13-07-201,aeps gst incorporated dt 13 07 201,5,Delta Export Incorporated,delta exp incorporated,fuzzy_fallback,0.7442,0.855,0.4404,0.0,0.0,0.5596,Low Risk,Aday şirket fuzzy fallback ile bulundu. Yazımsal benzerlik yüksek bulundu.
22215,AEPS GST INC DT 25-06-201,aeps gst incorporated dt 25 06 201,5,Delta Export Incorporated,delta exp incorporated,fuzzy_fallback,0.7442,0.855,0.4403,0.0,0.0,0.5596,Low Risk,Aday şirket fuzzy fallback ile bulundu. Yazımsal benzerlik yüksek bulundu.
22757,AEPS GST INC DT 23-07-201,aeps gst incorporated dt 23 07 201,5,Delta Export Incorporated,delta exp incorporated,fuzzy_fallback,0.7442,0.855,0.4399,0.0,0.0,0.5595,Low Risk,Aday şirket fuzzy fallback ile bulundu. Yazımsal benzerlik yüksek bulundu.
26847,AEPS GST INC DT 16-02-201,aeps gst incorporated dt 16 02 201,5,Delta Export Incorporated,delta exp incorporated,fuzzy_fallback,0.7442,0.855,0.4399,0.0,0.0,0.5595,Low Risk,Aday şirket fuzzy fallback ile bulundu. Yazımsal benzerlik yüksek bulundu.
26349,AEPS GST INC DT 08-01-201,aeps gst incorporated dt 08 01 201,5,Delta Export Incorporated,delta exp incorporated,fuzzy_fallback,0.7442,0.855,0.44,0.0,0.0,0.5595,Low Risk,Aday şirket fuzzy fallback ile bulundu. Yazımsal benzerlik yüksek bulundu.
26701,AEPS GST INC DT 050219 RO,aeps gst incorporated dt 050219 ro,5,Delta Export Incorporated,delta exp incorporated,fuzzy_fallback,0.7442,0.855,0.4399,0.0,0.0,0.5595,Low Risk,Aday şirket fuzzy fallback ile bulundu. Yazımsal benzerlik yüksek bulundu.
23481,AEPS GST INC DT 16-08-201,aeps gst incorporated dt 16 08 201,5,Delta Export Incorporated,delta exp incorporated,fuzzy_fallback,0.7442,0.855,0.4399,0.0,0.0,0.5595,Low Risk,Aday şirket fuzzy fallback ile bulundu. Yazımsal benzerlik yüksek bulundu.
24498,AEPS GST INC DT 20-09-201,aeps gst incorporated dt 20 09 201,5,Delta Export Incorporated,delta exp incorporated,fuzzy_fallback,0.7442,0.855,0.4396,0.0,0.0,0.5594,Low Risk,Aday şirket fuzzy fallback ile bulundu. Yazımsal benzerlik yüksek bulundu.
24484,AEPS GST INC DT 19-09-201,aeps gst incorporated dt 19 09 201,5,Delta Export Incorporated,delta exp incorporated,fuzzy_fallback,0.7442,0.855,0.4396,0.0,0.0,0.5594,Low Risk,Aday şirket fuzzy fallback ile bulundu. Yazımsal benzerlik yüksek bulundu.
24660,AEPS GST INC DT 19-09-201,aeps gst incorporated dt 19 09 201,5,Delta Export Incorporated,delta exp incorporated,fuzzy_fallback,0.7442,0.855,0.4396,0.0,0.0,0.5594,Low Risk,Aday şirket fuzzy fallback ile bulundu. Yazımsal benzerlik yüksek bulundu.
22628,AEPS GST INC DT 18-07-201,aeps gst incorporated dt 18 07 201,5,Delta Export Incorporated,delta exp incorporated,fuzzy_fallback,0.7442,0.855,0.4392,0.0,0.0,0.5593,Low Risk,Aday şirket fuzzy fallback ile bulundu. Yazımsal benzerlik yüksek bulundu.
22582,AEPS GST INC DT 16-07-201,aeps gst incorporated dt 16 07 201,5,Delta Export Incorporated,delta exp incorporated,fuzzy_fallback,0.7442,0.855,0.4394,0.0,0.0,0.5593,Low Risk,Aday şirket fuzzy fallback ile bulundu. Yazımsal benzerlik yüksek bulundu.
22060,AEPS GST INC DT 17-06-201,aeps gst incorporated dt 17 06 201,5,Delta Export Incorporated,delta exp incorporated,fuzzy_fallback,0.7442,0.855,0.4395,0.0,0.0,0.5593,Low Risk,Aday şirket fuzzy fallback ile bulundu. Yazımsal benzerlik yüksek bulundu.
26995,AEPS GST INC DT 02-28-201,aeps gst incorporated dt 02 28 201,5,Delta Export Incorporated,delta exp incorporated,fuzzy_fallback,0.7442,0.855,0.4395,0.0,0.0,0.5593,Low Risk,Aday şirket fuzzy fallback ile bulundu. Yazımsal benzerlik yüksek bulundu.
21879,AEPS GST INC DT 01-06-201,aeps gst incorporated dt 01 06 201,5,Delta Export Incorporated,delta exp incorporated,fuzzy_fallback,0.7442,0.855,0.439,0.0,0.0,0.5592,Low Risk,Aday şirket fuzzy fallback ile bulundu. Yazımsal benzerlik yüksek bulundu.
26083,AEPS GST INC DT 12-15-201,aeps gst incorporated dt 12 15 201,5,Delta Export Incorporated,delta exp incorporated,fuzzy_fallback,0.7442,0.855,0.4391,0.0,0.0,0.5592,Low Risk,Aday şirket fuzzy fallback ile bulundu. Yazımsal benzerlik yüksek bulundu.
26158,AEPS GST INC DT 12-21-201,aeps gst incorporated dt 12 21 201,5,Delta Export Incorporated,delta exp incorporated,fuzzy_fallback,0.7442,0.855,0.439,0.0,0.0,0.5592,Low Risk,Aday şirket fuzzy fallback ile bulundu. Yazımsal benzerlik yüksek bulundu.
26338,AEPS GST INC DT 07-01-201,aeps gst incorporated dt 07 01 201,5,Delta Export Incorporated,delta exp incorporated,fuzzy_fallback,0.7442,0.855,0.439,0.0,0.0,0.5592,Low Risk,Aday şirket fuzzy fallback ile bulundu. Yazımsal benzerlik yüksek bulundu.
26250,AEPS GST INC DT 31-12-201,aeps gst incorporated dt 31 12 201,5,Delta Export Incorporated,delta exp incorporated,fuzzy_fallback,0.7442,0.855,0.4386,0.0,0.0,0.5591,Low Risk,Aday şirket fuzzy fallback ile bulundu. Yazımsal benzerlik yüksek bulundu.
25996,AEPS GST INC DT 09-12-201,aeps gst incorporated dt 09 12 201,5,Delta Export Incorporated,delta exp incorporated,fuzzy_fallback,0.7442,0.855,0.4385,0.0,0.0,0.5591,Low Risk,Aday şirket fuzzy fallback ile bulundu. Yazımsal benzerlik yüksek bulundu.
24337,AEPS GST INC DT 14-09-201,aeps gst incorporated dt 14 09 201,5,Delta Export Incorporated,delta exp incorporated,fuzzy_fallback,0.7442,0.855,0.4388,0.0,0.0,0.5591,Low Risk,Aday şirket fuzzy fallback ile bulundu. Yazımsal benzerlik yüksek bulundu.
26863,AEPS GST INC DT 18-02-201,aeps gst incorporated dt 18 02 201,5,Delta Export Incorporated,delta exp incorporated,fuzzy_fallback,0.7442,0.855,0.4388,0.0,0.0,0.5591,Low Risk,Aday şirket fuzzy fallback ile bulundu. Yazımsal benzerlik yüksek bulundu.
26937,AEPS GST INC DT 23-02-201,aeps gst incorporated dt 23 02 201,5,Delta Export Incorporated,delta exp incorporated,fuzzy_fallback,0.7442,0.855,0.4387,0.0,0.0,0.5591,Low Risk,Aday şirket fuzzy fallback ile bulundu. Yazımsal benzerlik yüksek bulundu.
26179,AEPS GST INC DT 12-25-201,aeps gst incorporated dt 12 25 201,5,Delta Export Incorporated,delta exp incorporated,fuzzy_fallback,0.7442,0.855,0.4383,0.0,0.0,0.559,Low Risk,Aday şirket fuzzy fallback ile bulundu. Yazımsal benzerlik yüksek bulundu.
21980,AEPS GST INC DT 09-06-201,aeps gst incorporated dt 09 06 201,5,Delta Export Incorporated,delta exp incorporated,fuzzy_fallback,0.7442,0.855,0.4382,0.0,0.0,0.559,Low Risk,Aday şirket fuzzy fallback ile bulundu. Yazımsal benzerlik yüksek bulundu.
21978,AEPS GST INC DT 08-06-201,aeps gst incorporated dt 08 06 201,5,Delta Export Incorporated,delta exp incorporated,fuzzy_fallback,0.7442,0.855,0.4381,0.0,0.0,0.5589,Low Risk,Aday şirket fuzzy fallback ile bulundu. Yazımsal benzerlik yüksek bulundu.
23581,AEPS GST INC DT 18-08-201,aeps gst incorporated dt 18 08 201,5,Delta Export Incorporated,delta exp incorporated,fuzzy_fallback,0.7442,0.855,0.4379,0.0,0.0,0.5589,Low Risk,Aday şirket fuzzy fallback ile bulundu. Yazımsal benzerlik yüksek bulundu.
23856,AEPS GST INC DT 30-08-201,aeps gst incorporated dt 30 08 201,5,Delta Export Incorporated,delta exp incorporated,fuzzy_fallback,0.7442,0.855,0.4381,0.0,0.0,0.5589,Low Risk,Aday şirket fuzzy fallback ile bulundu. Yazımsal benzerlik yüksek bulundu.
21940,AEPS GST INC DT 07-06-201,aeps gst incorporated dt 07 06 201,5,Delta Export Incorporated,delta exp incorporated,fuzzy_fallback,0.7442,0.855,0.4377,0.0,0.0,0.5588,Low Risk,Aday şirket fuzzy fallback ile bulundu. Yazımsal benzerlik yüksek bulundu.
22723,AEPS GST INC DT 20-07-201,aeps gst incorporated dt 20 07 201,5,Delta Export Incorporated,delta exp incorporated,fuzzy_fallback,0.7442,0.855,0.4377,0.0,0.0,0.5588,Low Risk,Aday şirket fuzzy fallback ile bulundu. Yazımsal benzerlik yüksek bulundu.
24780,AEPS GST INC DT 30-09-201,aeps gst incorporated dt 30 09 201,5,Delta Export Incorporated,delta exp incorporated,fuzzy_fallback,0.7442,0.855,0.4378,0.0,0.0,0.5588,Low Risk,Aday şirket fuzzy fallback ile bulundu. Yazımsal benzerlik yüksek bulundu.
26635,AEPS GST INC DT 31-01-201,aeps gst incorporated dt 31 01 201,5,Delta Export Incorporated,delta exp incorporated,fuzzy_fallback,0.7442,0.855,0.4374,0.0,0.0,0.5587,Low Risk,Aday şirket fuzzy fallback ile bulundu. Yazımsal benzerlik yüksek bulundu.
26817,AEPS GST INC DT 14-02-201,aeps gst incorporated dt 14 02 201,5,Delta Export Incorporated,delta exp incorporated,fuzzy_fallback,0.7442,0.855,0.4373,0.0,0.0,0.5587,Low Risk,Aday şirket fuzzy fallback ile bulundu. Yazımsal benzerlik yüksek bulundu.
23608,AEPS GST INC DT 20-08-201,aeps gst incorporated dt 20 08 201,5,Delta Export Incorporated,delta exp incorporated,fuzzy_fallback,0.7442,0.855,0.4374,0.0,0.0,0.5587,Low Risk,Aday şirket fuzzy fallback ile bulundu. Yazımsal benzerlik yüksek bulundu.
21827,AEPS GST INC DT 29-05-201,aeps gst incorporated dt 29 05 201,5,Delta Export Incorporated,delta exp incorporated,fuzzy_fallback,0.7442,0.855,0.4374,0.0,0.0,0.5587,Low Risk,Aday şirket fuzzy fallback ile bulundu. Yazımsal benzerlik yüksek bulundu.
23412,AEPS GST INC DT 14-08-201,aeps gst incorporated dt 14 08 201,5,Delta Export Incorporated,delta exp incorporated,fuzzy_fallback,0.7442,0.855,0.437,0.0,0.0,0.5586,Low Risk,Aday şirket fuzzy fallback ile bulundu. Yazımsal benzerlik yüksek bulundu.
26093,AEPS GST INC DT 17-12-201,aeps gst incorporated dt 17 12 201,5,Delta Export Incorporated,delta exp incorporated,fuzzy_fallback,0.7442,0.855,0.4369,0.0,0.0,0.5586,Low Risk,Aday şirket fuzzy fallback ile bulundu. Yazımsal benzerlik yüksek bulundu.
21446,AEPS GST INC DT 05-04-201,aeps gst incorporated dt 05 04 201,5,Delta Export Incorporated,delta exp incorporated,fuzzy_fallback,0.7442,0.855,0.4369,0.0,0.0,0.5586,Low Risk,Aday şirket fuzzy fallback ile bulundu. Yazımsal benzerlik yüksek bulundu.
25570,AEPS GST INC DT 11-06-201,aeps gst incorporated dt 11 06 201,5,Delta Export Incorporated,delta exp incorporated,fuzzy_fallback,0.7442,0.855,0.4369,0.0,0.0,0.5586,Low Risk,Aday şirket fuzzy fallback ile bulundu. Yazımsal benzerlik yüksek bulundu.
24694,AEPS GST INC DT 27-09-201,aeps gst incorporated dt 27 09 201,5,Delta Export Incorporated,delta exp incorporated,fuzzy_fallback,0.7442,0.855,0.4369,0.0,0.0,0.5586,Low Risk,Aday şirket fuzzy fallback ile bulundu. Yazımsal benzerlik yüksek bulundu.
22564,AEPS GST INC DT 14-07-201,aeps gst incorporated dt 14 07 201,5,Delta Export Incorporated,delta exp incorporated,fuzzy_fallback,0.7442,0.855,0.4371,0.0,0.0,0.5586,Low Risk,Aday şirket fuzzy fallback ile bulundu. Yazımsal benzerlik yüksek bulundu.
22707,AEPS GST INC DT 19-07-201,aeps gst incorporated dt 19 07 201,5,Delta Export Incorporated,delta exp incorporated,fuzzy_fallback,0.7442,0.855,0.4372,0.0,0.0,0.5586,Low Risk,Aday şirket fuzzy fallback ile bulundu. Yazımsal benzerlik yüksek bulundu.
21989,AEPS GST INC DT 11-06-201,aeps gst incorporated dt 11 06 201,5,Delta Export Incorporated,delta exp incorporated,fuzzy_fallback,0.7442,0.855,0.4369,0.0,0.0,0.5586,Low Risk,Aday şirket fuzzy fallback ile bulundu. Yazımsal benzerlik yüksek bulundu.
22948,AEPS GST INC DT 30-07-201,aeps gst incorporated dt 30 07 201,5,Delta Export Incorporated,delta exp incorporated,fuzzy_fallback,0.7442,0.855,0.4371,0.0,0.0,0.5586,Low Risk,Aday şirket fuzzy fallback ile bulundu. Yazımsal benzerlik yüksek bulundu.
26881,AEPS GST INC DT 19-02-201,aeps gst incorporated dt 19 02 201,5,Delta Export Incorporated,delta exp incorporated,fuzzy_fallback,0.7442,0.855,0.4366,0.0,0.0,0.5585,Low Risk,Aday şirket fuzzy fallback ile bulundu. Yazımsal benzerlik yüksek bulundu.
26901,AEPS GST INC DT 20-02-201,aeps gst incorporated dt 20 02 201,5,Delta Export Incorporated,delta exp incorporated,fuzzy_fallback,0.7442,0.855,0.4368,0.0,0.0,0.5585,Low Risk,Aday şirket fuzzy fallback ile bulundu. Yazımsal benzerlik yüksek bulundu.
22021,AEPS GST INC DT 12-06-201,aeps gst incorporated dt 12 06 201,5,Delta Export Incorporated,delta exp incorporated,fuzzy_fallback,0.7442,0.855,0.4367,0.0,0.0,0.5585,Low Risk,Aday şirket fuzzy fallback ile bulundu. Yazımsal benzerlik yüksek bulundu.
22166,AEPS GST INC DT 21-06-201,aeps gst incorporated dt 21 06 201,5,Delta Export Incorporated,delta exp incorporated,fuzzy_fallback,0.7442,0.855,0.4368,0.0,0.0,0.5585,Low Risk,Aday şirket fuzzy fallback ile bulundu. Yazımsal benzerlik yüksek bulundu.
23640,AEPS GST INC DT 23-08-201,aeps gst incorporated dt 23 08 201,5,Delta Export Incorporated,delta exp incorporated,fuzzy_fallback,0.7442,0.855,0.4366,0.0,0.0,0.5585,Low Risk,Aday şirket fuzzy fallback ile bulundu. Yazımsal benzerlik yüksek bulundu.
25771,AEPS GST INC DT 21-11-201,aeps gst incorporated dt 21 11 201,5,Delta Export Incorporated,delta exp incorporated,fuzzy_fallback,0.7442,0.855,0.4366,0.0,0.0,0.5585,Low Risk,Aday şirket fuzzy fallback ile bulundu. Yazımsal benzerlik yüksek bulundu.
25992,AEPS GST INC DT 07-12-201,aeps gst incorporated dt 07 12 201,5,Delta Export Incorporated,delta exp incorporated,fuzzy_fallback,0.7442,0.855,0.4363,0.0,0.0,0.5584,Low Risk,Aday şirket fuzzy fallback ile bulundu. Yazımsal benzerlik yüksek bulundu.
25911,AEPS GST INC DT 01-12-201,aeps gst incorporated dt 01 12 201,5,Delta Export Incorporated,delta exp incorporated,fuzzy_fallback,0.7442,0.855,0.436,0.0,0.0,0.5583,Low Risk,Aday şirket fuzzy fallback ile bulundu. Yazımsal benzerlik yüksek bulundu.
24654,AEPS GST INC DT 26-09-201,aeps gst incorporated dt 26 09 201,5,Delta Export Incorporated,delta exp incorporated,fuzzy_fallback,0.7442,0.855,0.4361,0.0,0.0,0.5583,Low Risk,Aday şirket fuzzy fallback ile bulundu. Yazımsal benzerlik yüksek bulundu.
23820,AEPS GST INC DT 27-08-201,aeps gst incorporated dt 27 08 201,5,Delta Export Incorporated,delta exp incorporated,fuzzy_fallback,0.7442,0.855,0.436,0.0,0.0,0.5583,Low Risk,Aday şirket fuzzy fallback ile bulundu. Yazımsal benzerlik yüksek bulundu.
26577,AEPS GST INC DT 25-01-201,aeps gst incorporated dt 25 01 201,5,Delta Export Incorporated,delta exp incorporated,fuzzy_fallback,0.7442,0.855,0.436,0.0,0.0,0.5583,Low Risk,Aday şirket fuzzy fallback ile bulundu. Yazımsal benzerlik yüksek bulundu.
21982,AEPS GST INC DT 10-06-201,aeps gst incorporated dt 10 06 201,5,Delta Export Incorporated,delta exp incorporated,fuzzy_fallback,0.7442,0.855,0.4355,0.0,0.0,0.5582,Low Risk,Aday şirket fuzzy fallback ile bulundu. Yazımsal benzerlik yüksek bulundu.
26470,AEPS GST INC DT 17-01-201,aeps gst incorporated dt 17 01 201,5,Delta Export Incorporated,delta exp incorporated,fuzzy_fallback,0.7442,0.855,0.4357,0.0,0.0,0.5582,Low Risk,Aday şirket fuzzy fallback ile bulundu. Yazımsal benzerlik yüksek bulundu.
22922,AEPS GST INC DT 27-07-201,aeps gst incorporated dt 27 07 201,5,Delta Export Incorporated,delta exp incorporated,fuzzy_fallback,0.7442,0.855,0.4355,0.0,0.0,0.5582,Low Risk,Aday şirket fuzzy fallback ile bulundu. Yazımsal benzerlik yüksek bulundu.
21752,AEPS GST INC DT 24-05-201,aeps gst incorporated dt 24 05 201,5,Delta Export Incorporated,delta exp incorporated,fuzzy_fallback,0.7442,0.855,0.4352,0.0,0.0,0.5581,Low Risk,Aday şirket fuzzy fallback ile bulundu. Yazımsal benzerlik yüksek bulundu.
23806,AEPS GST INC DT 26-08-201,aeps gst incorporated dt 26 08 201,5,Delta Export Incorporated,delta exp incorporated,fuzzy_fallback,0.7442,0.855,0.4353,0.0,0.0,0.5581,Low Risk,Aday şirket fuzzy fallback ile bulundu. Yazımsal benzerlik yüksek bulundu.
24987,AEPS GST INC DT 06-10-201,aeps gst incorporated dt 06 10 201,5,Delta Export Incorporated,delta exp incorporated,fuzzy_fallback,0.7442,0.855,0.4351,0.0,0.0,0.558,Low Risk,Aday şirket fuzzy fallback ile bulundu. Yazımsal benzerlik yüksek bulundu.
26262,AEPS GST INC DT 01-01-201,aeps gst incorporated dt 01 01 201,5,Delta Export Incorporated,delta exp incorporated,fuzzy_fallback,0.7442,0.855,0.4348,0.0,0.0,0.558,Low Risk,Aday şirket fuzzy fallback ile bulundu. Yazımsal benzerlik yüksek bulundu.
22258,AEPS GST INC DT 28-06-201,aeps gst incorporated dt 28 06 201,5,Delta Export Incorporated,delta exp incorporated,fuzzy_fallback,0.7442,0.855,0.4351,0.0,0.0,0.558,Low Risk,Aday şirket fuzzy fallback ile bulundu. Yazımsal benzerlik yüksek bulundu.
22032,AEPS GST INC DT 13-06-201,aeps gst incorporated dt 13 06 201,5,Delta Export Incorporated,delta exp incorporated,fuzzy_fallback,0.7442,0.855,0.4351,0.0,0.0,0.558,Low Risk,Aday şirket fuzzy fallback ile bulundu. Yazımsal benzerlik yüksek bulundu.
21931,AEPS GST INC DT 06-06-201,aeps gst incorporated dt 06 06 201,5,Delta Export Incorporated,delta exp incorporated,fuzzy_fallback,0.7442,0.855,0.4349,0.0,0.0,0.558,Low Risk,Aday şirket fuzzy fallback ile bulundu. Yazımsal benzerlik yüksek bulundu.
26397,AEPS GST INC DT 12-01-201,aeps gst incorporated dt 12 01 201,5,Delta Export Incorporated,delta exp incorporated,fuzzy_fallback,0.7442,0.855,0.4349,0.0,0.0,0.558,Low Risk,Aday şirket fuzzy fallback ile bulundu. Yazımsal benzerlik yüksek bulundu.
26516,AEPS GST INC DT 21-01-201,aeps gst incorporated dt 21 01 201,5,Delta Export Incorporated,delta exp incorporated,fuzzy_fallback,0.7442,0.855,0.4351,0.0,0.0,0.558,Low Risk,Aday şirket fuzzy fallback ile bulundu. Yazımsal benzerlik yüksek bulundu.
24778,AEPS GST INC DT 29-09-201,aeps gst incorporated dt 29 09 201,5,Delta Export Incorporated,delta exp incorporated,fuzzy_fallback,0.7442,0.855,0.4345,0.0,0.0,0.5579,Low Risk,Aday şirket fuzzy fallback ile bulundu. Yazımsal benzerlik yüksek bulundu.
26162,AEPS GST INC DT 12-23-201,aeps gst incorporated dt 12 23 201,5,Delta Export Incorporated,delta exp incorporated,fuzzy_fallback,0.7442,0.855,0.4345,0.0,0.0,0.5579,Low Risk,Aday şirket fuzzy fallback ile bulundu. Yazımsal benzerlik yüksek bulundu.
25188,AEPS GST INC DT 10-15-201,aeps gst incorporated dt 10 15 201,5,Delta Export Incorporated,delta exp incorporated,fuzzy_fallback,0.7442,0.855,0.4347,0.0,0.0,0.5579,Low Risk,Aday şirket fuzzy fallback ile bulundu. Yazımsal benzerlik yüksek bulundu.
22903,AEPS GST INC DT 26-07-201,aeps gst incorporated dt 26 07 201,5,Delta Export Incorporated,delta exp incorporated,fuzzy_fallback,0.7442,0.855,0.4345,0.0,0.0,0.5578,Low Risk,Aday şirket fuzzy fallback ile bulundu. Yazımsal benzerlik yüksek bulundu.
25379,AEPS GST INC DT 10-25-201,aeps gst incorporated dt 10 25 201,5,Delta Export Incorporated,delta exp incorporated,fuzzy_fallback,0.7442,0.855,0.4345,0.0,0.0,0.5578,Low Risk,Aday şirket fuzzy fallback ile bulundu. Yazımsal benzerlik yüksek bulundu.
25690,AEPS GST INC DT 11-15-201,aeps gst incorporated dt 11 15 201,5,Delta Export Incorporated,delta exp incorporated,fuzzy_fallback,0.7442,0.855,0.4342,0.0,0.0,0.5577,Low Risk,Aday şirket fuzzy fallback ile bulundu. Yazımsal benzerlik yüksek bulundu.
25459,AEPS GST INC DT 10-31-201,aeps gst incorporated dt 10 31 201,5,Delta Export Incorporated,delta exp incorporated,fuzzy_fallback,0.7442,0.855,0.4339,0.0,0.0,0.5577,Low Risk,Aday şirket fuzzy fallback ile bulundu. Yazımsal benzerlik yüksek bulundu.
25310,AEPS GST INC DT 10-21-201,aeps gst incorporated dt 10 21 201,5,Delta Export Incorporated,delta exp incorporated,fuzzy_fallback,0.7442,0.855,0.4336,0.0,0.0,0.5576,Low Risk,Aday şirket fuzzy fallback ile bulundu. Yazımsal benzerlik yüksek bulundu.
26220,AEPS GST INC DT 28-12-201,aeps gst incorporated dt 28 12 201,5,Delta Export Incorporated,delta exp incorporated,fuzzy_fallback,0.7442,0.855,0.4336,0.0,0.0,0.5576,Low Risk,Aday şirket fuzzy fallback ile bulundu. Yazımsal benzerlik yüksek bulundu.
26979,AEPS GST INC DT 27-02-201,aeps gst incorporated dt 27 02 201,5,Delta Export Incorporated,delta exp incorporated,fuzzy_fallback,0.7442,0.855,0.4337,0.0,0.0,0.5576,Low Risk,Aday şirket fuzzy fallback ile bulundu. Yazımsal benzerlik yüksek bulundu.
25806,AEPS GST INC DT 25-11-201,aeps gst incorporated dt 25 11 201,5,Delta Export Incorporated,delta exp incorporated,fuzzy_fallback,0.7442,0.855,0.4332,0.0,0.0,0.5575,Low Risk,Aday şirket fuzzy fallback ile bulundu. Yazımsal benzerlik yüksek bulundu.
27059,S TAX CASH PICKUP CHRG DE,s tax cash pickup chrg de,5,Delta Export Incorporated,de,token_index,0.9,0.6,0.3585,1.0,0.0,0.5575,Low Risk,Aday şirket token index üzerinden bulundu. Yazımsal benzerlik orta seviyede bulundu. Şirket acronym'i EFT açıklamasında bulundu.
26967,AEPS GST INC DT 26-02-201,aeps gst incorporated dt 26 02 201,5,Delta Export Incorporated,delta exp incorporated,fuzzy_fallback,0.7442,0.855,0.4334,0.0,0.0,0.5575,Low Risk,Aday şirket fuzzy fallback ile bulundu. Yazımsal benzerlik yüksek bulundu.
22058,AEPS GST INC DT 16-06-201,aeps gst incorporated dt 16 06 201,5,Delta Export Incorporated,delta exp incorporated,fuzzy_fallback,0.7442,0.855,0.4331,0.0,0.0,0.5574,Low Risk,Aday şirket fuzzy fallback ile bulundu. Yazımsal benzerlik yüksek bulundu.
25487,AEPS GST INC DT 11-01-201,aeps gst incorporated dt 11 01 201,5,Delta Export Incorporated,delta exp incorporated,fuzzy_fallback,0.7442,0.855,0.4331,0.0,0.0,0.5574,Low Risk,Aday şirket fuzzy fallback ile bulundu. Yazımsal benzerlik yüksek bulundu.
26392,AEPS GST INC DT 11-01-201,aeps gst incorporated dt 11 01 201,5,Delta Export Incorporated,delta exp incorporated,fuzzy_fallback,0.7442,0.855,0.4331,0.0,0.0,0.5574,Low Risk,Aday şirket fuzzy fallback ile bulundu. Yazımsal benzerlik yüksek bulundu.
25575,AEPS GST INC DT 07-11-201,aeps gst incorporated dt 07 11 201,5,Delta Export Incorporated,delta exp incorporated,fuzzy_fallback,0.7442,0.855,0.4332,0.0,0.0,0.5574,Low Risk,Aday şirket fuzzy fallback ile bulundu. Yazımsal benzerlik yüksek bulundu.
25722,AEPS GST INC DT 17-11-201,aeps gst incorporated dt 17 11 201,5,Delta Export Incorporated,delta exp incorporated,fuzzy_fallback,0.7442,0.855,0.433,0.0,0.0,0.5574,Low Risk,Aday şirket fuzzy fallback ile bulundu. Yazımsal benzerlik yüksek bulundu.
23839,AEPS GST INC DT 29-08-201,aeps gst incorporated dt 29 08 201,5,Delta Export Incorporated,delta exp incorporated,fuzzy_fallback,0.7442,0.855,0.4326,0.0,0.0,0.5573,Low Risk,Aday şirket fuzzy fallback ile bulundu. Yazımsal benzerlik yüksek bulundu.
24989,AEPS GST INC DT 07-10-201,aeps gst incorporated dt 07 10 201,5,Delta Export Incorporated,delta exp incorporated,fuzzy_fallback,0.7442,0.855,0.4327,0.0,0.0,0.5573,Low Risk,Aday şirket fuzzy fallback ile bulundu. Yazımsal benzerlik yüksek bulundu.
26376,AEPS GST INC DT 10-01-201,aeps gst incorporated dt 10 01 201,5,Delta Export Incorporated,delta exp incorporated,fuzzy_fallback,0.7442,0.855,0.4322,0.0,0.0,0.5572,Low Risk,Aday şirket fuzzy fallback ile bulundu. Yazımsal benzerlik yüksek bulundu.
26109,AEPS GST INC DT 12-18-201,aeps gst incorporated dt 12 18 201,5,Delta Export Incorporated,delta exp incorporated,fuzzy_fallback,0.7442,0.855,0.432,0.0,0.0,0.5571,Low Risk,Aday şirket fuzzy fallback ile bulundu. Yazımsal benzerlik yüksek bulundu.
26399,AEPS GST INC DT 13-01-201,aeps gst incorporated dt 13 01 201,5,Delta Export Incorporated,delta exp incorporated,fuzzy_fallback,0.7442,0.855,0.4319,0.0,0.0,0.5571,Low Risk,Aday şirket fuzzy fallback ile bulundu. Yazımsal benzerlik yüksek bulundu.
24592,AEPS GST INC DT 24-09-201,aeps gst incorporated dt 24 09 201,5,Delta Export Incorporated,delta exp incorporated,fuzzy_fallback,0.7442,0.855,0.4316,0.0,0.0,0.557,Low Risk,Aday şirket fuzzy fallback ile bulundu. Yazımsal benzerlik yüksek bulundu.
22067,AEPS GST INC DT 18-06-201,aeps gst incorporated dt 18 06 201,5,Delta Export Incorporated,delta exp incorporated,fuzzy_fallback,0.7442,0.855,0.4317,0.0,0.0,0.557,Low Risk,Aday şirket fuzzy fallback ile bulundu. Yazımsal benzerlik yüksek bulundu.
22181,AEPS GST INC DT 22-06-201,aeps gst incorporated dt 22 06 201,5,Delta Export Incorporated,delta exp incorporated,fuzzy_fallback,0.7442,0.855,0.4315,0.0,0.0,0.5569,Low Risk,Aday şirket fuzzy fallback ile bulundu. Yazımsal benzerlik yüksek bulundu.
22183,AEPS GST INC DT 23-06-201,aeps gst incorporated dt 23 06 201,5,Delta Export Incorporated,delta exp incorporated,fuzzy_fallback,0.7442,0.855,0.431,0.0,0.0,0.5568,Low Risk,Aday şirket fuzzy fallback ile bulundu. Yazımsal benzerlik yüksek bulundu.
26122,AEPS GST INC DT 19-12-201,aeps gst incorporated dt 19 12 201,5,Delta Export Incorporated,delta exp incorporated,fuzzy_fallback,0.7442,0.855,0.4311,0.0,0.0,0.5568,Low Risk,Aday şirket fuzzy fallback ile bulundu. Yazımsal benzerlik yüksek bulundu.
22128,AEPS GST INC DT 20-06-201,aeps gst incorporated dt 20 06 201,5,Delta Export Incorporated,delta exp incorporated,fuzzy_fallback,0.7442,0.855,0.4311,0.0,0.0,0.5568,Low Risk,Aday şirket fuzzy fallback ile bulundu. Yazımsal benzerlik yüksek bulundu.
26047,AEPS GST INC DT 12-13-201,aeps gst incorporated dt 12 13 201,5,Delta Export Incorporated,delta exp incorporated,fuzzy_fallback,0.7442,0.855,0.431,0.0,0.0,0.5568,Low Risk,Aday şirket fuzzy fallback ile bulundu. Yazımsal benzerlik yüksek bulundu.
24812,AEPS GST INC DT 01-10-201,aeps gst incorporated dt 01 10 201,5,Delta Export Incorporated,delta exp incorporated,fuzzy_fallback,0.7442,0.855,0.4308,0.0,0.0,0.5567,Low Risk,Aday şirket fuzzy fallback ile bulundu. Yazımsal benzerlik yüksek bulundu.
26530,AEPS GST INC DT 22-01-201,aeps gst incorporated dt 22 01 201,5,Delta Export Incorporated,delta exp incorporated,fuzzy_fallback,0.7442,0.855,0.4308,0.0,0.0,0.5567,Low Risk,Aday şirket fuzzy fallback ile bulundu. Yazımsal benzerlik yüksek bulundu.
26600,AEPS GST INC DT 28-01-201,aeps gst incorporated dt 28 01 201,5,Delta Export Incorporated,delta exp incorporated,fuzzy_fallback,0.7442,0.855,0.4302,0.0,0.0,0.5566,Low Risk,Aday şirket fuzzy fallback ile bulundu. Yazımsal benzerlik yüksek bulundu.
22926,AEPS GST INC DT 29-07-201,aeps gst incorporated dt 29 07 201,5,Delta Export Incorporated,delta exp incorporated,fuzzy_fallback,0.7442,0.855,0.4305,0.0,0.0,0.5566,Low Risk,Aday şirket fuzzy fallback ile bulundu. Yazımsal benzerlik yüksek bulundu.
22072,AEPS GST INC DT 19-06-201,aeps gst incorporated dt 19 06 201,5,Delta Export Incorporated,delta exp incorporated,fuzzy_fallback,0.7442,0.855,0.4304,0.0,0.0,0.5566,Low Risk,Aday şirket fuzzy fallback ile bulundu. Yazımsal benzerlik yüksek bulundu.
26009,AEPS GST INC DT 12-10-201,aeps gst incorporated dt 12 10 201,5,Delta Export Incorporated,delta exp incorporated,fuzzy_fallback,0.7442,0.855,0.4299,0.0,0.0,0.5565,Low Risk,Aday şirket fuzzy fallback ile bulundu. Yazımsal benzerlik yüksek bulundu.
22770,AEPS GST INC DT 24-07-201,aeps gst incorporated dt 24 07 201,5,Delta Export Incorporated,delta exp incorporated,fuzzy_fallback,0.7442,0.855,0.4297,0.0,0.0,0.5564,Low Risk,Aday şirket fuzzy fallback ile bulundu. Yazımsal benzerlik yüksek bulundu.
22044,AEPS GST INC DT 14-06-201,aeps gst incorporated dt 14 06 201,5,Delta Export Incorporated,delta exp incorporated,fuzzy_fallback,0.7442,0.855,0.4295,0.0,0.0,0.5564,Low Risk,Aday şirket fuzzy fallback ile bulundu. Yazımsal benzerlik yüksek bulundu.
25804,AEPS GST INC DT 23-11-201,aeps gst incorporated dt 23 11 201,5,Delta Export Incorporated,delta exp incorporated,fuzzy_fallback,0.7442,0.855,0.4296,0.0,0.0,0.5564,Low Risk,Aday şirket fuzzy fallback ile bulundu. Yazımsal benzerlik yüksek bulundu.
25861,AEPS GST INC DT 28-11-201,aeps gst incorporated dt 28 11 201,5,Delta Export Incorporated,delta exp incorporated,fuzzy_fallback,0.7442,0.855,0.4295,0.0,0.0,0.5564,Low Risk,Aday şirket fuzzy fallback ile bulundu. Yazımsal benzerlik yüksek bulundu.
22041,AEPS GST INC DT 14-06-201,aeps gst incorporated dt 14 06 201,5,Delta Export Incorporated,delta exp incorporated,fuzzy_fallback,0.7442,0.855,0.4295,0.0,0.0,0.5564,Low Risk,Aday şirket fuzzy fallback ile bulundu. Yazımsal benzerlik yüksek bulundu.
25221,AEPS GST INC DT 10-17-201,aeps gst incorporated dt 10 17 201,5,Delta Export Incorporated,delta exp incorporated,fuzzy_fallback,0.7442,0.855,0.4292,0.0,0.0,0.5563,Low Risk,Aday şirket fuzzy fallback ile bulundu. Yazımsal benzerlik yüksek bulundu.
26542,AEPS GST INC DT 23-01-201,aeps gst incorporated dt 23 01 201,5,Delta Export Incorporated,delta exp incorporated,fuzzy_fallback,0.7442,0.855,0.4294,0.0,0.0,0.5563,Low Risk,Aday şirket fuzzy fallback ile bulundu. Yazımsal benzerlik yüksek bulundu.
22274,AEPS GST INC DT 30-06-201,aeps gst incorporated dt 30 06 201,5,Delta Export Incorporated,delta exp incorporated,fuzzy_fallback,0.7442,0.855,0.4291,0.0,0.0,0.5562,Low Risk,Aday şirket fuzzy fallback ile bulundu. Yazımsal benzerlik yüksek bulundu.
25165,AEPS GST INC DT 10-12-201,aeps gst incorporated dt 10 12 201,5,Delta Export Incorporated,delta exp incorporated,fuzzy_fallback,0.7442,0.855,0.4289,0.0,0.0,0.5562,Low Risk,Aday şirket fuzzy fallback ile bulundu. Yazımsal benzerlik yüksek bulundu.
25341,AEPS GST INC DT 10-23-201,aeps gst incorporated dt 10 23 201,5,Delta Export Incorporated,delta exp incorporated,fuzzy_fallback,0.7442,0.855,0.4287,0.0,0.0,0.5561,Low Risk,Aday şirket fuzzy fallback ile bulundu. Yazımsal benzerlik yüksek bulundu.
26035,AEPS GST INC DT 12-12-201,aeps gst incorporated dt 12 12 201,5,Delta Export Incorporated,delta exp incorporated,fuzzy_fallback,0.7442,0.855,0.4287,0.0,0.0,0.5561,Low Risk,Aday şirket fuzzy fallback ile bulundu. Yazımsal benzerlik yüksek bulundu.
25724,AEPS GST INC DT 18-11-201,aeps gst incorporated dt 18 11 201,5,Delta Export Incorporated,delta exp incorporated,fuzzy_fallback,0.7442,0.855,0.4283,0.0,0.0,0.556,Low Risk,Aday şirket fuzzy fallback ile bulundu. Yazımsal benzerlik yüksek bulundu.
26480,AEPS GST INC DT 18-01-201,aeps gst incorporated dt 18 01 201,5,Delta Export Incorporated,delta exp incorporated,fuzzy_fallback,0.7442,0.855,0.4283,0.0,0.0,0.556,Low Risk,Aday şirket fuzzy fallback ile bulundu. Yazımsal benzerlik yüksek bulundu.
24032,AEPS GST INC DT 04-09-201,aeps gst incorporated dt 04 09 201,5,Delta Export Incorporated,delta exp incorporated,fuzzy_fallback,0.7442,0.855,0.4278,0.0,0.0,0.5559,Low Risk,Aday şirket fuzzy fallback ile bulundu. Yazımsal benzerlik yüksek bulundu.
22250,AEPS GST INC DT 27-06-201,aeps gst incorporated dt 27 06 201,5,Delta Export Incorporated,delta exp incorporated,fuzzy_fallback,0.7442,0.855,0.4279,0.0,0.0,0.5559,Low Risk,Aday şirket fuzzy fallback ile bulundu. Yazımsal benzerlik yüksek bulundu.
23802,AEPS GST INC DT 24-08-201,aeps gst incorporated dt 24 08 201,5,Delta Export Incorporated,delta exp incorporated,fuzzy_fallback,0.7442,0.855,0.4276,0.0,0.0,0.5558,Low Risk,Aday şirket fuzzy fallback ile bulundu. Yazımsal benzerlik yüksek bulundu.
25408,AEPS GST INC DT 10-28-201,aeps gst incorporated dt 10 28 201,5,Delta Export Incorporated,delta exp incorporated,fuzzy_fallback,0.7442,0.855,0.4277,0.0,0.0,0.5558,Low Risk,Aday şirket fuzzy fallback ile bulundu. Yazımsal benzerlik yüksek bulundu.
25412,AEPS GST INC DT 10-28-201,aeps gst incorporated dt 10 28 201,5,Delta Export Incorporated,delta exp incorporated,fuzzy_fallback,0.7442,0.855,0.4277,0.0,0.0,0.5558,Low Risk,Aday şirket fuzzy fallback ile bulundu. Yazımsal benzerlik yüksek bulundu.
22223,AEPS GST INC DT 26-06-201,aeps gst incorporated dt 26 06 201,5,Delta Export Incorporated,delta exp incorporated,fuzzy_fallback,0.7442,0.855,0.4274,0.0,0.0,0.5557,Low Risk,Aday şirket fuzzy fallback ile bulundu. Yazımsal benzerlik yüksek bulundu.
26061,AEPS GST INC DT 12-14-201,aeps gst incorporated dt 12 14 201,5,Delta Export Incorporated,delta exp incorporated,fuzzy_fallback,0.7442,0.855,0.4272,0.0,0.0,0.5557,Low Risk,Aday şirket fuzzy fallback ile bulundu. Yazımsal benzerlik yüksek bulundu.
26085,AEPS GST INC DT 16-12-201,aeps gst incorporated dt 16 12 201,5,Delta Export Incorporated,delta exp incorporated,fuzzy_fallback,0.7442,0.855,0.4272,0.0,0.0,0.5557,Low Risk,Aday şirket fuzzy fallback ile bulundu. Yazımsal benzerlik yüksek bulundu.
26454,AEPS GST INC DT 16-01-201,aeps gst incorporated dt 16 01 201,5,Delta Export Incorporated,delta exp incorporated,fuzzy_fallback,0.7442,0.855,0.4274,0.0,0.0,0.5557,Low Risk,Aday şirket fuzzy fallback ile bulundu. Yazımsal benzerlik yüksek bulundu.
26241,AEPS GST INC DT 12-30-201,aeps gst incorporated dt 12 30 201,5,Delta Export Incorporated,delta exp incorporated,fuzzy_fallback,0.7442,0.855,0.4273,0.0,0.0,0.5557,Low Risk,Aday şirket fuzzy fallback ile bulundu. Yazımsal benzerlik yüksek bulundu.
25648,AEPS GST INC DT 11-12-201,aeps gst incorporated dt 11 12 201,5,Delta Export Incorporated,delta exp incorporated,fuzzy_fallback,0.7442,0.855,0.4268,0.0,0.0,0.5555,Low Risk,Aday şirket fuzzy fallback ile bulundu. Yazımsal benzerlik yüksek bulundu.
22346,AEPS GST INC DT 04-07-201,aeps gst incorporated dt 04 07 201,5,Delta Export Incorporated,delta exp incorporated,fuzzy_fallback,0.7442,0.855,0.4267,0.0,0.0,0.5555,Low Risk,Aday şirket fuzzy fallback ile bulundu. Yazımsal benzerlik yüksek bulundu.
26505,AEPS GST INC DT 19-01-201,aeps gst incorporated dt 19 01 201,5,Delta Export Incorporated,delta exp incorporated,fuzzy_fallback,0.7442,0.855,0.4265,0.0,0.0,0.5555,Low Risk,Aday şirket fuzzy fallback ile bulundu. Yazımsal benzerlik yüksek bulundu.
25231,AEPS GST INC DT 10-18-201,aeps gst incorporated dt 10 18 201,5,Delta Export Incorporated,delta exp incorporated,fuzzy_fallback,0.7442,0.855,0.4262,0.0,0.0,0.5554,Low Risk,Aday şirket fuzzy fallback ile bulundu. Yazımsal benzerlik yüksek bulundu.
26132,AEPS GST INC DT 20-12-201,aeps gst incorporated dt 20 12 201,5,Delta Export Incorporated,delta exp incorporated,fuzzy_fallback,0.7442,0.855,0.4262,0.0,0.0,0.5554,Low Risk,Aday şirket fuzzy fallback ile bulundu. Yazımsal benzerlik yüksek bulundu.
26417,AEPS GST INC DT 14-01-201,aeps gst incorporated dt 14 01 201,5,Delta Export Incorporated,delta exp incorporated,fuzzy_fallback,0.7442,0.855,0.4263,0.0,0.0,0.5554,Low Risk,Aday şirket fuzzy fallback ile bulundu. Yazımsal benzerlik yüksek bulundu.
26205,AEPS GST INC DT 27-12-201,aeps gst incorporated dt 27 12 201,5,Delta Export Incorporated,delta exp incorporated,fuzzy_fallback,0.7442,0.855,0.426,0.0,0.0,0.5553,Low Risk,Aday şirket fuzzy fallback ile bulundu. Yazımsal benzerlik yüksek bulundu.
25749,AEPS GST INC DT 19-11-201,aeps gst incorporated dt 19 11 201,5,Delta Export Incorporated,delta exp incorporated,fuzzy_fallback,0.7442,0.855,0.4261,0.0,0.0,0.5553,Low Risk,Aday şirket fuzzy fallback ile bulundu. Yazımsal benzerlik yüksek bulundu.
26939,AEPS GST INC DT 24-02-201,aeps gst incorporated dt 24 02 201,5,Delta Export Incorporated,delta exp incorporated,fuzzy_fallback,0.7442,0.855,0.426,0.0,0.0,0.5553,Low Risk,Aday şirket fuzzy fallback ile bulundu. Yazımsal benzerlik yüksek bulundu.
26023,AEPS GST INC DT 12-11-201,aeps gst incorporated dt 12 11 201,5,Delta Export Incorporated,delta exp incorporated,fuzzy_fallback,0.7442,0.855,0.4261,0.0,0.0,0.5553,Low Risk,Aday şirket fuzzy fallback ile bulundu. Yazımsal benzerlik yüksek bulundu.
25167,AEPS GST INC DT 10-13-201,aeps gst incorporated dt 10 13 201,5,Delta Export Incorporated,delta exp incorporated,fuzzy_fallback,0.7442,0.855,0.4262,0.0,0.0,0.5553,Low Risk,Aday şirket fuzzy fallback ile bulundu. Yazımsal benzerlik yüksek bulundu.
26190,AEPS GST INC DT 26-12-201,aeps gst incorporated dt 26 12 201,5,Delta Export Incorporated,delta exp incorporated,fuzzy_fallback,0.7442,0.855,0.4258,0.0,0.0,0.5553,Low Risk,Aday şirket fuzzy fallback ile bulundu. Yazımsal benzerlik yüksek bulundu.
26508,AEPS GST INC DT 20-01-201,aeps gst incorporated dt 20 01 201,5,Delta Export Incorporated,delta exp incorporated,fuzzy_fallback,0.7442,0.855,0.4256,0.0,0.0,0.5552,Low Risk,Aday şirket fuzzy fallback ile bulundu. Yazımsal benzerlik yüksek bulundu.
26694,AEPS GST INC DT 04-02-201,aeps gst incorporated dt 04 02 201,5,Delta Export Incorporated,delta exp incorporated,fuzzy_fallback,0.7442,0.855,0.4258,0.0,0.0,0.5552,Low Risk,Aday şirket fuzzy fallback ile bulundu. Yazımsal benzerlik yüksek bulundu.
25328,AEPS GST INC DT 10-22-201,aeps gst incorporated dt 10 22 201,5,Delta Export Incorporated,delta exp incorporated,fuzzy_fallback,0.7442,0.855,0.4256,0.0,0.0,0.5552,Low Risk,Aday şirket fuzzy fallback ile bulundu. Yazımsal benzerlik yüksek bulundu.
25308,AEPS GST INC DT 10-20-201,aeps gst incorporated dt 10 20 201,5,Delta Export Incorporated,delta exp incorporated,fuzzy_fallback,0.7442,0.855,0.4251,0.0,0.0,0.555,Low Risk,Aday şirket fuzzy fallback ile bulundu. Yazımsal benzerlik yüksek bulundu.
26160,AEPS GST INC DT 12-22-201,aeps gst incorporated dt 12 22 201,5,Delta Export Incorporated,delta exp incorporated,fuzzy_fallback,0.7442,0.855,0.4248,0.0,0.0,0.5549,Low Risk,Aday şirket fuzzy fallback ile bulundu. Yazımsal benzerlik yüksek bulundu.
25287,AEPS GST INC DT 10-19-201,aeps gst incorporated dt 10 19 201,5,Delta Export Incorporated,delta exp incorporated,fuzzy_fallback,0.7442,0.855,0.4248,0.0,0.0,0.5549,Low Risk,Aday şirket fuzzy fallback ile bulundu. Yazımsal benzerlik yüksek bulundu.
25680,AEPS GST INC DT 11-14-201,aeps gst incorporated dt 11 14 201,5,Delta Export Incorporated,delta exp incorporated,fuzzy_fallback,0.7442,0.855,0.4247,0.0,0.0,0.5549,Low Risk,Aday şirket fuzzy fallback ile bulundu. Yazımsal benzerlik yüksek bulundu.
26579,AEPS GST INC DT 26-01-201,aeps gst incorporated dt 26 01 201,5,Delta Export Incorporated,delta exp incorporated,fuzzy_fallback,0.7442,0.855,0.4243,0.0,0.0,0.5548,Low Risk,Aday şirket fuzzy fallback ile bulundu. Yazımsal benzerlik yüksek bulundu.
26624,AEPS GST INC DT 30-01-201,aeps gst incorporated dt 30 01 201,5,Delta Export Incorporated,delta exp incorporated,fuzzy_fallback,0.7442,0.855,0.4245,0.0,0.0,0.5548,Low Risk,Aday şirket fuzzy fallback ile bulundu. Yazımsal benzerlik yüksek bulundu.
25126,AEPS GST INC DT 10-11-201,aeps gst incorporated dt 10 11 201,5,Delta Export Incorporated,delta exp incorporated,fuzzy_fallback,0.7442,0.855,0.4244,0.0,0.0,0.5548,Low Risk,Aday şirket fuzzy fallback ile bulundu. Yazımsal benzerlik yüksek bulundu.
22061,REV AEPS INC DT 14-06-201,rev aeps incorporated dt 14 06 201,5,Delta Export Incorporated,delta exp incorporated,fuzzy_fallback,0.7907,0.855,0.4239,0.0,0.0,0.5547,Low Risk,Aday şirket fuzzy fallback ile bulundu. Yazımsal benzerlik yüksek bulundu.
26763,AEPS GST INC DT 100219 RO,aeps gst incorporated dt 100219 ro,5,Delta Export Incorporated,delta exp incorporated,fuzzy_fallback,0.7442,0.855,0.4241,0.0,0.0,0.5547,Low Risk,Aday şirket fuzzy fallback ile bulundu. Yazımsal benzerlik yüksek bulundu.
23583,AEPS GST INC DT 19-18-201,aeps gst incorporated dt 19 18 201,5,Delta Export Incorporated,delta exp incorporated,fuzzy_fallback,0.7442,0.855,0.4238,0.0,0.0,0.5546,Low Risk,Aday şirket fuzzy fallback ile bulundu. Yazımsal benzerlik yüksek bulundu.
25666,AEPS GST INC DT 11-13-201,aeps gst incorporated dt 11 13 201,5,Delta Export Incorporated,delta exp incorporated,fuzzy_fallback,0.7442,0.855,0.4236,0.0,0.0,0.5546,Low Risk,Aday şirket fuzzy fallback ile bulundu. Yazımsal benzerlik yüksek bulundu.
23092,AEPS GST INC DT 04-08-201,aeps gst incorporated dt 04 08 201,5,Delta Export Incorporated,delta exp incorporated,fuzzy_fallback,0.7442,0.855,0.4236,0.0,0.0,0.5546,Low Risk,Aday şirket fuzzy fallback ile bulundu. Yazımsal benzerlik yüksek bulundu.
25101,AEPS GST INC DT 10-10-201,aeps gst incorporated dt 10 10 201,5,Delta Export Incorporated,delta exp incorporated,fuzzy_fallback,0.7442,0.855,0.4235,0.0,0.0,0.5546,Low Risk,Aday şirket fuzzy fallback ile bulundu. Yazımsal benzerlik yüksek bulundu.
26581,AEPS GST INC DT 27-01-201,aeps gst incorporated dt 27 01 201,5,Delta Export Incorporated,delta exp incorporated,fuzzy_fallback,0.7442,0.855,0.4238,0.0,0.0,0.5546,Low Risk,Aday şirket fuzzy fallback ile bulundu. Yazımsal benzerlik yüksek bulundu.
25753,AEPS GST INC DT 20-11-201,aeps gst incorporated dt 20 11 201,5,Delta Export Incorporated,delta exp incorporated,fuzzy_fallback,0.7442,0.855,0.4233,0.0,0.0,0.5545,Low Risk,Aday şirket fuzzy fallback ile bulundu. Yazımsal benzerlik yüksek bulundu.
25445,AEPS GST INC DT 10-26-201,aeps gst incorporated dt 10 26 201,5,Delta Export Incorporated,delta exp incorporated,fuzzy_fallback,0.7442,0.855,0.4232,0.0,0.0,0.5545,Low Risk,Aday şirket fuzzy fallback ile bulundu. Yazımsal benzerlik yüksek bulundu.
25627,AEPS GST INC DT 11-10-201,aeps gst incorporated dt 11 10 201,5,Delta Export Incorporated,delta exp incorporated,fuzzy_fallback,0.7442,0.855,0.4233,0.0,0.0,0.5545,Low Risk,Aday şirket fuzzy fallback ile bulundu. Yazımsal benzerlik yüksek bulundu.
25169,AEPS GST INC DT 10-14-201,aeps gst incorporated dt 10 14 201,5,Delta Export Incorporated,delta exp incorporated,fuzzy_fallback,0.7442,0.855,0.423,0.0,0.0,0.5544,Low Risk,Aday şirket fuzzy fallback ile bulundu. Yazımsal benzerlik yüksek bulundu.
25212,AEPS GST INC DT 10-16-201,aeps gst incorporated dt 10 16 201,5,Delta Export Incorporated,delta exp incorporated,fuzzy_fallback,0.7442,0.855,0.4227,0.0,0.0,0.5543,Low Risk,Aday şirket fuzzy fallback ile bulundu. Yazımsal benzerlik yüksek bulundu.
25446,REV AEPS INC DT 28-10-201,rev aeps incorporated dt 28 10 201,5,Delta Export Incorporated,delta exp incorporated,fuzzy_fallback,0.7907,0.855,0.4227,0.0,0.0,0.5543,Low Risk,Aday şirket fuzzy fallback ile bulundu. Yazımsal benzerlik yüksek bulundu.
25832,AEPS GST INC DT 26-11-201,aeps gst incorporated dt 26 11 201,5,Delta Export Incorporated,delta exp incorporated,fuzzy_fallback,0.7442,0.855,0.4224,0.0,0.0,0.5542,Low Risk,Aday şirket fuzzy fallback ile bulundu. Yazımsal benzerlik yüksek bulundu.
25707,AEPS GST INC DT 16-11-201,aeps gst incorporated dt 16 11 201,5,Delta Export Incorporated,delta exp incorporated,fuzzy_fallback,0.7442,0.855,0.4222,0.0,0.0,0.5542,Low Risk,Aday şirket fuzzy fallback ile bulundu. Yazımsal benzerlik yüksek bulundu.
26236,AEPS GST INC DT 12-29-201,aeps gst incorporated dt 12 29 201,5,Delta Export Incorporated,delta exp incorporated,fuzzy_fallback,0.7442,0.855,0.422,0.0,0.0,0.5541,Low Risk,Aday şirket fuzzy fallback ile bulundu. Yazımsal benzerlik yüksek bulundu.
25443,AEPS GST INC DT 10-30-201,aeps gst incorporated dt 10 30 201,5,Delta Export Incorporated,delta exp incorporated,fuzzy_fallback,0.7442,0.855,0.4218,0.0,0.0,0.554,Low Risk,Aday şirket fuzzy fallback ile bulundu. Yazımsal benzerlik yüksek bulundu.
25410,AEPS GST INC DT 10-27-201,aeps gst incorporated dt 10 27 201,5,Delta Export Incorporated,delta exp incorporated,fuzzy_fallback,0.7442,0.855,0.4217,0.0,0.0,0.554,Low Risk,Aday şirket fuzzy fallback ile bulundu. Yazımsal benzerlik yüksek bulundu.
22185,AEPS GST INC DT 24-06-201,aeps gst incorporated dt 24 06 201,5,Delta Export Incorporated,delta exp incorporated,fuzzy_fallback,0.7442,0.855,0.4213,0.0,0.0,0.5539,Low Risk,Aday şirket fuzzy fallback ile bulundu. Yazımsal benzerlik yüksek bulundu.
25783,AEPS GST INC DT 11-22-201,aeps gst incorporated dt 11 22 201,5,Delta Export Incorporated,delta exp incorporated,fuzzy_fallback,0.7442,0.855,0.4211,0.0,0.0,0.5538,Low Risk,Aday şirket fuzzy fallback ile bulundu. Yazımsal benzerlik yüksek bulundu.
21905,AEPS GST INC DT 04-06-201,aeps gst incorporated dt 04 06 201,5,Delta Export Incorporated,delta exp incorporated,fuzzy_fallback,0.7442,0.855,0.4209,0.0,0.0,0.5538,Low Risk,Aday şirket fuzzy fallback ile bulundu. Yazımsal benzerlik yüksek bulundu.
26725,AEPS GST INC DT 060219 RO,aeps gst incorporated dt 060219 ro,5,Delta Export Incorporated,delta exp incorporated,fuzzy_fallback,0.7442,0.855,0.4199,0.0,0.0,0.5535,Low Risk,Aday şirket fuzzy fallback ile bulundu. Yazımsal benzerlik yüksek bulundu.
22266,AEPS GST INC DT 29-06-201,aeps gst incorporated dt 29 06 201,5,Delta Export Incorporated,delta exp incorporated,fuzzy_fallback,0.7442,0.855,0.4201,0.0,0.0,0.5535,Low Risk,Aday şirket fuzzy fallback ile bulundu. Yazımsal benzerlik yüksek bulundu.
25886,AEPS GST INC DT 30-11-201,aeps gst incorporated dt 30 11 201,5,Delta Export Incorporated,delta exp incorporated,fuzzy_fallback,0.7442,0.855,0.4197,0.0,0.0,0.5534,Low Risk,Aday şirket fuzzy fallback ile bulundu. Yazımsal benzerlik yüksek bulundu.
27034,AEPS GST INC DT 03-04-201,aeps gst incorporated dt 03 04 201,5,Delta Export Incorporated,delta exp incorporated,fuzzy_fallback,0.7442,0.855,0.4197,0.0,0.0,0.5534,Low Risk,Aday şirket fuzzy fallback ile bulundu. Yazımsal benzerlik yüksek bulundu.
25848,AEPS GST INC DT 27-11-201,aeps gst incorporated dt 27 11 201,5,Delta Export Incorporated,delta exp incorporated,fuzzy_fallback,0.7442,0.855,0.419,0.0,0.0,0.5532,Low Risk,Aday şirket fuzzy fallback ile bulundu. Yazımsal benzerlik yüksek bulundu.
25429,AEPS GST INC DT 10-29-201,aeps gst incorporated dt 10 29 201,5,Delta Export Incorporated,delta exp incorporated,fuzzy_fallback,0.7442,0.855,0.4165,0.0,0.0,0.5525,Low Risk,Aday şirket fuzzy fallback ile bulundu. Yazımsal benzerlik yüksek bulundu.
26609,AEPS GST INC DT 29-01-201,aeps gst incorporated dt 29 01 201,5,Delta Export Incorporated,delta exp incorporated,fuzzy_fallback,0.7442,0.855,0.4154,0.0,0.0,0.5521,Low Risk,Aday şirket fuzzy fallback ile bulundu. Yazımsal benzerlik yüksek bulundu.
26305,AEPS GST INC DT 01-04-201,aeps gst incorporated dt 01 04 201,5,Delta Export Incorporated,delta exp incorporated,fuzzy_fallback,0.7442,0.855,0.4147,0.0,0.0,0.5519,Low Risk,Aday şirket fuzzy fallback ile bulundu. Yazımsal benzerlik yüksek bulundu.
25629,AEPS GST INC DT 11-11-201,aeps gst incorporated dt 11 11 201,5,Delta Export Incorporated,delta exp incorporated,fuzzy_fallback,0.7442,0.855,0.4145,0.0,0.0,0.5518,Low Risk,Aday şirket fuzzy fallback ile bulundu. Yazımsal benzerlik yüksek bulundu.
26735,AEPS GST INC DT 070219 RO,aeps gst incorporated dt 070219 ro,5,Delta Export Incorporated,delta exp incorporated,fuzzy_fallback,0.7442,0.855,0.4138,0.0,0.0,0.5516,Low Risk,Aday şirket fuzzy fallback ile bulundu. Yazımsal benzerlik yüksek bulundu.
26765,AEPS GST INC DT 090219 RO,aeps gst incorporated dt 090219 ro,5,Delta Export Incorporated,delta exp incorporated,fuzzy_fallback,0.7442,0.855,0.4135,0.0,0.0,0.5515,Low Risk,Aday şirket fuzzy fallback ile bulundu. Yazımsal benzerlik yüksek bulundu.
26171,AEPS GST INC DT 12-24-201,aeps gst incorporated dt 12 24 201,5,Delta Export Incorporated,delta exp incorporated,fuzzy_fallback,0.7442,0.855,0.4134,0.0,0.0,0.5515,Low Risk,Aday şirket fuzzy fallback ile bulundu. Yazımsal benzerlik yüksek bulundu.
25356,AEPS GST INC DT 10-24-201,aeps gst incorporated dt 10 24 201,5,Delta Export Incorporated,delta exp incorporated,fuzzy_fallback,0.7442,0.855,0.4119,0.0,0.0,0.5511,Low Risk,Aday şirket fuzzy fallback ile bulundu. Yazımsal benzerlik yüksek bulundu.
26553,AEPS GST INC DT 24-01-201,aeps gst incorporated dt 24 01 201,5,Delta Export Incorporated,delta exp incorporated,fuzzy_fallback,0.7442,0.855,0.4116,0.0,0.0,0.551,Low Risk,Aday şirket fuzzy fallback ile bulundu. Yazımsal benzerlik yüksek bulundu.
26767,AEPS GST INC DT 080219 RO,aeps gst incorporated dt 080219 ro,5,Delta Export Incorporated,delta exp incorporated,fuzzy_fallback,0.7442,0.855,0.4105,0.0,0.0,0.5507,Low Risk,Aday şirket fuzzy fallback ile bulundu. Yazımsal benzerlik yüksek bulundu.
38956,CASHDEP/HAUS KHAS/CASH DE,cashdep haus khas cash de,5,Delta Export Incorporated,de,token_index,0.9,0.6,0.4139,1.0,0.0,0.5742,Low Risk,Aday şirket token index üzerinden bulundu. Yazımsal benzerlik orta seviyede bulundu. Şirket acronym'i EFT açıklamasında bulundu.
38909,CASHDEP/HAUS KHAS/CASH DE,cashdep haus khas cash de,5,Delta Export Incorporated,de,token_index,0.9,0.6,0.4139,1.0,0.0,0.5742,Low Risk,Aday şirket token index üzerinden bulundu. Yazımsal benzerlik orta seviyede bulundu. Şirket acronym'i EFT açıklamasında bulundu.
39065,CASHDEP/HAUS KHAS/CASH DE,cashdep haus khas cash de,5,Delta Export Incorporated,de,token_index,0.9,0.6,0.4139,1.0,0.0,0.5742,Low Risk,Aday şirket token index üzerinden bulundu. Yazımsal benzerlik orta seviyede bulundu. Şirket acronym'i EFT açıklamasında bulundu.
39075,CASHDEP/HAUS KHAS/CASH DE,cashdep haus khas cash de,5,Delta Export Incorporated,de,token_index,0.9,0.6,0.4139,1.0,0.0,0.5742,Low Risk,Aday şirket token index üzerinden bulundu. Yazımsal benzerlik orta seviyede bulundu. Şirket acronym'i EFT açıklamasında bulundu.
39090,CASHDEP/HAUS KHAS/CASH DE,cashdep haus khas cash de,5,Delta Export Incorporated,de,token_index,0.9,0.6,0.4139,1.0,0.0,0.5742,Low Risk,Aday şirket token index üzerinden bulundu. Yazımsal benzerlik orta seviyede bulundu. Şirket acronym'i EFT açıklamasında bulundu.
39182,CASHDEP/HAUS KHAS/CASH DE,cashdep haus khas cash de,5,Delta Export Incorporated,de,token_index,0.9,0.6,0.4139,1.0,0.0,0.5742,Low Risk,Aday şirket token index üzerinden bulundu. Yazımsal benzerlik orta seviyede bulundu. Şirket acronym'i EFT açıklamasında bulundu.
39237,CASHDEP/HAUS KHAS/CASH DE,cashdep haus khas cash de,5,Delta Export Incorporated,de,token_index,0.9,0.6,0.4139,1.0,0.0,0.5742,Low Risk,Aday şirket token index üzerinden bulundu. Yazımsal benzerlik orta seviyede bulundu. Şirket acronym'i EFT açıklamasında bulundu.
39418,CASHDEP/HAUS KHAS/CASH DE,cashdep haus khas cash de,5,Delta Export Incorporated,de,token_index,0.9,0.6,0.4139,1.0,0.0,0.5742,Low Risk,Aday şirket token index üzerinden bulundu. Yazımsal benzerlik orta seviyede bulundu. Şirket acronym'i EFT açıklamasında bulundu.
39419,CASHDEP/HAUS KHAS/CASH DE,cashdep haus khas cash de,5,Delta Export Incorporated,de,token_index,0.9,0.6,0.4139,1.0,0.0,0.5742,Low Risk,Aday şirket token index üzerinden bulundu. Yazımsal benzerlik orta seviyede bulundu. Şirket acronym'i EFT açıklamasında bulundu.
39444,CASHDEP/HAUS KHAS/CASH DE,cashdep haus khas cash de,5,Delta Export Incorporated,de,token_index,0.9,0.6,0.4139,1.0,0.0,0.5742,Low Risk,Aday şirket token index üzerinden bulundu. Yazımsal benzerlik orta seviyede bulundu. Şirket acronym'i EFT açıklamasında bulundu.
39458,CASHDEP/HAUS KHAS/CASH DE,cashdep haus khas cash de,5,Delta Export Incorporated,de,token_index,0.9,0.6,0.4139,1.0,0.0,0.5742,Low Risk,Aday şirket token index üzerinden bulundu. Yazımsal benzerlik orta seviyede bulundu. Şirket acronym'i EFT açıklamasında bulundu.
39462,CASHDEP/HAUS KHAS/CASH DE,cashdep haus khas cash de,5,Delta Export Incorporated,de,token_index,0.9,0.6,0.4139,1.0,0.0,0.5742,Low Risk,Aday şirket token index üzerinden bulundu. Yazımsal benzerlik orta seviyede bulundu. Şirket acronym'i EFT açıklamasında bulundu.
39467,CASHDEP/HAUS KHAS/CASH DE,cashdep haus khas cash de,5,Delta Export Incorporated,de,token_index,0.9,0.6,0.4139,1.0,0.0,0.5742,Low Risk,Aday şirket token index üzerinden bulundu. Yazımsal benzerlik orta seviyede bulundu. Şirket acronym'i EFT açıklamasında bulundu.
39554,CASHDEP/HAUS KHAS/CASH DE,cashdep haus khas cash de,5,Delta Export Incorporated,de,token_index,0.9,0.6,0.4139,1.0,0.0,0.5742,Low Risk,Aday şirket token index üzerinden bulundu. Yazımsal benzerlik orta seviyede bulundu. Şirket acronym'i EFT açıklamasında bulundu.
39608,CASHDEP/HAUS KHAS/CASH DE,cashdep haus khas cash de,5,Delta Export Incorporated,de,token_index,0.9,0.6,0.4139,1.0,0.0,0.5742,Low Risk,Aday şirket token index üzerinden bulundu. Yazımsal benzerlik orta seviyede bulundu. Şirket acronym'i EFT açıklamasında bulundu.
39650,CASHDEP/HAUS KHAS/CASH DE,cashdep haus khas cash de,5,Delta Export Incorporated,de,token_index,0.9,0.6,0.4139,1.0,0.0,0.5742,Low Risk,Aday şirket token index üzerinden bulundu. Yazımsal benzerlik orta seviyede bulundu. Şirket acronym'i EFT açıklamasında bulundu.
39679,CASHDEP/HAUS KHAS/CASH DE,cashdep haus khas cash de,5,Delta Export Incorporated,de,token_index,0.9,0.6,0.4139,1.0,0.0,0.5742,Low Risk,Aday şirket token index üzerinden bulundu. Yazımsal benzerlik orta seviyede bulundu. Şirket acronym'i EFT açıklamasında bulundu.
39692,CASHDEP/HAUS KHAS/CASH DE,cashdep haus khas cash de,5,Delta Export Incorporated,de,token_index,0.9,0.6,0.4139,1.0,0.0,0.5742,Low Risk,Aday şirket token index üzerinden bulundu. Yazımsal benzerlik orta seviyede bulundu. Şirket acronym'i EFT açıklamasında bulundu.
39783,CASHDEP/HAUS KHAS/CASH DE,cashdep haus khas cash de,5,Delta Export Incorporated,de,token_index,0.9,0.6,0.4139,1.0,0.0,0.5742,Low Risk,Aday şirket token index üzerinden bulundu. Yazımsal benzerlik orta seviyede bulundu. Şirket acronym'i EFT açıklamasında bulundu.
39787,CASHDEP/HAUS KHAS/CASH DE,cashdep haus khas cash de,5,Delta Export Incorporated,de,token_index,0.9,0.6,0.4139,1.0,0.0,0.5742,Low Risk,Aday şirket token index üzerinden bulundu. Yazımsal benzerlik orta seviyede bulundu. Şirket acronym'i EFT açıklamasında bulundu.
39814,CASHDEP/HAUS KHAS/CASH DE,cashdep haus khas cash de,5,Delta Export Incorporated,de,token_index,0.9,0.6,0.4139,1.0,0.0,0.5742,Low Risk,Aday şirket token index üzerinden bulundu. Yazımsal benzerlik orta seviyede bulundu. Şirket acronym'i EFT açıklamasında bulundu.
39815,CASHDEP/HAUS KHAS/CASH DE,cashdep haus khas cash de,5,Delta Export Incorporated,de,token_index,0.9,0.6,0.4139,1.0,0.0,0.5742,Low Risk,Aday şirket token index üzerinden bulundu. Yazımsal benzerlik orta seviyede bulundu. Şirket acronym'i EFT açıklamasında bulundu.
39842,CASHDEP/HAUS KHAS/CASH DE,cashdep haus khas cash de,5,Delta Export Incorporated,de,token_index,0.9,0.6,0.4139,1.0,0.0,0.5742,Low Risk,Aday şirket token index üzerinden bulundu. Yazımsal benzerlik orta seviyede bulundu. Şirket acronym'i EFT açıklamasında bulundu.
39868,CASHDEP/HAUS KHAS/CASH DE,cashdep haus khas cash de,5,Delta Export Incorporated,de,token_index,0.9,0.6,0.4139,1.0,0.0,0.5742,Low Risk,Aday şirket token index üzerinden bulundu. Yazımsal benzerlik orta seviyede bulundu. Şirket acronym'i EFT açıklamasında bulundu.
39892,CASHDEP/HAUS KHAS/CASH DE,cashdep haus khas cash de,5,Delta Export Incorporated,de,token_index,0.9,0.6,0.4139,1.0,0.0,0.5742,Low Risk,Aday şirket token index üzerinden bulundu. Yazımsal benzerlik orta seviyede bulundu. Şirket acronym'i EFT açıklamasında bulundu.
39899,CASHDEP/HAUS KHAS/CASH DE,cashdep haus khas cash de,5,Delta Export Incorporated,de,token_index,0.9,0.6,0.4139,1.0,0.0,0.5742,Low Risk,Aday şirket token index üzerinden bulundu. Yazımsal benzerlik orta seviyede bulundu. Şirket acronym'i EFT açıklamasında bulundu.
39921,CASHDEP/HAUS KHAS/CASH DE,cashdep haus khas cash de,5,Delta Export Incorporated,de,token_index,0.9,0.6,0.4139,1.0,0.0,0.5742,Low Risk,Aday şirket token index üzerinden bulundu. Yazımsal benzerlik orta seviyede bulundu. Şirket acronym'i EFT açıklamasında bulundu.
39967,CASHDEP/HAUS KHAS/CASH DE,cashdep haus khas cash de,5,Delta Export Incorporated,de,token_index,0.9,0.6,0.4139,1.0,0.0,0.5742,Low Risk,Aday şirket token index üzerinden bulundu. Yazımsal benzerlik orta seviyede bulundu. Şirket acronym'i EFT açıklamasında bulundu.
39977,CASHDEP/HAUS KHAS/CASH DE,cashdep haus khas cash de,5,Delta Export Incorporated,de,token_index,0.9,0.6,0.4139,1.0,0.0,0.5742,Low Risk,Aday şirket token index üzerinden bulundu. Yazımsal benzerlik orta seviyede bulundu. Şirket acronym'i EFT açıklamasında bulundu.
38944,CASHDEP/HAUS KHAS/CASH DE,cashdep haus khas cash de,5,Delta Export Incorporated,de,token_index,0.9,0.6,0.4139,1.0,0.0,0.5742,Low Risk,Aday şirket token index üzerinden bulundu. Yazımsal benzerlik orta seviyede bulundu. Şirket acronym'i EFT açıklamasında bulundu.
39997,CASHDEP/HAUS KHAS/CASH DE,cashdep haus khas cash de,5,Delta Export Incorporated,de,token_index,0.9,0.6,0.4139,1.0,0.0,0.5742,Low Risk,Aday şirket token index üzerinden bulundu. Yazımsal benzerlik orta seviyede bulundu. Şirket acronym'i EFT açıklamasında bulundu.
38439,CASHDEP/HAUS KHAS/CASH DE,cashdep haus khas cash de,5,Delta Export Incorporated,de,token_index,0.9,0.6,0.4139,1.0,0.0,0.5742,Low Risk,Aday şirket token index üzerinden bulundu. Yazımsal benzerlik orta seviyede bulundu. Şirket acronym'i EFT açıklamasında bulundu.
38775,CASHDEP/HAUS KHAS/CASH DE,cashdep haus khas cash de,5,Delta Export Incorporated,de,token_index,0.9,0.6,0.4139,1.0,0.0,0.5742,Low Risk,Aday şirket token index üzerinden bulundu. Yazımsal benzerlik orta seviyede bulundu. Şirket acronym'i EFT açıklamasında bulundu.
38280,CASHDEP/HAUS KHAS/CASH DE,cashdep haus khas cash de,5,Delta Export Incorporated,de,token_index,0.9,0.6,0.4139,1.0,0.0,0.5742,Low Risk,Aday şirket token index üzerinden bulundu. Yazımsal benzerlik orta seviyede bulundu. Şirket acronym'i EFT açıklamasında bulundu.
38350,CASHDEP/HAUS KHAS/CASH DE,cashdep haus khas cash de,5,Delta Export Incorporated,de,token_index,0.9,0.6,0.4139,1.0,0.0,0.5742,Low Risk,Aday şirket token index üzerinden bulundu. Yazımsal benzerlik orta seviyede bulundu. Şirket acronym'i EFT açıklamasında bulundu.
38891,CASHDEP/HAUS KHAS/CASH DE,cashdep haus khas cash de,5,Delta Export Incorporated,de,token_index,0.9,0.6,0.4139,1.0,0.0,0.5742,Low Risk,Aday şirket token index üzerinden bulundu. Yazımsal benzerlik orta seviyede bulundu. Şirket acronym'i EFT açıklamasında bulundu.
38461,CASHDEP/HAUS KHAS/CASH DE,cashdep haus khas cash de,5,Delta Export Incorporated,de,token_index,0.9,0.6,0.4139,1.0,0.0,0.5742,Low Risk,Aday şirket token index üzerinden bulundu. Yazımsal benzerlik orta seviyede bulundu. Şirket acronym'i EFT açıklamasında bulundu.
38472,CASHDEP/HAUS KHAS/CASH DE,cashdep haus khas cash de,5,Delta Export Incorporated,de,token_index,0.9,0.6,0.4139,1.0,0.0,0.5742,Low Risk,Aday şirket token index üzerinden bulundu. Yazımsal benzerlik orta seviyede bulundu. Şirket acronym'i EFT açıklamasında bulundu.
38487,CASHDEP/HAUS KHAS/CASH DE,cashdep haus khas cash de,5,Delta Export Incorporated,de,token_index,0.9,0.6,0.4139,1.0,0.0,0.5742,Low Risk,Aday şirket token index üzerinden bulundu. Yazımsal benzerlik orta seviyede bulundu. Şirket acronym'i EFT açıklamasında bulundu.
38502,CASHDEP/HAUS KHAS/CASH DE,cashdep haus khas cash de,5,Delta Export Incorporated,de,token_index,0.9,0.6,0.4139,1.0,0.0,0.5742,Low Risk,Aday şirket token index üzerinden bulundu. Yazımsal benzerlik orta seviyede bulundu. Şirket acronym'i EFT açıklamasında bulundu.
38211,CASHDEP/HAUS KHAS/CASH DE,cashdep haus khas cash de,5,Delta Export Incorporated,de,token_index,0.9,0.6,0.4139,1.0,0.0,0.5742,Low Risk,Aday şirket token index üzerinden bulundu. Yazımsal benzerlik orta seviyede bulundu. Şirket acronym'i EFT açıklamasında bulundu.
38191,CASHDEP/HAUS KHAS/CASH DE,cashdep haus khas cash de,5,Delta Export Incorporated,de,token_index,0.9,0.6,0.4139,1.0,0.0,0.5742,Low Risk,Aday şirket token index üzerinden bulundu. Yazımsal benzerlik orta seviyede bulundu. Şirket acronym'i EFT açıklamasında bulundu.
38237,CASHDEP/HAUS KHAS/CASH DE,cashdep haus khas cash de,5,Delta Export Incorporated,de,token_index,0.9,0.6,0.4139,1.0,0.0,0.5742,Low Risk,Aday şirket token index üzerinden bulundu. Yazımsal benzerlik orta seviyede bulundu. Şirket acronym'i EFT açıklamasında bulundu.
38781,CASHDEP/HAUS KHAS/CASH DE,cashdep haus khas cash de,5,Delta Export Incorporated,de,token_index,0.9,0.6,0.4139,1.0,0.0,0.5742,Low Risk,Aday şirket token index üzerinden bulundu. Yazımsal benzerlik orta seviyede bulundu. Şirket acronym'i EFT açıklamasında bulundu.
38806,CASHDEP/HAUS KHAS/CASH DE,cashdep haus khas cash de,5,Delta Export Incorporated,de,token_index,0.9,0.6,0.4139,1.0,0.0,0.5742,Low Risk,Aday şirket token index üzerinden bulundu. Yazımsal benzerlik orta seviyede bulundu. Şirket acronym'i EFT açıklamasında bulundu.
38137,CASHDEP/HAUS KHAS/CASH DE,cashdep haus khas cash de,5,Delta Export Incorporated,de,token_index,0.9,0.6,0.4139,1.0,0.0,0.5742,Low Risk,Aday şirket token index üzerinden bulundu. Yazımsal benzerlik orta seviyede bulundu. Şirket acronym'i EFT açıklamasında bulundu.
38830,CASHDEP/HAUS KHAS/CASH DE,cashdep haus khas cash de,5,Delta Export Incorporated,de,token_index,0.9,0.6,0.4139,1.0,0.0,0.5742,Low Risk,Aday şirket token index üzerinden bulundu. Yazımsal benzerlik orta seviyede bulundu. Şirket acronym'i EFT açıklamasında bulundu.
38844,CASHDEP/HAUS KHAS/CASH DE,cashdep haus khas cash de,5,Delta Export Incorporated,de,token_index,0.9,0.6,0.4139,1.0,0.0,0.5742,Low Risk,Aday şirket token index üzerinden bulundu. Yazımsal benzerlik orta seviyede bulundu. Şirket acronym'i EFT açıklamasında bulundu.
38115,CASHDEP/HAUS KHAS/CASH DE,cashdep haus khas cash de,5,Delta Export Incorporated,de,token_index,0.9,0.6,0.4139,1.0,0.0,0.5742,Low Risk,Aday şirket token index üzerinden bulundu. Yazımsal benzerlik orta seviyede bulundu. Şirket acronym'i EFT açıklamasında bulundu.
38096,CASHDEP/HAUS KHAS/CASH DE,cashdep haus khas cash de,5,Delta Export Incorporated,de,token_index,0.9,0.6,0.4139,1.0,0.0,0.5742,Low Risk,Aday şirket token index üzerinden bulundu. Yazımsal benzerlik orta seviyede bulundu. Şirket acronym'i EFT açıklamasında bulundu.
38261,CASHDEP/HAUS KHAS/CASH DE,cashdep haus khas cash de,5,Delta Export Incorporated,de,token_index,0.9,0.6,0.4139,1.0,0.0,0.5742,Low Risk,Aday şirket token index üzerinden bulundu. Yazımsal benzerlik orta seviyede bulundu. Şirket acronym'i EFT açıklamasında bulundu.
30867,SMJ TRADING COMPANY,smj trading company,1,ABC Trading Limited,abc trading,fuzzy_fallback,0.7273,0.855,0.4506,0.0,0.0,0.5627,Low Risk,Aday şirket fuzzy fallback ile bulundu. Yazımsal benzerlik yüksek bulundu.
30380,SUSHMA DEVI,sushma devi,5,Delta Export Incorporated,de,fuzzy_fallback,1.0,0.9,0.3599,0.0,0.0,0.558,Low Risk,Aday şirket fuzzy fallback ile bulundu. Yazımsal benzerlik yüksek bulundu.
37733,S TAX CASH PICKUP CHRG DE,s tax cash pickup chrg de,5,Delta Export Incorporated,de,token_index,0.9,0.6,0.3585,1.0,0.0,0.5575,Low Risk,Aday şirket token index üzerinden bulundu. Yazımsal benzerlik orta seviyede bulundu. Şirket acronym'i EFT açıklamasında bulundu.
38224,CASHDEP/BOISAR/,cashdep boisar,5,Delta Export Incorporated,de,fuzzy_fallback,1.0,0.9,0.356,0.0,0.0,0.5568,Low Risk,Aday şirket fuzzy fallback ile bulundu. Yazımsal benzerlik yüksek bulundu.
38757,CASHDEP/BOISAR/,cashdep boisar,5,Delta Export Incorporated,de,fuzzy_fallback,1.0,0.9,0.356,0.0,0.0,0.5568,Low Risk,Aday şirket fuzzy fallback ile bulundu. Yazımsal benzerlik yüksek bulundu.
39806,CASHDEP/BOISAR/,cashdep boisar,5,Delta Export Incorporated,de,fuzzy_fallback,1.0,0.9,0.356,0.0,0.0,0.5568,Low Risk,Aday şirket fuzzy fallback ile bulundu. Yazımsal benzerlik yüksek bulundu.
38205,CASHDEP/BOISAR/,cashdep boisar,5,Delta Export Incorporated,de,fuzzy_fallback,1.0,0.9,0.356,0.0,0.0,0.5568,Low Risk,Aday şirket fuzzy fallback ile bulundu. Yazımsal benzerlik yüksek bulundu.
39256,CASHDEP/BOISAR/,cashdep boisar,5,Delta Export Incorporated,de,fuzzy_fallback,1.0,0.9,0.356,0.0,0.0,0.5568,Low Risk,Aday şirket fuzzy fallback ile bulundu. Yazımsal benzerlik yüksek bulundu.
38173,CASHDEP/BOISAR/,cashdep boisar,5,Delta Export Incorporated,de,fuzzy_fallback,1.0,0.9,0.356,0.0,0.0,0.5568,Low Risk,Aday şirket fuzzy fallback ile bulundu. Yazımsal benzerlik yüksek bulundu.
39153,CASHDEP/BOISAR/,cashdep boisar,5,Delta Export Incorporated,de,fuzzy_fallback,1.0,0.9,0.356,0.0,0.0,0.5568,Low Risk,Aday şirket fuzzy fallback ile bulundu. Yazımsal benzerlik yüksek bulundu.
38871,CASHDEP/BOISAR/,cashdep boisar,5,Delta Export Incorporated,de,fuzzy_fallback,1.0,0.9,0.356,0.0,0.0,0.5568,Low Risk,Aday şirket fuzzy fallback ile bulundu. Yazımsal benzerlik yüksek bulundu.
38973,CASHDEP/BOISAR/,cashdep boisar,5,Delta Export Incorporated,de,fuzzy_fallback,1.0,0.9,0.356,0.0,0.0,0.5568,Low Risk,Aday şirket fuzzy fallback ile bulundu. Yazımsal benzerlik yüksek bulundu.
38929,CASHDEP/BOISAR/,cashdep boisar,5,Delta Export Incorporated,de,fuzzy_fallback,1.0,0.9,0.356,0.0,0.0,0.5568,Low Risk,Aday şirket fuzzy fallback ile bulundu. Yazımsal benzerlik yüksek bulundu.
31554,PAHUJA CORPORATION,pahuja corporation,3,Global Energy Petroleum Corporation,global energy petroleum corp,fuzzy_fallback,0.8125,0.855,0.4251,0.0,0.0,0.555,Low Risk,Aday şirket fuzzy fallback ile bulundu. Yazımsal benzerlik yüksek bulundu.
32643,TTSL,ttsl,4,Sunrise Logistics LLC,sl,fuzzy_fallback,1.0,0.9,0.3476,0.0,0.0,0.5543,Low Risk,Aday şirket fuzzy fallback ile bulundu. Yazımsal benzerlik yüksek bulundu.
43072,CASHDEP/HAUS KHAS/CASH DE,cashdep haus khas cash de,5,Delta Export Incorporated,de,token_index,0.9,0.6,0.4139,1.0,0.0,0.5742,Low Risk,Aday şirket token index üzerinden bulundu. Yazımsal benzerlik orta seviyede bulundu. Şirket acronym'i EFT açıklamasında bulundu.
43580,CASHDEP/HAUS KHAS/CASH DE,cashdep haus khas cash de,5,Delta Export Incorporated,de,token_index,0.9,0.6,0.4139,1.0,0.0,0.5742,Low Risk,Aday şirket token index üzerinden bulundu. Yazımsal benzerlik orta seviyede bulundu. Şirket acronym'i EFT açıklamasında bulundu.
43546,CASHDEP/HAUS KHAS/CASH DE,cashdep haus khas cash de,5,Delta Export Incorporated,de,token_index,0.9,0.6,0.4139,1.0,0.0,0.5742,Low Risk,Aday şirket token index üzerinden bulundu. Yazımsal benzerlik orta seviyede bulundu. Şirket acronym'i EFT açıklamasında bulundu.
43439,CASHDEP/HAUS KHAS/CASH DE,cashdep haus khas cash de,5,Delta Export Incorporated,de,token_index,0.9,0.6,0.4139,1.0,0.0,0.5742,Low Risk,Aday şirket token index üzerinden bulundu. Yazımsal benzerlik orta seviyede bulundu. Şirket acronym'i EFT açıklamasında bulundu.
43417,CASHDEP/HAUS KHAS/CASH DE,cashdep haus khas cash de,5,Delta Export Incorporated,de,token_index,0.9,0.6,0.4139,1.0,0.0,0.5742,Low Risk,Aday şirket token index üzerinden bulundu. Yazımsal benzerlik orta seviyede bulundu. Şirket acronym'i EFT açıklamasında bulundu.
43404,CASHDEP/HAUS KHAS/CASH DE,cashdep haus khas cash de,5,Delta Export Incorporated,de,token_index,0.9,0.6,0.4139,1.0,0.0,0.5742,Low Risk,Aday şirket token index üzerinden bulundu. Yazımsal benzerlik orta seviyede bulundu. Şirket acronym'i EFT açıklamasında bulundu.
43382,CASHDEP/HAUS KHAS/CASH DE,cashdep haus khas cash de,5,Delta Export Incorporated,de,token_index,0.9,0.6,0.4139,1.0,0.0,0.5742,Low Risk,Aday şirket token index üzerinden bulundu. Yazımsal benzerlik orta seviyede bulundu. Şirket acronym'i EFT açıklamasında bulundu.
43375,CASHDEP/HAUS KHAS/CASH DE,cashdep haus khas cash de,5,Delta Export Incorporated,de,token_index,0.9,0.6,0.4139,1.0,0.0,0.5742,Low Risk,Aday şirket token index üzerinden bulundu. Yazımsal benzerlik orta seviyede bulundu. Şirket acronym'i EFT açıklamasında bulundu.
43347,CASHDEP/HAUS KHAS/CASH DE,cashdep haus khas cash de,5,Delta Export Incorporated,de,token_index,0.9,0.6,0.4139,1.0,0.0,0.5742,Low Risk,Aday şirket token index üzerinden bulundu. Yazımsal benzerlik orta seviyede bulundu. Şirket acronym'i EFT açıklamasında bulundu.
43290,CASHDEP/HAUS KHAS/CASH DE,cashdep haus khas cash de,5,Delta Export Incorporated,de,token_index,0.9,0.6,0.4139,1.0,0.0,0.5742,Low Risk,Aday şirket token index üzerinden bulundu. Yazımsal benzerlik orta seviyede bulundu. Şirket acronym'i EFT açıklamasında bulundu.
43274,CASHDEP/HAUS KHAS/CASH DE,cashdep haus khas cash de,5,Delta Export Incorporated,de,token_index,0.9,0.6,0.4139,1.0,0.0,0.5742,Low Risk,Aday şirket token index üzerinden bulundu. Yazımsal benzerlik orta seviyede bulundu. Şirket acronym'i EFT açıklamasında bulundu.
43206,CASHDEP/HAUS KHAS/CASH DE,cashdep haus khas cash de,5,Delta Export Incorporated,de,token_index,0.9,0.6,0.4139,1.0,0.0,0.5742,Low Risk,Aday şirket token index üzerinden bulundu. Yazımsal benzerlik orta seviyede bulundu. Şirket acronym'i EFT açıklamasında bulundu.
43160,CASHDEP/HAUS KHAS/CASH DE,cashdep haus khas cash de,5,Delta Export Incorporated,de,token_index,0.9,0.6,0.4139,1.0,0.0,0.5742,Low Risk,Aday şirket token index üzerinden bulundu. Yazımsal benzerlik orta seviyede bulundu. Şirket acronym'i EFT açıklamasında bulundu.
43134,CASHDEP/HAUS KHAS/CASH DE,cashdep haus khas cash de,5,Delta Export Incorporated,de,token_index,0.9,0.6,0.4139,1.0,0.0,0.5742,Low Risk,Aday şirket token index üzerinden bulundu. Yazımsal benzerlik orta seviyede bulundu. Şirket acronym'i EFT açıklamasında bulundu.
40057,CASHDEP/HAUS KHAS/CASH DE,cashdep haus khas cash de,5,Delta Export Incorporated,de,token_index,0.9,0.6,0.4139,1.0,0.0,0.5742,Low Risk,Aday şirket token index üzerinden bulundu. Yazımsal benzerlik orta seviyede bulundu. Şirket acronym'i EFT açıklamasında bulundu.
43053,CASHDEP/HAUS KHAS/CASH DE,cashdep haus khas cash de,5,Delta Export Incorporated,de,token_index,0.9,0.6,0.4139,1.0,0.0,0.5742,Low Risk,Aday şirket token index üzerinden bulundu. Yazımsal benzerlik orta seviyede bulundu. Şirket acronym'i EFT açıklamasında bulundu.
42995,CASHDEP/HAUS KHAS/CASH DE,cashdep haus khas cash de,5,Delta Export Incorporated,de,token_index,0.9,0.6,0.4139,1.0,0.0,0.5742,Low Risk,Aday şirket token index üzerinden bulundu. Yazımsal benzerlik orta seviyede bulundu. Şirket acronym'i EFT açıklamasında bulundu.
42969,CASHDEP/HAUS KHAS/CASH DE,cashdep haus khas cash de,5,Delta Export Incorporated,de,token_index,0.9,0.6,0.4139,1.0,0.0,0.5742,Low Risk,Aday şirket token index üzerinden bulundu. Yazımsal benzerlik orta seviyede bulundu. Şirket acronym'i EFT açıklamasında bulundu.
42941,CASHDEP/HAUS KHAS/CASH DE,cashdep haus khas cash de,5,Delta Export Incorporated,de,token_index,0.9,0.6,0.4139,1.0,0.0,0.5742,Low Risk,Aday şirket token index üzerinden bulundu. Yazımsal benzerlik orta seviyede bulundu. Şirket acronym'i EFT açıklamasında bulundu.
42869,CASHDEP/HAUS KHAS/CASH DE,cashdep haus khas cash de,5,Delta Export Incorporated,de,token_index,0.9,0.6,0.4139,1.0,0.0,0.5742,Low Risk,Aday şirket token index üzerinden bulundu. Yazımsal benzerlik orta seviyede bulundu. Şirket acronym'i EFT açıklamasında bulundu.
42658,CASHDEP/HAUS KHAS/CASH DE,cashdep haus khas cash de,5,Delta Export Incorporated,de,token_index,0.9,0.6,0.4139,1.0,0.0,0.5742,Low Risk,Aday şirket token index üzerinden bulundu. Yazımsal benzerlik orta seviyede bulundu. Şirket acronym'i EFT açıklamasında bulundu.
42585,CASHDEP/HAUS KHAS/CASH DE,cashdep haus khas cash de,5,Delta Export Incorporated,de,token_index,0.9,0.6,0.4139,1.0,0.0,0.5742,Low Risk,Aday şirket token index üzerinden bulundu. Yazımsal benzerlik orta seviyede bulundu. Şirket acronym'i EFT açıklamasında bulundu.
42559,CASHDEP/HAUS KHAS/CASH DE,cashdep haus khas cash de,5,Delta Export Incorporated,de,token_index,0.9,0.6,0.4139,1.0,0.0,0.5742,Low Risk,Aday şirket token index üzerinden bulundu. Yazımsal benzerlik orta seviyede bulundu. Şirket acronym'i EFT açıklamasında bulundu.
42497,CASHDEP/HAUS KHAS/CASH DE,cashdep haus khas cash de,5,Delta Export Incorporated,de,token_index,0.9,0.6,0.4139,1.0,0.0,0.5742,Low Risk,Aday şirket token index üzerinden bulundu. Yazımsal benzerlik orta seviyede bulundu. Şirket acronym'i EFT açıklamasında bulundu.
42474,CASHDEP/HAUS KHAS/CASH DE,cashdep haus khas cash de,5,Delta Export Incorporated,de,token_index,0.9,0.6,0.4139,1.0,0.0,0.5742,Low Risk,Aday şirket token index üzerinden bulundu. Yazımsal benzerlik orta seviyede bulundu. Şirket acronym'i EFT açıklamasında bulundu.
42424,CASHDEP/HAUS KHAS/CASH DE,cashdep haus khas cash de,5,Delta Export Incorporated,de,token_index,0.9,0.6,0.4139,1.0,0.0,0.5742,Low Risk,Aday şirket token index üzerinden bulundu. Yazımsal benzerlik orta seviyede bulundu. Şirket acronym'i EFT açıklamasında bulundu.
42397,CASHDEP/HAUS KHAS/CASH DE,cashdep haus khas cash de,5,Delta Export Incorporated,de,token_index,0.9,0.6,0.4139,1.0,0.0,0.5742,Low Risk,Aday şirket token index üzerinden bulundu. Yazımsal benzerlik orta seviyede bulundu. Şirket acronym'i EFT açıklamasında bulundu.
42393,CASHDEP/HAUS KHAS/CASH DE,cashdep haus khas cash de,5,Delta Export Incorporated,de,token_index,0.9,0.6,0.4139,1.0,0.0,0.5742,Low Risk,Aday şirket token index üzerinden bulundu. Yazımsal benzerlik orta seviyede bulundu. Şirket acronym'i EFT açıklamasında bulundu.
42370,CASHDEP/HAUS KHAS/CASH DE,cashdep haus khas cash de,5,Delta Export Incorporated,de,token_index,0.9,0.6,0.4139,1.0,0.0,0.5742,Low Risk,Aday şirket token index üzerinden bulundu. Yazımsal benzerlik orta seviyede bulundu. Şirket acronym'i EFT açıklamasında bulundu.
42290,CASHDEP/HAUS KHAS/CASH DE,cashdep haus khas cash de,5,Delta Export Incorporated,de,token_index,0.9,0.6,0.4139,1.0,0.0,0.5742,Low Risk,Aday şirket token index üzerinden bulundu. Yazımsal benzerlik orta seviyede bulundu. Şirket acronym'i EFT açıklamasında bulundu.
42288,CASHDEP/HAUS KHAS/CASH DE,cashdep haus khas cash de,5,Delta Export Incorporated,de,token_index,0.9,0.6,0.4139,1.0,0.0,0.5742,Low Risk,Aday şirket token index üzerinden bulundu. Yazımsal benzerlik orta seviyede bulundu. Şirket acronym'i EFT açıklamasında bulundu.
43574,CASHDEP/HAUS KHAS/CASH DE,cashdep haus khas cash de,5,Delta Export Incorporated,de,token_index,0.9,0.6,0.4139,1.0,0.0,0.5742,Low Risk,Aday şirket token index üzerinden bulundu. Yazımsal benzerlik orta seviyede bulundu. Şirket acronym'i EFT açıklamasında bulundu.
43598,CASHDEP/HAUS KHAS/CASH DE,cashdep haus khas cash de,5,Delta Export Incorporated,de,token_index,0.9,0.6,0.4139,1.0,0.0,0.5742,Low Risk,Aday şirket token index üzerinden bulundu. Yazımsal benzerlik orta seviyede bulundu. Şirket acronym'i EFT açıklamasında bulundu.
42239,CASHDEP/HAUS KHAS/CASH DE,cashdep haus khas cash de,5,Delta Export Incorporated,de,token_index,0.9,0.6,0.4139,1.0,0.0,0.5742,Low Risk,Aday şirket token index üzerinden bulundu. Yazımsal benzerlik orta seviyede bulundu. Şirket acronym'i EFT açıklamasında bulundu.
43619,CASHDEP/HAUS KHAS/CASH DE,cashdep haus khas cash de,5,Delta Export Incorporated,de,token_index,0.9,0.6,0.4139,1.0,0.0,0.5742,Low Risk,Aday şirket token index üzerinden bulundu. Yazımsal benzerlik orta seviyede bulundu. Şirket acronym'i EFT açıklamasında bulundu.
44614,CASHDEP/HAUS KHAS/CASH DE,cashdep haus khas cash de,5,Delta Export Incorporated,de,token_index,0.9,0.6,0.4139,1.0,0.0,0.5742,Low Risk,Aday şirket token index üzerinden bulundu. Yazımsal benzerlik orta seviyede bulundu. Şirket acronym'i EFT açıklamasında bulundu.
44574,CASHDEP/HAUS KHAS/CASH DE,cashdep haus khas cash de,5,Delta Export Incorporated,de,token_index,0.9,0.6,0.4139,1.0,0.0,0.5742,Low Risk,Aday şirket token index üzerinden bulundu. Yazımsal benzerlik orta seviyede bulundu. Şirket acronym'i EFT açıklamasında bulundu.
44561,CASHDEP/HAUS KHAS/CASH DE,cashdep haus khas cash de,5,Delta Export Incorporated,de,token_index,0.9,0.6,0.4139,1.0,0.0,0.5742,Low Risk,Aday şirket token index üzerinden bulundu. Yazımsal benzerlik orta seviyede bulundu. Şirket acronym'i EFT açıklamasında bulundu.
44506,CASHDEP/HAUS KHAS/CASH DE,cashdep haus khas cash de,5,Delta Export Incorporated,de,token_index,0.9,0.6,0.4139,1.0,0.0,0.5742,Low Risk,Aday şirket token index üzerinden bulundu. Yazımsal benzerlik orta seviyede bulundu. Şirket acronym'i EFT açıklamasında bulundu.
44444,CASHDEP/HAUS KHAS/CASH DE,cashdep haus khas cash de,5,Delta Export Incorporated,de,token_index,0.9,0.6,0.4139,1.0,0.0,0.5742,Low Risk,Aday şirket token index üzerinden bulundu. Yazımsal benzerlik orta seviyede bulundu. Şirket acronym'i EFT açıklamasında bulundu.
44362,CASHDEP/HAUS KHAS/CASH DE,cashdep haus khas cash de,5,Delta Export Incorporated,de,token_index,0.9,0.6,0.4139,1.0,0.0,0.5742,Low Risk,Aday şirket token index üzerinden bulundu. Yazımsal benzerlik orta seviyede bulundu. Şirket acronym'i EFT açıklamasında bulundu.
44343,CASHDEP/HAUS KHAS/CASH DE,cashdep haus khas cash de,5,Delta Export Incorporated,de,token_index,0.9,0.6,0.4139,1.0,0.0,0.5742,Low Risk,Aday şirket token index üzerinden bulundu. Yazımsal benzerlik orta seviyede bulundu. Şirket acronym'i EFT açıklamasında bulundu.
44329,CASHDEP/HAUS KHAS/CASH DE,cashdep haus khas cash de,5,Delta Export Incorporated,de,token_index,0.9,0.6,0.4139,1.0,0.0,0.5742,Low Risk,Aday şirket token index üzerinden bulundu. Yazımsal benzerlik orta seviyede bulundu. Şirket acronym'i EFT açıklamasında bulundu.
44295,CASHDEP/HAUS KHAS/CASH DE,cashdep haus khas cash de,5,Delta Export Incorporated,de,token_index,0.9,0.6,0.4139,1.0,0.0,0.5742,Low Risk,Aday şirket token index üzerinden bulundu. Yazımsal benzerlik orta seviyede bulundu. Şirket acronym'i EFT açıklamasında bulundu.
44197,CASHDEP/HAUS KHAS/CASH DE,cashdep haus khas cash de,5,Delta Export Incorporated,de,token_index,0.9,0.6,0.4139,1.0,0.0,0.5742,Low Risk,Aday şirket token index üzerinden bulundu. Yazımsal benzerlik orta seviyede bulundu. Şirket acronym'i EFT açıklamasında bulundu.
44177,CASHDEP/HAUS KHAS/CASH DE,cashdep haus khas cash de,5,Delta Export Incorporated,de,token_index,0.9,0.6,0.4139,1.0,0.0,0.5742,Low Risk,Aday şirket token index üzerinden bulundu. Yazımsal benzerlik orta seviyede bulundu. Şirket acronym'i EFT açıklamasında bulundu.
44127,CASHDEP/HAUS KHAS/CASH DE,cashdep haus khas cash de,5,Delta Export Incorporated,de,token_index,0.9,0.6,0.4139,1.0,0.0,0.5742,Low Risk,Aday şirket token index üzerinden bulundu. Yazımsal benzerlik orta seviyede bulundu. Şirket acronym'i EFT açıklamasında bulundu.
44124,CASHDEP/HAUS KHAS/CASH DE,cashdep haus khas cash de,5,Delta Export Incorporated,de,token_index,0.9,0.6,0.4139,1.0,0.0,0.5742,Low Risk,Aday şirket token index üzerinden bulundu. Yazımsal benzerlik orta seviyede bulundu. Şirket acronym'i EFT açıklamasında bulundu.
44078,CASHDEP/HAUS KHAS/CASH DE,cashdep haus khas cash de,5,Delta Export Incorporated,de,token_index,0.9,0.6,0.4139,1.0,0.0,0.5742,Low Risk,Aday şirket token index üzerinden bulundu. Yazımsal benzerlik orta seviyede bulundu. Şirket acronym'i EFT açıklamasında bulundu.
44055,CASHDEP/HAUS KHAS/CASH DE,cashdep haus khas cash de,5,Delta Export Incorporated,de,token_index,0.9,0.6,0.4139,1.0,0.0,0.5742,Low Risk,Aday şirket token index üzerinden bulundu. Yazımsal benzerlik orta seviyede bulundu. Şirket acronym'i EFT açıklamasında bulundu.
44040,CASHDEP/HAUS KHAS/CASH DE,cashdep haus khas cash de,5,Delta Export Incorporated,de,token_index,0.9,0.6,0.4139,1.0,0.0,0.5742,Low Risk,Aday şirket token index üzerinden bulundu. Yazımsal benzerlik orta seviyede bulundu. Şirket acronym'i EFT açıklamasında bulundu.
43995,CASHDEP/HAUS KHAS/CASH DE,cashdep haus khas cash de,5,Delta Export Incorporated,de,token_index,0.9,0.6,0.4139,1.0,0.0,0.5742,Low Risk,Aday şirket token index üzerinden bulundu. Yazımsal benzerlik orta seviyede bulundu. Şirket acronym'i EFT açıklamasında bulundu.
43994,CASHDEP/HAUS KHAS/CASH DE,cashdep haus khas cash de,5,Delta Export Incorporated,de,token_index,0.9,0.6,0.4139,1.0,0.0,0.5742,Low Risk,Aday şirket token index üzerinden bulundu. Yazımsal benzerlik orta seviyede bulundu. Şirket acronym'i EFT açıklamasında bulundu.
43980,CASHDEP/HAUS KHAS/CASH DE,cashdep haus khas cash de,5,Delta Export Incorporated,de,token_index,0.9,0.6,0.4139,1.0,0.0,0.5742,Low Risk,Aday şirket token index üzerinden bulundu. Yazımsal benzerlik orta seviyede bulundu. Şirket acronym'i EFT açıklamasında bulundu.
43975,CASHDEP/HAUS KHAS/CASH DE,cashdep haus khas cash de,5,Delta Export Incorporated,de,token_index,0.9,0.6,0.4139,1.0,0.0,0.5742,Low Risk,Aday şirket token index üzerinden bulundu. Yazımsal benzerlik orta seviyede bulundu. Şirket acronym'i EFT açıklamasında bulundu.
43974,CASHDEP/HAUS KHAS/CASH DE,cashdep haus khas cash de,5,Delta Export Incorporated,de,token_index,0.9,0.6,0.4139,1.0,0.0,0.5742,Low Risk,Aday şirket token index üzerinden bulundu. Yazımsal benzerlik orta seviyede bulundu. Şirket acronym'i EFT açıklamasında bulundu.
43933,CASHDEP/HAUS KHAS/CASH DE,cashdep haus khas cash de,5,Delta Export Incorporated,de,token_index,0.9,0.6,0.4139,1.0,0.0,0.5742,Low Risk,Aday şirket token index üzerinden bulundu. Yazımsal benzerlik orta seviyede bulundu. Şirket acronym'i EFT açıklamasında bulundu.
43929,CASHDEP/HAUS KHAS/CASH DE,cashdep haus khas cash de,5,Delta Export Incorporated,de,token_index,0.9,0.6,0.4139,1.0,0.0,0.5742,Low Risk,Aday şirket token index üzerinden bulundu. Yazımsal benzerlik orta seviyede bulundu. Şirket acronym'i EFT açıklamasında bulundu.
43923,CASHDEP/HAUS KHAS/CASH DE,cashdep haus khas cash de,5,Delta Export Incorporated,de,token_index,0.9,0.6,0.4139,1.0,0.0,0.5742,Low Risk,Aday şirket token index üzerinden bulundu. Yazımsal benzerlik orta seviyede bulundu. Şirket acronym'i EFT açıklamasında bulundu.
43892,CASHDEP/HAUS KHAS/CASH DE,cashdep haus khas cash de,5,Delta Export Incorporated,de,token_index,0.9,0.6,0.4139,1.0,0.0,0.5742,Low Risk,Aday şirket token index üzerinden bulundu. Yazımsal benzerlik orta seviyede bulundu. Şirket acronym'i EFT açıklamasında bulundu.
43730,CASHDEP/HAUS KHAS/CASH DE,cashdep haus khas cash de,5,Delta Export Incorporated,de,token_index,0.9,0.6,0.4139,1.0,0.0,0.5742,Low Risk,Aday şirket token index üzerinden bulundu. Yazımsal benzerlik orta seviyede bulundu. Şirket acronym'i EFT açıklamasında bulundu.
43705,CASHDEP/HAUS KHAS/CASH DE,cashdep haus khas cash de,5,Delta Export Incorporated,de,token_index,0.9,0.6,0.4139,1.0,0.0,0.5742,Low Risk,Aday şirket token index üzerinden bulundu. Yazımsal benzerlik orta seviyede bulundu. Şirket acronym'i EFT açıklamasında bulundu.
43664,CASHDEP/HAUS KHAS/CASH DE,cashdep haus khas cash de,5,Delta Export Incorporated,de,token_index,0.9,0.6,0.4139,1.0,0.0,0.5742,Low Risk,Aday şirket token index üzerinden bulundu. Yazımsal benzerlik orta seviyede bulundu. Şirket acronym'i EFT açıklamasında bulundu.
43637,CASHDEP/HAUS KHAS/CASH DE,cashdep haus khas cash de,5,Delta Export Incorporated,de,token_index,0.9,0.6,0.4139,1.0,0.0,0.5742,Low Risk,Aday şirket token index üzerinden bulundu. Yazımsal benzerlik orta seviyede bulundu. Şirket acronym'i EFT açıklamasında bulundu.
42257,CASHDEP/HAUS KHAS/CASH DE,cashdep haus khas cash de,5,Delta Export Incorporated,de,token_index,0.9,0.6,0.4139,1.0,0.0,0.5742,Low Risk,Aday şirket token index üzerinden bulundu. Yazımsal benzerlik orta seviyede bulundu. Şirket acronym'i EFT açıklamasında bulundu.
42426,CASHDEP/HAUS KHAS/CASH DE,cashdep haus khas cash de,5,Delta Export Incorporated,de,token_index,0.9,0.6,0.4139,1.0,0.0,0.5742,Low Risk,Aday şirket token index üzerinden bulundu. Yazımsal benzerlik orta seviyede bulundu. Şirket acronym'i EFT açıklamasında bulundu.
42230,CASHDEP/HAUS KHAS/CASH DE,cashdep haus khas cash de,5,Delta Export Incorporated,de,token_index,0.9,0.6,0.4139,1.0,0.0,0.5742,Low Risk,Aday şirket token index üzerinden bulundu. Yazımsal benzerlik orta seviyede bulundu. Şirket acronym'i EFT açıklamasında bulundu.
41562,CASHDEP/HAUS KHAS/CASH DE,cashdep haus khas cash de,5,Delta Export Incorporated,de,token_index,0.9,0.6,0.4139,1.0,0.0,0.5742,Low Risk,Aday şirket token index üzerinden bulundu. Yazımsal benzerlik orta seviyede bulundu. Şirket acronym'i EFT açıklamasında bulundu.
41423,CASHDEP/HAUS KHAS/CASH DE,cashdep haus khas cash de,5,Delta Export Incorporated,de,token_index,0.9,0.6,0.4139,1.0,0.0,0.5742,Low Risk,Aday şirket token index üzerinden bulundu. Yazımsal benzerlik orta seviyede bulundu. Şirket acronym'i EFT açıklamasında bulundu.
41420,CASHDEP/HAUS KHAS/CASH DE,cashdep haus khas cash de,5,Delta Export Incorporated,de,token_index,0.9,0.6,0.4139,1.0,0.0,0.5742,Low Risk,Aday şirket token index üzerinden bulundu. Yazımsal benzerlik orta seviyede bulundu. Şirket acronym'i EFT açıklamasında bulundu.
41378,CASHDEP/HAUS KHAS/CASH DE,cashdep haus khas cash de,5,Delta Export Incorporated,de,token_index,0.9,0.6,0.4139,1.0,0.0,0.5742,Low Risk,Aday şirket token index üzerinden bulundu. Yazımsal benzerlik orta seviyede bulundu. Şirket acronym'i EFT açıklamasında bulundu.
41345,CASHDEP/HAUS KHAS/CASH DE,cashdep haus khas cash de,5,Delta Export Incorporated,de,token_index,0.9,0.6,0.4139,1.0,0.0,0.5742,Low Risk,Aday şirket token index üzerinden bulundu. Yazımsal benzerlik orta seviyede bulundu. Şirket acronym'i EFT açıklamasında bulundu.
42229,CASHDEP/HAUS KHAS/CASH DE,cashdep haus khas cash de,5,Delta Export Incorporated,de,token_index,0.9,0.6,0.4139,1.0,0.0,0.5742,Low Risk,Aday şirket token index üzerinden bulundu. Yazımsal benzerlik orta seviyede bulundu. Şirket acronym'i EFT açıklamasında bulundu.
41123,CASHDEP/HAUS KHAS/CASH DE,cashdep haus khas cash de,5,Delta Export Incorporated,de,token_index,0.9,0.6,0.4139,1.0,0.0,0.5742,Low Risk,Aday şirket token index üzerinden bulundu. Yazımsal benzerlik orta seviyede bulundu. Şirket acronym'i EFT açıklamasında bulundu.
41076,CASHDEP/HAUS KHAS/CASH DE,cashdep haus khas cash de,5,Delta Export Incorporated,de,token_index,0.9,0.6,0.4139,1.0,0.0,0.5742,Low Risk,Aday şirket token index üzerinden bulundu. Yazımsal benzerlik orta seviyede bulundu. Şirket acronym'i EFT açıklamasında bulundu.
41045,CASHDEP/HAUS KHAS/CASH DE,cashdep haus khas cash de,5,Delta Export Incorporated,de,token_index,0.9,0.6,0.4139,1.0,0.0,0.5742,Low Risk,Aday şirket token index üzerinden bulundu. Yazımsal benzerlik orta seviyede bulundu. Şirket acronym'i EFT açıklamasında bulundu.
41020,CASHDEP/HAUS KHAS/CASH DE,cashdep haus khas cash de,5,Delta Export Incorporated,de,token_index,0.9,0.6,0.4139,1.0,0.0,0.5742,Low Risk,Aday şirket token index üzerinden bulundu. Yazımsal benzerlik orta seviyede bulundu. Şirket acronym'i EFT açıklamasında bulundu.
41018,CASHDEP/HAUS KHAS/CASH DE,cashdep haus khas cash de,5,Delta Export Incorporated,de,token_index,0.9,0.6,0.4139,1.0,0.0,0.5742,Low Risk,Aday şirket token index üzerinden bulundu. Yazımsal benzerlik orta seviyede bulundu. Şirket acronym'i EFT açıklamasında bulundu.
40995,CASHDEP/HAUS KHAS/CASH DE,cashdep haus khas cash de,5,Delta Export Incorporated,de,token_index,0.9,0.6,0.4139,1.0,0.0,0.5742,Low Risk,Aday şirket token index üzerinden bulundu. Yazımsal benzerlik orta seviyede bulundu. Şirket acronym'i EFT açıklamasında bulundu.
40988,CASHDEP/HAUS KHAS/CASH DE,cashdep haus khas cash de,5,Delta Export Incorporated,de,token_index,0.9,0.6,0.4139,1.0,0.0,0.5742,Low Risk,Aday şirket token index üzerinden bulundu. Yazımsal benzerlik orta seviyede bulundu. Şirket acronym'i EFT açıklamasında bulundu.
40891,CASHDEP/HAUS KHAS/CASH DE,cashdep haus khas cash de,5,Delta Export Incorporated,de,token_index,0.9,0.6,0.4139,1.0,0.0,0.5742,Low Risk,Aday şirket token index üzerinden bulundu. Yazımsal benzerlik orta seviyede bulundu. Şirket acronym'i EFT açıklamasında bulundu.
40844,CASHDEP/HAUS KHAS/CASH DE,cashdep haus khas cash de,5,Delta Export Incorporated,de,token_index,0.9,0.6,0.4139,1.0,0.0,0.5742,Low Risk,Aday şirket token index üzerinden bulundu. Yazımsal benzerlik orta seviyede bulundu. Şirket acronym'i EFT açıklamasında bulundu.
40802,CASHDEP/HAUS KHAS/CASH DE,cashdep haus khas cash de,5,Delta Export Incorporated,de,token_index,0.9,0.6,0.4139,1.0,0.0,0.5742,Low Risk,Aday şirket token index üzerinden bulundu. Yazımsal benzerlik orta seviyede bulundu. Şirket acronym'i EFT açıklamasında bulundu.
40743,CASHDEP/HAUS KHAS/CASH DE,cashdep haus khas cash de,5,Delta Export Incorporated,de,token_index,0.9,0.6,0.4139,1.0,0.0,0.5742,Low Risk,Aday şirket token index üzerinden bulundu. Yazımsal benzerlik orta seviyede bulundu. Şirket acronym'i EFT açıklamasında bulundu.
40640,CASHDEP/HAUS KHAS/CASH DE,cashdep haus khas cash de,5,Delta Export Incorporated,de,token_index,0.9,0.6,0.4139,1.0,0.0,0.5742,Low Risk,Aday şirket token index üzerinden bulundu. Yazımsal benzerlik orta seviyede bulundu. Şirket acronym'i EFT açıklamasında bulundu.
40606,CASHDEP/HAUS KHAS/CASH DE,cashdep haus khas cash de,5,Delta Export Incorporated,de,token_index,0.9,0.6,0.4139,1.0,0.0,0.5742,Low Risk,Aday şirket token index üzerinden bulundu. Yazımsal benzerlik orta seviyede bulundu. Şirket acronym'i EFT açıklamasında bulundu.
40577,CASHDEP/HAUS KHAS/CASH DE,cashdep haus khas cash de,5,Delta Export Incorporated,de,token_index,0.9,0.6,0.4139,1.0,0.0,0.5742,Low Risk,Aday şirket token index üzerinden bulundu. Yazımsal benzerlik orta seviyede bulundu. Şirket acronym'i EFT açıklamasında bulundu.
40571,CASHDEP/HAUS KHAS/CASH DE,cashdep haus khas cash de,5,Delta Export Incorporated,de,token_index,0.9,0.6,0.4139,1.0,0.0,0.5742,Low Risk,Aday şirket token index üzerinden bulundu. Yazımsal benzerlik orta seviyede bulundu. Şirket acronym'i EFT açıklamasında bulundu.
40436,CASHDEP/HAUS KHAS/CASH DE,cashdep haus khas cash de,5,Delta Export Incorporated,de,token_index,0.9,0.6,0.4139,1.0,0.0,0.5742,Low Risk,Aday şirket token index üzerinden bulundu. Yazımsal benzerlik orta seviyede bulundu. Şirket acronym'i EFT açıklamasında bulundu.
40365,CASHDEP/HAUS KHAS/CASH DE,cashdep haus khas cash de,5,Delta Export Incorporated,de,token_index,0.9,0.6,0.4139,1.0,0.0,0.5742,Low Risk,Aday şirket token index üzerinden bulundu. Yazımsal benzerlik orta seviyede bulundu. Şirket acronym'i EFT açıklamasında bulundu.
40364,CASHDEP/HAUS KHAS/CASH DE,cashdep haus khas cash de,5,Delta Export Incorporated,de,token_index,0.9,0.6,0.4139,1.0,0.0,0.5742,Low Risk,Aday şirket token index üzerinden bulundu. Yazımsal benzerlik orta seviyede bulundu. Şirket acronym'i EFT açıklamasında bulundu.
40328,CASHDEP/HAUS KHAS/CASH DE,cashdep haus khas cash de,5,Delta Export Incorporated,de,token_index,0.9,0.6,0.4139,1.0,0.0,0.5742,Low Risk,Aday şirket token index üzerinden bulundu. Yazımsal benzerlik orta seviyede bulundu. Şirket acronym'i EFT açıklamasında bulundu.
40205,CASHDEP/HAUS KHAS/CASH DE,cashdep haus khas cash de,5,Delta Export Incorporated,de,token_index,0.9,0.6,0.4139,1.0,0.0,0.5742,Low Risk,Aday şirket token index üzerinden bulundu. Yazımsal benzerlik orta seviyede bulundu. Şirket acronym'i EFT açıklamasında bulundu.
40181,CASHDEP/HAUS KHAS/CASH DE,cashdep haus khas cash de,5,Delta Export Incorporated,de,token_index,0.9,0.6,0.4139,1.0,0.0,0.5742,Low Risk,Aday şirket token index üzerinden bulundu. Yazımsal benzerlik orta seviyede bulundu. Şirket acronym'i EFT açıklamasında bulundu.
40160,CASHDEP/HAUS KHAS/CASH DE,cashdep haus khas cash de,5,Delta Export Incorporated,de,token_index,0.9,0.6,0.4139,1.0,0.0,0.5742,Low Risk,Aday şirket token index üzerinden bulundu. Yazımsal benzerlik orta seviyede bulundu. Şirket acronym'i EFT açıklamasında bulundu.
40129,CASHDEP/HAUS KHAS/CASH DE,cashdep haus khas cash de,5,Delta Export Incorporated,de,token_index,0.9,0.6,0.4139,1.0,0.0,0.5742,Low Risk,Aday şirket token index üzerinden bulundu. Yazımsal benzerlik orta seviyede bulundu. Şirket acronym'i EFT açıklamasında bulundu.
40096,CASHDEP/HAUS KHAS/CASH DE,cashdep haus khas cash de,5,Delta Export Incorporated,de,token_index,0.9,0.6,0.4139,1.0,0.0,0.5742,Low Risk,Aday şirket token index üzerinden bulundu. Yazımsal benzerlik orta seviyede bulundu. Şirket acronym'i EFT açıklamasında bulundu.
41492,CASHDEP/HAUS KHAS/CASH DE,cashdep haus khas cash de,5,Delta Export Incorporated,de,token_index,0.9,0.6,0.4139,1.0,0.0,0.5742,Low Risk,Aday şirket token index üzerinden bulundu. Yazımsal benzerlik orta seviyede bulundu. Şirket acronym'i EFT açıklamasında bulundu.
41312,CASHDEP/HAUS KHAS/CASH DE,cashdep haus khas cash de,5,Delta Export Incorporated,de,token_index,0.9,0.6,0.4139,1.0,0.0,0.5742,Low Risk,Aday şirket token index üzerinden bulundu. Yazımsal benzerlik orta seviyede bulundu. Şirket acronym'i EFT açıklamasında bulundu.
42146,CASHDEP/HAUS KHAS/CASH DE,cashdep haus khas cash de,5,Delta Export Incorporated,de,token_index,0.9,0.6,0.4139,1.0,0.0,0.5742,Low Risk,Aday şirket token index üzerinden bulundu. Yazımsal benzerlik orta seviyede bulundu. Şirket acronym'i EFT açıklamasında bulundu.
42085,CASHDEP/HAUS KHAS/CASH DE,cashdep haus khas cash de,5,Delta Export Incorporated,de,token_index,0.9,0.6,0.4139,1.0,0.0,0.5742,Low Risk,Aday şirket token index üzerinden bulundu. Yazımsal benzerlik orta seviyede bulundu. Şirket acronym'i EFT açıklamasında bulundu.
42028,CASHDEP/HAUS KHAS/CASH DE,cashdep haus khas cash de,5,Delta Export Incorporated,de,token_index,0.9,0.6,0.4139,1.0,0.0,0.5742,Low Risk,Aday şirket token index üzerinden bulundu. Yazımsal benzerlik orta seviyede bulundu. Şirket acronym'i EFT açıklamasında bulundu.
41726,CASHDEP/HAUS KHAS/CASH DE,cashdep haus khas cash de,5,Delta Export Incorporated,de,token_index,0.9,0.6,0.4139,1.0,0.0,0.5742,Low Risk,Aday şirket token index üzerinden bulundu. Yazımsal benzerlik orta seviyede bulundu. Şirket acronym'i EFT açıklamasında bulundu.
42011,CASHDEP/HAUS KHAS/CASH DE,cashdep haus khas cash de,5,Delta Export Incorporated,de,token_index,0.9,0.6,0.4139,1.0,0.0,0.5742,Low Risk,Aday şirket token index üzerinden bulundu. Yazımsal benzerlik orta seviyede bulundu. Şirket acronym'i EFT açıklamasında bulundu.
42123,CASHDEP/HAUS KHAS/CASH DE,cashdep haus khas cash de,5,Delta Export Incorporated,de,token_index,0.9,0.6,0.4139,1.0,0.0,0.5742,Low Risk,Aday şirket token index üzerinden bulundu. Yazımsal benzerlik orta seviyede bulundu. Şirket acronym'i EFT açıklamasında bulundu.
42175,CASHDEP/HAUS KHAS/CASH DE,cashdep haus khas cash de,5,Delta Export Incorporated,de,token_index,0.9,0.6,0.4139,1.0,0.0,0.5742,Low Risk,Aday şirket token index üzerinden bulundu. Yazımsal benzerlik orta seviyede bulundu. Şirket acronym'i EFT açıklamasında bulundu.
41990,CASHDEP/HAUS KHAS/CASH DE,cashdep haus khas cash de,5,Delta Export Incorporated,de,token_index,0.9,0.6,0.4139,1.0,0.0,0.5742,Low Risk,Aday şirket token index üzerinden bulundu. Yazımsal benzerlik orta seviyede bulundu. Şirket acronym'i EFT açıklamasında bulundu.
41960,CASHDEP/HAUS KHAS/CASH DE,cashdep haus khas cash de,5,Delta Export Incorporated,de,token_index,0.9,0.6,0.4139,1.0,0.0,0.5742,Low Risk,Aday şirket token index üzerinden bulundu. Yazımsal benzerlik orta seviyede bulundu. Şirket acronym'i EFT açıklamasında bulundu.
41919,CASHDEP/HAUS KHAS/CASH DE,cashdep haus khas cash de,5,Delta Export Incorporated,de,token_index,0.9,0.6,0.4139,1.0,0.0,0.5742,Low Risk,Aday şirket token index üzerinden bulundu. Yazımsal benzerlik orta seviyede bulundu. Şirket acronym'i EFT açıklamasında bulundu.
41913,CASHDEP/HAUS KHAS/CASH DE,cashdep haus khas cash de,5,Delta Export Incorporated,de,token_index,0.9,0.6,0.4139,1.0,0.0,0.5742,Low Risk,Aday şirket token index üzerinden bulundu. Yazımsal benzerlik orta seviyede bulundu. Şirket acronym'i EFT açıklamasında bulundu.
42208,CASHDEP/HAUS KHAS/CASH DE,cashdep haus khas cash de,5,Delta Export Incorporated,de,token_index,0.9,0.6,0.4139,1.0,0.0,0.5742,Low Risk,Aday şirket token index üzerinden bulundu. Yazımsal benzerlik orta seviyede bulundu. Şirket acronym'i EFT açıklamasında bulundu.
42201,CASHDEP/HAUS KHAS/CASH DE,cashdep haus khas cash de,5,Delta Export Incorporated,de,token_index,0.9,0.6,0.4139,1.0,0.0,0.5742,Low Risk,Aday şirket token index üzerinden bulundu. Yazımsal benzerlik orta seviyede bulundu. Şirket acronym'i EFT açıklamasında bulundu.
41849,CASHDEP/HAUS KHAS/CASH DE,cashdep haus khas cash de,5,Delta Export Incorporated,de,token_index,0.9,0.6,0.4139,1.0,0.0,0.5742,Low Risk,Aday şirket token index üzerinden bulundu. Yazımsal benzerlik orta seviyede bulundu. Şirket acronym'i EFT açıklamasında bulundu.
42132,CASHDEP/HAUS KHAS/CASH DE,cashdep haus khas cash de,5,Delta Export Incorporated,de,token_index,0.9,0.6,0.4139,1.0,0.0,0.5742,Low Risk,Aday şirket token index üzerinden bulundu. Yazımsal benzerlik orta seviyede bulundu. Şirket acronym'i EFT açıklamasında bulundu.
41832,CASHDEP/HAUS KHAS/CASH DE,cashdep haus khas cash de,5,Delta Export Incorporated,de,token_index,0.9,0.6,0.4139,1.0,0.0,0.5742,Low Risk,Aday şirket token index üzerinden bulundu. Yazımsal benzerlik orta seviyede bulundu. Şirket acronym'i EFT açıklamasında bulundu.
42176,CASHDEP/HAUS KHAS/CASH DE,cashdep haus khas cash de,5,Delta Export Incorporated,de,token_index,0.9,0.6,0.4139,1.0,0.0,0.5742,Low Risk,Aday şirket token index üzerinden bulundu. Yazımsal benzerlik orta seviyede bulundu. Şirket acronym'i EFT açıklamasında bulundu.
42135,CASHDEP/HAUS KHAS/CASH DE,cashdep haus khas cash de,5,Delta Export Incorporated,de,token_index,0.9,0.6,0.4139,1.0,0.0,0.5742,Low Risk,Aday şirket token index üzerinden bulundu. Yazımsal benzerlik orta seviyede bulundu. Şirket acronym'i EFT açıklamasında bulundu.
41772,CASHDEP/HAUS KHAS/CASH DE,cashdep haus khas cash de,5,Delta Export Incorporated,de,token_index,0.9,0.6,0.4139,1.0,0.0,0.5742,Low Risk,Aday şirket token index üzerinden bulundu. Yazımsal benzerlik orta seviyede bulundu. Şirket acronym'i EFT açıklamasında bulundu.
41766,CASHDEP/HAUS KHAS/CASH DE,cashdep haus khas cash de,5,Delta Export Incorporated,de,token_index,0.9,0.6,0.4139,1.0,0.0,0.5742,Low Risk,Aday şirket token index üzerinden bulundu. Yazımsal benzerlik orta seviyede bulundu. Şirket acronym'i EFT açıklamasında bulundu.
42097,CASHDEP/HAUS KHAS/CASH DE,cashdep haus khas cash de,5,Delta Export Incorporated,de,token_index,0.9,0.6,0.4139,1.0,0.0,0.5742,Low Risk,Aday şirket token index üzerinden bulundu. Yazımsal benzerlik orta seviyede bulundu. Şirket acronym'i EFT açıklamasında bulundu.
48967,CASHDEP/BOISAR/,cashdep boisar,5,Delta Export Incorporated,de,fuzzy_fallback,1.0,0.9,0.356,0.0,0.0,0.5568,Low Risk,Aday şirket fuzzy fallback ile bulundu. Yazımsal benzerlik yüksek bulundu.
49451,CASHDEP/BOISAR/,cashdep boisar,5,Delta Export Incorporated,de,fuzzy_fallback,1.0,0.9,0.356,0.0,0.0,0.5568,Low Risk,Aday şirket fuzzy fallback ile bulundu. Yazımsal benzerlik yüksek bulundu.
48932,CASHDEP/BOISAR/,cashdep boisar,5,Delta Export Incorporated,de,fuzzy_fallback,1.0,0.9,0.356,0.0,0.0,0.5568,Low Risk,Aday şirket fuzzy fallback ile bulundu. Yazımsal benzerlik yüksek bulundu.
48849,CASHDEP/BOISAR/,cashdep boisar,5,Delta Export Incorporated,de,fuzzy_fallback,1.0,0.9,0.356,0.0,0.0,0.5568,Low Risk,Aday şirket fuzzy fallback ile bulundu. Yazımsal benzerlik yüksek bulundu.
48791,CASHDEP/BOISAR/,cashdep boisar,5,Delta Export Incorporated,de,fuzzy_fallback,1.0,0.9,0.356,0.0,0.0,0.5568,Low Risk,Aday şirket fuzzy fallback ile bulundu. Yazımsal benzerlik yüksek bulundu.
48745,CASHDEP/BOISAR/,cashdep boisar,5,Delta Export Incorporated,de,fuzzy_fallback,1.0,0.9,0.356,0.0,0.0,0.5568,Low Risk,Aday şirket fuzzy fallback ile bulundu. Yazımsal benzerlik yüksek bulundu.
48607,CASHDEP/BOISAR/,cashdep boisar,5,Delta Export Incorporated,de,fuzzy_fallback,1.0,0.9,0.356,0.0,0.0,0.5568,Low Risk,Aday şirket fuzzy fallback ile bulundu. Yazımsal benzerlik yüksek bulundu.
48561,CASHDEP/BOISAR/,cashdep boisar,5,Delta Export Incorporated,de,fuzzy_fallback,1.0,0.9,0.356,0.0,0.0,0.5568,Low Risk,Aday şirket fuzzy fallback ile bulundu. Yazımsal benzerlik yüksek bulundu.
48530,CASHDEP/BOISAR/,cashdep boisar,5,Delta Export Incorporated,de,fuzzy_fallback,1.0,0.9,0.356,0.0,0.0,0.5568,Low Risk,Aday şirket fuzzy fallback ile bulundu. Yazımsal benzerlik yüksek bulundu.
48482,CASHDEP/BOISAR/,cashdep boisar,5,Delta Export Incorporated,de,fuzzy_fallback,1.0,0.9,0.356,0.0,0.0,0.5568,Low Risk,Aday şirket fuzzy fallback ile bulundu. Yazımsal benzerlik yüksek bulundu.
48450,CASHDEP/BOISAR/,cashdep boisar,5,Delta Export Incorporated,de,fuzzy_fallback,1.0,0.9,0.356,0.0,0.0,0.5568,Low Risk,Aday şirket fuzzy fallback ile bulundu. Yazımsal benzerlik yüksek bulundu.
48775,CASHDEP/BOISAR/,cashdep boisar,5,Delta Export Incorporated,de,fuzzy_fallback,1.0,0.9,0.356,0.0,0.0,0.5568,Low Risk,Aday şirket fuzzy fallback ile bulundu. Yazımsal benzerlik yüksek bulundu.
49778,CASHDEP/BOISAR/,cashdep boisar,5,Delta Export Incorporated,de,fuzzy_fallback,1.0,0.9,0.356,0.0,0.0,0.5568,Low Risk,Aday şirket fuzzy fallback ile bulundu. Yazımsal benzerlik yüksek bulundu.
48280,CASHDEP/BOISAR/,cashdep boisar,5,Delta Export Incorporated,de,fuzzy_fallback,1.0,0.9,0.356,0.0,0.0,0.5568,Low Risk,Aday şirket fuzzy fallback ile bulundu. Yazımsal benzerlik yüksek bulundu.
49880,CASHDEP/BOISAR/,cashdep boisar,5,Delta Export Incorporated,de,fuzzy_fallback,1.0,0.9,0.356,0.0,0.0,0.5568,Low Risk,Aday şirket fuzzy fallback ile bulundu. Yazımsal benzerlik yüksek bulundu.
49234,CASHDEP/BOISAR/,cashdep boisar,5,Delta Export Incorporated,de,fuzzy_fallback,1.0,0.9,0.356,0.0,0.0,0.5568,Low Risk,Aday şirket fuzzy fallback ile bulundu. Yazımsal benzerlik yüksek bulundu.
49208,CASHDEP/BOISAR/,cashdep boisar,5,Delta Export Incorporated,de,fuzzy_fallback,1.0,0.9,0.356,0.0,0.0,0.5568,Low Risk,Aday şirket fuzzy fallback ile bulundu. Yazımsal benzerlik yüksek bulundu.
49138,CASHDEP/BOISAR/,cashdep boisar,5,Delta Export Incorporated,de,fuzzy_fallback,1.0,0.9,0.356,0.0,0.0,0.5568,Low Risk,Aday şirket fuzzy fallback ile bulundu. Yazımsal benzerlik yüksek bulundu.
49101,CASHDEP/BOISAR/,cashdep boisar,5,Delta Export Incorporated,de,fuzzy_fallback,1.0,0.9,0.356,0.0,0.0,0.5568,Low Risk,Aday şirket fuzzy fallback ile bulundu. Yazımsal benzerlik yüksek bulundu.
49760,CASHDEP/BOISAR/,cashdep boisar,5,Delta Export Incorporated,de,fuzzy_fallback,1.0,0.9,0.356,0.0,0.0,0.5568,Low Risk,Aday şirket fuzzy fallback ile bulundu. Yazımsal benzerlik yüksek bulundu.
49338,CASHDEP/BOISAR/,cashdep boisar,5,Delta Export Incorporated,de,fuzzy_fallback,1.0,0.9,0.356,0.0,0.0,0.5568,Low Risk,Aday şirket fuzzy fallback ile bulundu. Yazımsal benzerlik yüksek bulundu.
49047,CASHDEP/BOISAR/,cashdep boisar,5,Delta Export Incorporated,de,fuzzy_fallback,1.0,0.9,0.356,0.0,0.0,0.5568,Low Risk,Aday şirket fuzzy fallback ile bulundu. Yazımsal benzerlik yüksek bulundu.
49346,CASHDEP/BOISAR/,cashdep boisar,5,Delta Export Incorporated,de,fuzzy_fallback,1.0,0.9,0.356,0.0,0.0,0.5568,Low Risk,Aday şirket fuzzy fallback ile bulundu. Yazımsal benzerlik yüksek bulundu.
49686,CASHDEP/BOISAR/,cashdep boisar,5,Delta Export Incorporated,de,fuzzy_fallback,1.0,0.9,0.356,0.0,0.0,0.5568,Low Risk,Aday şirket fuzzy fallback ile bulundu. Yazımsal benzerlik yüksek bulundu.
49623,CASHDEP/BOISAR/,cashdep boisar,5,Delta Export Incorporated,de,fuzzy_fallback,1.0,0.9,0.356,0.0,0.0,0.5568,Low Risk,Aday şirket fuzzy fallback ile bulundu. Yazımsal benzerlik yüksek bulundu.
49002,CASHDEP/BOISAR/,cashdep boisar,5,Delta Export Incorporated,de,fuzzy_fallback,1.0,0.9,0.356,0.0,0.0,0.5568,Low Risk,Aday şirket fuzzy fallback ile bulundu. Yazımsal benzerlik yüksek bulundu.
49396,CASHDEP/BOISAR/,cashdep boisar,5,Delta Export Incorporated,de,fuzzy_fallback,1.0,0.9,0.356,0.0,0.0,0.5568,Low Risk,Aday şirket fuzzy fallback ile bulundu. Yazımsal benzerlik yüksek bulundu.
48380,CASHDEP/BOISAR/,cashdep boisar,5,Delta Export Incorporated,de,fuzzy_fallback,1.0,0.9,0.356,0.0,0.0,0.5568,Low Risk,Aday şirket fuzzy fallback ile bulundu. Yazımsal benzerlik yüksek bulundu.
40029,CASHDEP/BOISAR/,cashdep boisar,5,Delta Export Incorporated,de,fuzzy_fallback,1.0,0.9,0.356,0.0,0.0,0.5568,Low Risk,Aday şirket fuzzy fallback ile bulundu. Yazımsal benzerlik yüksek bulundu.
48156,CASHDEP/BOISAR/,cashdep boisar,5,Delta Export Incorporated,de,fuzzy_fallback,1.0,0.9,0.356,0.0,0.0,0.5568,Low Risk,Aday şirket fuzzy fallback ile bulundu. Yazımsal benzerlik yüksek bulundu.
48128,CASHDEP/BOISAR/,cashdep boisar,5,Delta Export Incorporated,de,fuzzy_fallback,1.0,0.9,0.356,0.0,0.0,0.5568,Low Risk,Aday şirket fuzzy fallback ile bulundu. Yazımsal benzerlik yüksek bulundu.
40412,CASHDEP/BOISAR/,cashdep boisar,5,Delta Export Incorporated,de,fuzzy_fallback,1.0,0.9,0.356,0.0,0.0,0.5568,Low Risk,Aday şirket fuzzy fallback ile bulundu. Yazımsal benzerlik yüksek bulundu.
40592,CASHDEP/BOISAR/,cashdep boisar,5,Delta Export Incorporated,de,fuzzy_fallback,1.0,0.9,0.356,0.0,0.0,0.5568,Low Risk,Aday şirket fuzzy fallback ile bulundu. Yazımsal benzerlik yüksek bulundu.
40950,CASHDEP/BOISAR/,cashdep boisar,5,Delta Export Incorporated,de,fuzzy_fallback,1.0,0.9,0.356,0.0,0.0,0.5568,Low Risk,Aday şirket fuzzy fallback ile bulundu. Yazımsal benzerlik yüksek bulundu.
41160,CASHDEP/BOISAR/,cashdep boisar,5,Delta Export Incorporated,de,fuzzy_fallback,1.0,0.9,0.356,0.0,0.0,0.5568,Low Risk,Aday şirket fuzzy fallback ile bulundu. Yazımsal benzerlik yüksek bulundu.
41342,CASHDEP/BOISAR/,cashdep boisar,5,Delta Export Incorporated,de,fuzzy_fallback,1.0,0.9,0.356,0.0,0.0,0.5568,Low Risk,Aday şirket fuzzy fallback ile bulundu. Yazımsal benzerlik yüksek bulundu.
41573,CASHDEP/BOISAR/,cashdep boisar,5,Delta Export Incorporated,de,fuzzy_fallback,1.0,0.9,0.356,0.0,0.0,0.5568,Low Risk,Aday şirket fuzzy fallback ile bulundu. Yazımsal benzerlik yüksek bulundu.
41798,CASHDEP/BOISAR/,cashdep boisar,5,Delta Export Incorporated,de,fuzzy_fallback,1.0,0.9,0.356,0.0,0.0,0.5568,Low Risk,Aday şirket fuzzy fallback ile bulundu. Yazımsal benzerlik yüksek bulundu.
41909,CASHDEP/BOISAR/,cashdep boisar,5,Delta Export Incorporated,de,fuzzy_fallback,1.0,0.9,0.356,0.0,0.0,0.5568,Low Risk,Aday şirket fuzzy fallback ile bulundu. Yazımsal benzerlik yüksek bulundu.
41992,CASHDEP/BOISAR/,cashdep boisar,5,Delta Export Incorporated,de,fuzzy_fallback,1.0,0.9,0.356,0.0,0.0,0.5568,Low Risk,Aday şirket fuzzy fallback ile bulundu. Yazımsal benzerlik yüksek bulundu.
42126,CASHDEP/BOISAR/,cashdep boisar,5,Delta Export Incorporated,de,fuzzy_fallback,1.0,0.9,0.356,0.0,0.0,0.5568,Low Risk,Aday şirket fuzzy fallback ile bulundu. Yazımsal benzerlik yüksek bulundu.
42556,CASHDEP/BOISAR/,cashdep boisar,5,Delta Export Incorporated,de,fuzzy_fallback,1.0,0.9,0.356,0.0,0.0,0.5568,Low Risk,Aday şirket fuzzy fallback ile bulundu. Yazımsal benzerlik yüksek bulundu.
42723,CASHDEP/BOISAR/,cashdep boisar,5,Delta Export Incorporated,de,fuzzy_fallback,1.0,0.9,0.356,0.0,0.0,0.5568,Low Risk,Aday şirket fuzzy fallback ile bulundu. Yazımsal benzerlik yüksek bulundu.
42929,CASHDEP/BOISAR/,cashdep boisar,5,Delta Export Incorporated,de,fuzzy_fallback,1.0,0.9,0.356,0.0,0.0,0.5568,Low Risk,Aday şirket fuzzy fallback ile bulundu. Yazımsal benzerlik yüksek bulundu.
43083,CASHDEP/BOISAR/,cashdep boisar,5,Delta Export Incorporated,de,fuzzy_fallback,1.0,0.9,0.356,0.0,0.0,0.5568,Low Risk,Aday şirket fuzzy fallback ile bulundu. Yazımsal benzerlik yüksek bulundu.
43594,CASHDEP/BOISAR/,cashdep boisar,5,Delta Export Incorporated,de,fuzzy_fallback,1.0,0.9,0.356,0.0,0.0,0.5568,Low Risk,Aday şirket fuzzy fallback ile bulundu. Yazımsal benzerlik yüksek bulundu.
45775,CASHDEP/BOISAR/,cashdep boisar,5,Delta Export Incorporated,de,fuzzy_fallback,1.0,0.9,0.356,0.0,0.0,0.5568,Low Risk,Aday şirket fuzzy fallback ile bulundu. Yazımsal benzerlik yüksek bulundu.
46897,CASHDEP/BOISAR/,cashdep boisar,5,Delta Export Incorporated,de,fuzzy_fallback,1.0,0.9,0.356,0.0,0.0,0.5568,Low Risk,Aday şirket fuzzy fallback ile bulundu. Yazımsal benzerlik yüksek bulundu.
47180,CASHDEP/BOISAR/,cashdep boisar,5,Delta Export Incorporated,de,fuzzy_fallback,1.0,0.9,0.356,0.0,0.0,0.5568,Low Risk,Aday şirket fuzzy fallback ile bulundu. Yazımsal benzerlik yüksek bulundu.
47386,CASHDEP/BOISAR/,cashdep boisar,5,Delta Export Incorporated,de,fuzzy_fallback,1.0,0.9,0.356,0.0,0.0,0.5568,Low Risk,Aday şirket fuzzy fallback ile bulundu. Yazımsal benzerlik yüksek bulundu.
47712,CASHDEP/BOISAR/,cashdep boisar,5,Delta Export Incorporated,de,fuzzy_fallback,1.0,0.9,0.356,0.0,0.0,0.5568,Low Risk,Aday şirket fuzzy fallback ile bulundu. Yazımsal benzerlik yüksek bulundu.
47818,CASHDEP/BOISAR/,cashdep boisar,5,Delta Export Incorporated,de,fuzzy_fallback,1.0,0.9,0.356,0.0,0.0,0.5568,Low Risk,Aday şirket fuzzy fallback ile bulundu. Yazımsal benzerlik yüksek bulundu.
47870,CASHDEP/BOISAR/,cashdep boisar,5,Delta Export Incorporated,de,fuzzy_fallback,1.0,0.9,0.356,0.0,0.0,0.5568,Low Risk,Aday şirket fuzzy fallback ile bulundu. Yazımsal benzerlik yüksek bulundu.
47929,CASHDEP/BOISAR/,cashdep boisar,5,Delta Export Incorporated,de,fuzzy_fallback,1.0,0.9,0.356,0.0,0.0,0.5568,Low Risk,Aday şirket fuzzy fallback ile bulundu. Yazımsal benzerlik yüksek bulundu.
47981,CASHDEP/BOISAR/,cashdep boisar,5,Delta Export Incorporated,de,fuzzy_fallback,1.0,0.9,0.356,0.0,0.0,0.5568,Low Risk,Aday şirket fuzzy fallback ile bulundu. Yazımsal benzerlik yüksek bulundu.
48091,CASHDEP/BOISAR/,cashdep boisar,5,Delta Export Incorporated,de,fuzzy_fallback,1.0,0.9,0.356,0.0,0.0,0.5568,Low Risk,Aday şirket fuzzy fallback ile bulundu. Yazımsal benzerlik yüksek bulundu.
49917,CASHDEP/BOISAR/,cashdep boisar,5,Delta Export Incorporated,de,fuzzy_fallback,1.0,0.9,0.356,0.0,0.0,0.5568,Low Risk,Aday şirket fuzzy fallback ile bulundu. Yazımsal benzerlik yüksek bulundu.
59390,NEFT/000020601822/STAR CO,neft 000020601822 star company,2,North Star Trading Limited,north star trading,token_index,0.5,0.855,0.5109,0.0,0.5,0.6058,Low Risk,Aday şirket token index üzerinden bulundu. Yazımsal benzerlik yüksek bulundu. Şirket adıyla ortak önemli tokenlar bulundu.
51272,CASHDEP/BHI-RIICO/CASH DE,cashdep bhi riico cash de,5,Delta Export Incorporated,de,token_index,0.9,0.6,0.4341,1.0,0.0,0.5802,Low Risk,Aday şirket token index üzerinden bulundu. Yazımsal benzerlik orta seviyede bulundu. Şirket acronym'i EFT açıklamasında bulundu.
51501,CASHDEP/BHI-RIICO/CASH DE,cashdep bhi riico cash de,5,Delta Export Incorporated,de,token_index,0.9,0.6,0.4341,1.0,0.0,0.5802,Low Risk,Aday şirket token index üzerinden bulundu. Yazımsal benzerlik orta seviyede bulundu. Şirket acronym'i EFT açıklamasında bulundu.
51308,CASHDEP/BHI-RIICO/CASH DE,cashdep bhi riico cash de,5,Delta Export Incorporated,de,token_index,0.9,0.6,0.4341,1.0,0.0,0.5802,Low Risk,Aday şirket token index üzerinden bulundu. Yazımsal benzerlik orta seviyede bulundu. Şirket acronym'i EFT açıklamasında bulundu.
51373,CASHDEP/BHI-RIICO/CASH DE,cashdep bhi riico cash de,5,Delta Export Incorporated,de,token_index,0.9,0.6,0.4341,1.0,0.0,0.5802,Low Risk,Aday şirket token index üzerinden bulundu. Yazımsal benzerlik orta seviyede bulundu. Şirket acronym'i EFT açıklamasında bulundu.
51450,CASHDEP/BHI-RIICO/CASH DE,cashdep bhi riico cash de,5,Delta Export Incorporated,de,token_index,0.9,0.6,0.4341,1.0,0.0,0.5802,Low Risk,Aday şirket token index üzerinden bulundu. Yazımsal benzerlik orta seviyede bulundu. Şirket acronym'i EFT açıklamasında bulundu.
58847,CASHDEP/VIKASMARG/CASH DE,cashdep vikasmarg cash de,5,Delta Export Incorporated,de,token_index,0.9,0.6,0.4184,1.0,0.0,0.5755,Low Risk,Aday şirket token index üzerinden bulundu. Yazımsal benzerlik orta seviyede bulundu. Şirket acronym'i EFT açıklamasında bulundu.
58844,CASHDEP/VIKASMARG/CASH DE,cashdep vikasmarg cash de,5,Delta Export Incorporated,de,token_index,0.9,0.6,0.4184,1.0,0.0,0.5755,Low Risk,Aday şirket token index üzerinden bulundu. Yazımsal benzerlik orta seviyede bulundu. Şirket acronym'i EFT açıklamasında bulundu.
58840,CASHDEP/VIKASMARG/CASH DE,cashdep vikasmarg cash de,5,Delta Export Incorporated,de,token_index,0.9,0.6,0.4184,1.0,0.0,0.5755,Low Risk,Aday şirket token index üzerinden bulundu. Yazımsal benzerlik orta seviyede bulundu. Şirket acronym'i EFT açıklamasında bulundu.
58833,CASHDEP/VIKASMARG/CASH DE,cashdep vikasmarg cash de,5,Delta Export Incorporated,de,token_index,0.9,0.6,0.4184,1.0,0.0,0.5755,Low Risk,Aday şirket token index üzerinden bulundu. Yazımsal benzerlik orta seviyede bulundu. Şirket acronym'i EFT açıklamasında bulundu.
59520,CASHDEP/THANEWEST/CASH DE,cashdep thanewest cash de,5,Delta Export Incorporated,de,token_index,0.9,0.6,0.4042,1.0,0.0,0.5713,Low Risk,Aday şirket token index üzerinden bulundu. Yazımsal benzerlik orta seviyede bulundu. Şirket acronym'i EFT açıklamasında bulundu.
59476,CASHDEP/THANEWEST/CASH DE,cashdep thanewest cash de,5,Delta Export Incorporated,de,token_index,0.9,0.6,0.4042,1.0,0.0,0.5713,Low Risk,Aday şirket token index üzerinden bulundu. Yazımsal benzerlik orta seviyede bulundu. Şirket acronym'i EFT açıklamasında bulundu.
51261,CASHDEP/BOISAR/,cashdep boisar,5,Delta Export Incorporated,de,fuzzy_fallback,1.0,0.9,0.356,0.0,0.0,0.5568,Low Risk,Aday şirket fuzzy fallback ile bulundu. Yazımsal benzerlik yüksek bulundu.
51550,CASHDEP/BOISAR/,cashdep boisar,5,Delta Export Incorporated,de,fuzzy_fallback,1.0,0.9,0.356,0.0,0.0,0.5568,Low Risk,Aday şirket fuzzy fallback ile bulundu. Yazımsal benzerlik yüksek bulundu.
51521,CASHDEP/BOISAR/,cashdep boisar,5,Delta Export Incorporated,de,fuzzy_fallback,1.0,0.9,0.356,0.0,0.0,0.5568,Low Risk,Aday şirket fuzzy fallback ile bulundu. Yazımsal benzerlik yüksek bulundu.
51630,CASHDEP/BOISAR/,cashdep boisar,5,Delta Export Incorporated,de,fuzzy_fallback,1.0,0.9,0.356,0.0,0.0,0.5568,Low Risk,Aday şirket fuzzy fallback ile bulundu. Yazımsal benzerlik yüksek bulundu.
51484,CASHDEP/BOISAR/,cashdep boisar,5,Delta Export Incorporated,de,fuzzy_fallback,1.0,0.9,0.356,0.0,0.0,0.5568,Low Risk,Aday şirket fuzzy fallback ile bulundu. Yazımsal benzerlik yüksek bulundu.
56899,CASHDEP/BOISAR/,cashdep boisar,5,Delta Export Incorporated,de,fuzzy_fallback,1.0,0.9,0.356,0.0,0.0,0.5568,Low Risk,Aday şirket fuzzy fallback ile bulundu. Yazımsal benzerlik yüksek bulundu.
51449,CASHDEP/BOISAR/,cashdep boisar,5,Delta Export Incorporated,de,fuzzy_fallback,1.0,0.9,0.356,0.0,0.0,0.5568,Low Risk,Aday şirket fuzzy fallback ile bulundu. Yazımsal benzerlik yüksek bulundu.
56951,CASHDEP/BOISAR/,cashdep boisar,5,Delta Export Incorporated,de,fuzzy_fallback,1.0,0.9,0.356,0.0,0.0,0.5568,Low Risk,Aday şirket fuzzy fallback ile bulundu. Yazımsal benzerlik yüksek bulundu.
51372,CASHDEP/BOISAR/,cashdep boisar,5,Delta Export Incorporated,de,fuzzy_fallback,1.0,0.9,0.356,0.0,0.0,0.5568,Low Risk,Aday şirket fuzzy fallback ile bulundu. Yazımsal benzerlik yüksek bulundu.
51299,CASHDEP/BOISAR/,cashdep boisar,5,Delta Export Incorporated,de,fuzzy_fallback,1.0,0.9,0.356,0.0,0.0,0.5568,Low Risk,Aday şirket fuzzy fallback ile bulundu. Yazımsal benzerlik yüksek bulundu.
51583,CASHDEP/BOISAR/,cashdep boisar,5,Delta Export Incorporated,de,fuzzy_fallback,1.0,0.9,0.356,0.0,0.0,0.5568,Low Risk,Aday şirket fuzzy fallback ile bulundu. Yazımsal benzerlik yüksek bulundu.
50049,CASHDEP/BOISAR/,cashdep boisar,5,Delta Export Incorporated,de,fuzzy_fallback,1.0,0.9,0.356,0.0,0.0,0.5568,Low Risk,Aday şirket fuzzy fallback ile bulundu. Yazımsal benzerlik yüksek bulundu.
50131,CASHDEP/BOISAR/,cashdep boisar,5,Delta Export Incorporated,de,fuzzy_fallback,1.0,0.9,0.356,0.0,0.0,0.5568,Low Risk,Aday şirket fuzzy fallback ile bulundu. Yazımsal benzerlik yüksek bulundu.
50616,CASHDEP/BOISAR/,cashdep boisar,5,Delta Export Incorporated,de,fuzzy_fallback,1.0,0.9,0.356,0.0,0.0,0.5568,Low Risk,Aday şirket fuzzy fallback ile bulundu. Yazımsal benzerlik yüksek bulundu.
50160,CASHDEP/BOISAR/,cashdep boisar,5,Delta Export Incorporated,de,fuzzy_fallback,1.0,0.9,0.356,0.0,0.0,0.5568,Low Risk,Aday şirket fuzzy fallback ile bulundu. Yazımsal benzerlik yüksek bulundu.
50210,CASHDEP/BOISAR/,cashdep boisar,5,Delta Export Incorporated,de,fuzzy_fallback,1.0,0.9,0.356,0.0,0.0,0.5568,Low Risk,Aday şirket fuzzy fallback ile bulundu. Yazımsal benzerlik yüksek bulundu.
50239,CASHDEP/BOISAR/,cashdep boisar,5,Delta Export Incorporated,de,fuzzy_fallback,1.0,0.9,0.356,0.0,0.0,0.5568,Low Risk,Aday şirket fuzzy fallback ile bulundu. Yazımsal benzerlik yüksek bulundu.
50315,CASHDEP/BOISAR/,cashdep boisar,5,Delta Export Incorporated,de,fuzzy_fallback,1.0,0.9,0.356,0.0,0.0,0.5568,Low Risk,Aday şirket fuzzy fallback ile bulundu. Yazımsal benzerlik yüksek bulundu.
50368,CASHDEP/BOISAR/,cashdep boisar,5,Delta Export Incorporated,de,fuzzy_fallback,1.0,0.9,0.356,0.0,0.0,0.5568,Low Risk,Aday şirket fuzzy fallback ile bulundu. Yazımsal benzerlik yüksek bulundu.
50439,CASHDEP/BOISAR/,cashdep boisar,5,Delta Export Incorporated,de,fuzzy_fallback,1.0,0.9,0.356,0.0,0.0,0.5568,Low Risk,Aday şirket fuzzy fallback ile bulundu. Yazımsal benzerlik yüksek bulundu.
50468,CASHDEP/BOISAR/,cashdep boisar,5,Delta Export Incorporated,de,fuzzy_fallback,1.0,0.9,0.356,0.0,0.0,0.5568,Low Risk,Aday şirket fuzzy fallback ile bulundu. Yazımsal benzerlik yüksek bulundu.
50529,CASHDEP/BOISAR/,cashdep boisar,5,Delta Export Incorporated,de,fuzzy_fallback,1.0,0.9,0.356,0.0,0.0,0.5568,Low Risk,Aday şirket fuzzy fallback ile bulundu. Yazımsal benzerlik yüksek bulundu.
50567,CASHDEP/BOISAR/,cashdep boisar,5,Delta Export Incorporated,de,fuzzy_fallback,1.0,0.9,0.356,0.0,0.0,0.5568,Low Risk,Aday şirket fuzzy fallback ile bulundu. Yazımsal benzerlik yüksek bulundu.
50630,CASHDEP/BOISAR/,cashdep boisar,5,Delta Export Incorporated,de,fuzzy_fallback,1.0,0.9,0.356,0.0,0.0,0.5568,Low Risk,Aday şirket fuzzy fallback ile bulundu. Yazımsal benzerlik yüksek bulundu.
51201,CASHDEP/BOISAR/,cashdep boisar,5,Delta Export Incorporated,de,fuzzy_fallback,1.0,0.9,0.356,0.0,0.0,0.5568,Low Risk,Aday şirket fuzzy fallback ile bulundu. Yazımsal benzerlik yüksek bulundu.
50695,CASHDEP/BOISAR/,cashdep boisar,5,Delta Export Incorporated,de,fuzzy_fallback,1.0,0.9,0.356,0.0,0.0,0.5568,Low Risk,Aday şirket fuzzy fallback ile bulundu. Yazımsal benzerlik yüksek bulundu.
50722,CASHDEP/BOISAR/,cashdep boisar,5,Delta Export Incorporated,de,fuzzy_fallback,1.0,0.9,0.356,0.0,0.0,0.5568,Low Risk,Aday şirket fuzzy fallback ile bulundu. Yazımsal benzerlik yüksek bulundu.
50968,CASHDEP/BOISAR/,cashdep boisar,5,Delta Export Incorporated,de,fuzzy_fallback,1.0,0.9,0.356,0.0,0.0,0.5568,Low Risk,Aday şirket fuzzy fallback ile bulundu. Yazımsal benzerlik yüksek bulundu.
51010,CASHDEP/BOISAR/,cashdep boisar,5,Delta Export Incorporated,de,fuzzy_fallback,1.0,0.9,0.356,0.0,0.0,0.5568,Low Risk,Aday şirket fuzzy fallback ile bulundu. Yazımsal benzerlik yüksek bulundu.
51064,CASHDEP/BOISAR/,cashdep boisar,5,Delta Export Incorporated,de,fuzzy_fallback,1.0,0.9,0.356,0.0,0.0,0.5568,Low Risk,Aday şirket fuzzy fallback ile bulundu. Yazımsal benzerlik yüksek bulundu.
51086,CASHDEP/BOISAR/,cashdep boisar,5,Delta Export Incorporated,de,fuzzy_fallback,1.0,0.9,0.356,0.0,0.0,0.5568,Low Risk,Aday şirket fuzzy fallback ile bulundu. Yazımsal benzerlik yüksek bulundu.
51101,CASHDEP/BOISAR/,cashdep boisar,5,Delta Export Incorporated,de,fuzzy_fallback,1.0,0.9,0.356,0.0,0.0,0.5568,Low Risk,Aday şirket fuzzy fallback ile bulundu. Yazımsal benzerlik yüksek bulundu.
51146,CASHDEP/BOISAR/,cashdep boisar,5,Delta Export Incorporated,de,fuzzy_fallback,1.0,0.9,0.356,0.0,0.0,0.5568,Low Risk,Aday şirket fuzzy fallback ile bulundu. Yazımsal benzerlik yüksek bulundu.
51174,CASHDEP/BOISAR/,cashdep boisar,5,Delta Export Incorporated,de,fuzzy_fallback,1.0,0.9,0.356,0.0,0.0,0.5568,Low Risk,Aday şirket fuzzy fallback ile bulundu. Yazımsal benzerlik yüksek bulundu.
51237,CASHDEP/BOISAR/,cashdep boisar,5,Delta Export Incorporated,de,fuzzy_fallback,1.0,0.9,0.356,0.0,0.0,0.5568,Low Risk,Aday şirket fuzzy fallback ile bulundu. Yazımsal benzerlik yüksek bulundu.
62214,K K CESS DEC 16,k k cess dec 16,5,Delta Export Incorporated,de,fuzzy_fallback,1.0,0.9,0.4009,0.0,0.0,0.5703,Low Risk,Aday şirket fuzzy fallback ile bulundu. Yazımsal benzerlik yüksek bulundu.
62218,K K CESS DEC 16,k k cess dec 16,5,Delta Export Incorporated,de,fuzzy_fallback,1.0,0.9,0.4009,0.0,0.0,0.5703,Low Risk,Aday şirket fuzzy fallback ile bulundu. Yazımsal benzerlik yüksek bulundu.
62222,K K CESS DEC 16,k k cess dec 16,5,Delta Export Incorporated,de,fuzzy_fallback,1.0,0.9,0.4009,0.0,0.0,0.5703,Low Risk,Aday şirket fuzzy fallback ile bulundu. Yazımsal benzerlik yüksek bulundu.
62226,K K CESS DEC 16,k k cess dec 16,5,Delta Export Incorporated,de,fuzzy_fallback,1.0,0.9,0.4009,0.0,0.0,0.5703,Low Risk,Aday şirket fuzzy fallback ile bulundu. Yazımsal benzerlik yüksek bulundu.
62230,K K CESS DEC 16,k k cess dec 16,5,Delta Export Incorporated,de,fuzzy_fallback,1.0,0.9,0.4009,0.0,0.0,0.5703,Low Risk,Aday şirket fuzzy fallback ile bulundu. Yazımsal benzerlik yüksek bulundu.
62213,S B CESS DEC 16,s b cess dec 16,5,Delta Export Incorporated,de,fuzzy_fallback,1.0,0.9,0.3901,0.0,0.0,0.567,Low Risk,Aday şirket fuzzy fallback ile bulundu. Yazımsal benzerlik yüksek bulundu.
62217,S B CESS DEC 16,s b cess dec 16,5,Delta Export Incorporated,de,fuzzy_fallback,1.0,0.9,0.3901,0.0,0.0,0.567,Low Risk,Aday şirket fuzzy fallback ile bulundu. Yazımsal benzerlik yüksek bulundu.
62221,S B CESS DEC 16,s b cess dec 16,5,Delta Export Incorporated,de,fuzzy_fallback,1.0,0.9,0.3901,0.0,0.0,0.567,Low Risk,Aday şirket fuzzy fallback ile bulundu. Yazımsal benzerlik yüksek bulundu.
62225,S B CESS DEC 16,s b cess dec 16,5,Delta Export Incorporated,de,fuzzy_fallback,1.0,0.9,0.3901,0.0,0.0,0.567,Low Risk,Aday şirket fuzzy fallback ile bulundu. Yazımsal benzerlik yüksek bulundu.
62229,S B CESS DEC 16,s b cess dec 16,5,Delta Export Incorporated,de,fuzzy_fallback,1.0,0.9,0.3901,0.0,0.0,0.567,Low Risk,Aday şirket fuzzy fallback ile bulundu. Yazımsal benzerlik yüksek bulundu.
78825,CASHDEP/BOISAR/,cashdep boisar,5,Delta Export Incorporated,de,fuzzy_fallback,1.0,0.9,0.356,0.0,0.0,0.5568,Low Risk,Aday şirket fuzzy fallback ile bulundu. Yazımsal benzerlik yüksek bulundu.
79878,CASHDEP/BOISAR/,cashdep boisar,5,Delta Export Incorporated,de,fuzzy_fallback,1.0,0.9,0.356,0.0,0.0,0.5568,Low Risk,Aday şirket fuzzy fallback ile bulundu. Yazımsal benzerlik yüksek bulundu.
87503,NEFT/P15090117696579/SL -,neft p15090117696579 sl,4,Sunrise Logistics LLC,sl,token_index,0.9,0.6,0.5312,1.0,0.0,0.6094,Low Risk,Aday şirket token index üzerinden bulundu. Yazımsal benzerlik orta seviyede bulundu. Şirket acronym'i EFT açıklamasında bulundu.
80810,CASHDEP/BOISAR/,cashdep boisar,5,Delta Export Incorporated,de,fuzzy_fallback,1.0,0.9,0.356,0.0,0.0,0.5568,Low Risk,Aday şirket fuzzy fallback ile bulundu. Yazımsal benzerlik yüksek bulundu.
81068,CASHDEP/BOISAR/,cashdep boisar,5,Delta Export Incorporated,de,fuzzy_fallback,1.0,0.9,0.356,0.0,0.0,0.5568,Low Risk,Aday şirket fuzzy fallback ile bulundu. Yazımsal benzerlik yüksek bulundu.
82030,CASHDEP/BOISAR/,cashdep boisar,5,Delta Export Incorporated,de,fuzzy_fallback,1.0,0.9,0.356,0.0,0.0,0.5568,Low Risk,Aday şirket fuzzy fallback ile bulundu. Yazımsal benzerlik yüksek bulundu.
82753,CASHDEP/BOISAR/,cashdep boisar,5,Delta Export Incorporated,de,fuzzy_fallback,1.0,0.9,0.356,0.0,0.0,0.5568,Low Risk,Aday şirket fuzzy fallback ile bulundu. Yazımsal benzerlik yüksek bulundu.
83331,CASHDEP/BOISAR/,cashdep boisar,5,Delta Export Incorporated,de,fuzzy_fallback,1.0,0.9,0.356,0.0,0.0,0.5568,Low Risk,Aday şirket fuzzy fallback ile bulundu. Yazımsal benzerlik yüksek bulundu.
84045,CASHDEP/BOISAR/,cashdep boisar,5,Delta Export Incorporated,de,fuzzy_fallback,1.0,0.9,0.356,0.0,0.0,0.5568,Low Risk,Aday şirket fuzzy fallback ile bulundu. Yazımsal benzerlik yüksek bulundu.
84344,CASHDEP/BOISAR/,cashdep boisar,5,Delta Export Incorporated,de,fuzzy_fallback,1.0,0.9,0.356,0.0,0.0,0.5568,Low Risk,Aday şirket fuzzy fallback ile bulundu. Yazımsal benzerlik yüksek bulundu.
84480,CASHDEP/BOISAR/,cashdep boisar,5,Delta Export Incorporated,de,fuzzy_fallback,1.0,0.9,0.356,0.0,0.0,0.5568,Low Risk,Aday şirket fuzzy fallback ile bulundu. Yazımsal benzerlik yüksek bulundu.
84602,CASHDEP/BOISAR/,cashdep boisar,5,Delta Export Incorporated,de,fuzzy_fallback,1.0,0.9,0.356,0.0,0.0,0.5568,Low Risk,Aday şirket fuzzy fallback ile bulundu. Yazımsal benzerlik yüksek bulundu.
93848,NEFT/P16050209460575/SL -,neft p16050209460575 sl,4,Sunrise Logistics LLC,sl,token_index,0.9,0.6,0.4922,1.0,0.0,0.5977,Low Risk,Aday şirket token index üzerinden bulundu. Yazımsal benzerlik orta seviyede bulundu. Şirket acronym'i EFT açıklamasında bulundu.
102093,MANGAL PETRO,mangal petro,3,Global Energy Petroleum Corporation,global enrgy petro corporation,token_index,0.5,0.855,0.551,0.0,0.0,0.5928,Low Risk,Aday şirket token index üzerinden bulundu. Yazımsal benzerlik yüksek bulundu.
107681,NEFT/P17092184738859/SL -,neft p17092184738859 sl,4,Sunrise Logistics LLC,sl,token_index,0.9,0.6,0.5287,1.0,0.0,0.6086,Low Risk,Aday şirket token index üzerinden bulundu. Yazımsal benzerlik orta seviyede bulundu. Şirket acronym'i EFT açıklamasında bulundu.
106928,SND LIMITED,snd limited,1,ABC Trading Limited,abc trading ltd,fuzzy_fallback,0.8571,0.855,0.441,0.0,0.0,0.5598,Low Risk,Aday şirket fuzzy fallback ile bulundu. Yazımsal benzerlik yüksek bulundu.
109033,SND LIMITED,snd limited,1,ABC Trading Limited,abc trading ltd,fuzzy_fallback,0.8571,0.855,0.441,0.0,0.0,0.5598,Low Risk,Aday şirket fuzzy fallback ile bulundu. Yazımsal benzerlik yüksek bulundu.
110796,SND LIMITED,snd limited,1,ABC Trading Limited,abc trading ltd,fuzzy_fallback,0.8571,0.855,0.441,0.0,0.0,0.5598,Low Risk,Aday şirket fuzzy fallback ile bulundu. Yazımsal benzerlik yüksek bulundu.
112157,SND LIMITED,snd limited,1,ABC Trading Limited,abc trading ltd,fuzzy_fallback,0.8571,0.855,0.441,0.0,0.0,0.5598,Low Risk,Aday şirket fuzzy fallback ile bulundu. Yazımsal benzerlik yüksek bulundu.
103385,HAPPYDEAL18,happydeal18,5,Delta Export Incorporated,de,fuzzy_fallback,1.0,0.9,0.351,0.0,0.0,0.5553,Low Risk,Aday şirket fuzzy fallback ile bulundu. Yazımsal benzerlik yüksek bulundu.
103925,HAPPYDEAL18,happydeal18,5,Delta Export Incorporated,de,fuzzy_fallback,1.0,0.9,0.351,0.0,0.0,0.5553,Low Risk,Aday şirket fuzzy fallback ile bulundu. Yazımsal benzerlik yüksek bulundu.
104498,HAPPYDEAL18,happydeal18,5,Delta Export Incorporated,de,fuzzy_fallback,1.0,0.9,0.351,0.0,0.0,0.5553,Low Risk,Aday şirket fuzzy fallback ile bulundu. Yazımsal benzerlik yüksek bulundu.
104580,HAPPYDEAL18,happydeal18,5,Delta Export Incorporated,de,fuzzy_fallback,1.0,0.9,0.351,0.0,0.0,0.5553,Low Risk,Aday şirket fuzzy fallback ile bulundu. Yazımsal benzerlik yüksek bulundu.
105481,HAPPYDEAL18,happydeal18,5,Delta Export Incorporated,de,fuzzy_fallback,1.0,0.9,0.351,0.0,0.0,0.5553,Low Risk,Aday şirket fuzzy fallback ile bulundu. Yazımsal benzerlik yüksek bulundu.
105896,HAPPYDEAL18,happydeal18,5,Delta Export Incorporated,de,fuzzy_fallback,1.0,0.9,0.351,0.0,0.0,0.5553,Low Risk,Aday şirket fuzzy fallback ile bulundu. Yazımsal benzerlik yüksek bulundu.
105929,HAPPYDEAL18,happydeal18,5,Delta Export Incorporated,de,fuzzy_fallback,1.0,0.9,0.351,0.0,0.0,0.5553,Low Risk,Aday şirket fuzzy fallback ile bulundu. Yazımsal benzerlik yüksek bulundu.
111566,HAPPYDEAL18,happydeal18,5,Delta Export Incorporated,de,fuzzy_fallback,1.0,0.9,0.351,0.0,0.0,0.5553,Low Risk,Aday şirket fuzzy fallback ile bulundu. Yazımsal benzerlik yüksek bulundu.
